"","Mouse_ID","qPCR_Date","Tested_by","Machine","Measurements","Ct_mean_Ep","Ct_mean_ABI","Ct_mean","Oocyst_Predict","Crypto_Positive","ILWE_DNA_Content_ng.microliter","ILWE_used_up","Sex","Longitude","Latitude","Year","HI","mus_caught","Crypto_mus_caught","Infection_Rate","Address","Top_Location"
"1","AA_0048","6/18/2021","YVT-Tes","Eppendorf + Quantstudio1",2,0,0,0,0,FALSE,NA,NA,"F",13.6761,52.4978,2016,0.72,12,1,0.0833333333333333,NA,FALSE
"2","AA_0049","2016","YVT","Eppendorf",1,0,NA,0,0,FALSE,NA,NA,"M",13.6761,52.4978,2016,0.85,12,1,0.0833333333333333,NA,FALSE
"3","AA_0050","2016","YVT","Eppendorf",1,0,NA,0,0,FALSE,NA,NA,"M",13.6761,52.4978,2016,0.7,12,1,0.0833333333333333,NA,FALSE
"4","AA_0051","2016","YVT","Eppendorf",1,0,NA,0,0,FALSE,NA,NA,"F",13.9289,52.5028,2016,0.76,4,1,0.25,NA,FALSE
"5","AA_0052","2016","YVT","Eppendorf",1,0,NA,0,0,FALSE,NA,NA,"M",13.9289,52.5028,2016,0.5789474,4,1,0.25,NA,FALSE
"6","AA_0053","2016","YVT","Eppendorf",1,34.16,NA,34.16,385,TRUE,NA,NA,"F",13.9289,52.5028,2016,0.6086957,4,1,0.25,NA,FALSE
"7","AA_0054","2016","YVT","Eppendorf",1,0,NA,0,0,FALSE,NA,NA,"F",13.9289,52.5028,2016,0.7083333,4,1,0.25,NA,FALSE
"8","AA_0055","2016","YVT","Eppendorf",1,0,NA,0,0,FALSE,NA,NA,"M",13.3064,52.91,2016,0,3,1,0.333333333333333,NA,FALSE
"9","AA_0056","2016","YVT","Eppendorf",1,30.395,NA,30.395,4935,TRUE,NA,NA,"F",13.3064,52.91,2016,0.08,3,1,0.333333333333333,NA,FALSE
"10","AA_0057","2016","YVT","Eppendorf",1,0,NA,0,0,FALSE,NA,NA,"M",13.3064,52.91,2016,0,3,1,0.333333333333333,NA,FALSE
"11","AA_0058","2016","YVT","Eppendorf",1,0,NA,0,0,FALSE,NA,NA,"F",14.1158,52.8431,2016,0.9166666667,3,0,0,NA,FALSE
"12","AA_0059","6/18/2021","YVT-Tes","Eppendorf + Quantstudio1",2,0,0,0,0,FALSE,NA,NA,"M",14.1158,52.8431,2016,0.85,3,0,0,NA,FALSE
"13","AA_0060","2016","YVT","Eppendorf",1,0,NA,0,0,FALSE,NA,NA,"F",14.1158,52.8431,2016,0.84,3,0,0,NA,FALSE
"14","AA_0061","2016","YVT","Eppendorf",1,0,NA,0,0,FALSE,NA,NA,"M",13.5953,52.2742,2016,0,3,0,0,NA,FALSE
"15","AA_0062","2016","YVT","Eppendorf",1,0,NA,0,0,FALSE,NA,NA,"F",13.5953,52.2742,2016,0.04,3,0,0,NA,FALSE
"16","AA_0063","6/18/2021","YVT-Tes","Eppendorf + Quantstudio1",2,0,0,0,0,FALSE,NA,NA,"M",13.84,52.2678,2016,0.1,6,0,0,NA,FALSE
"17","AA_0065","2016","YVT","Eppendorf",1,0,NA,0,0,FALSE,NA,NA,"M",13.4642,52.4164,2016,0,2,0,0,NA,FALSE
"18","AA_0067","2016","YVT","Eppendorf",1,0,NA,0,0,FALSE,NA,NA,"M",13.4642,52.4164,2016,0.1,2,0,0,NA,FALSE
"19","AA_0071","2016","YVT","Eppendorf",1,0,NA,0,0,FALSE,NA,NA,"F",13.6,52.8425,2016,0.04,1,0,0,NA,FALSE
"20","AA_0072","2016","YVT","Eppendorf",1,0,NA,0,0,FALSE,NA,NA,"F",13.3047,52.9936,2016,0,21,3,0.142857142857143,"Mildenberger Str. 1, 16792 Zehdenick",TRUE
"21","AA_0073","2016","YVT","Eppendorf",1,0,NA,0,0,FALSE,NA,NA,"F",13.3047,52.9936,2016,0,21,3,0.142857142857143,"Mildenberger Str. 1, 16792 Zehdenick",TRUE
"22","AA_0074","2016","YVT","Eppendorf",1,0,NA,0,0,FALSE,NA,NA,"F",13.3047,52.9936,2016,0,21,3,0.142857142857143,"Mildenberger Str. 1, 16792 Zehdenick",TRUE
"23","AA_0075","6/18/2021","YVT-Tes","Eppendorf + Quantstudio1",2,0,0,0,0,FALSE,NA,NA,"F",13.3047,52.9936,2016,0,21,3,0.142857142857143,"Mildenberger Str. 1, 16792 Zehdenick",TRUE
"24","AA_0076","2016","YVT","Eppendorf",1,0,NA,0,0,FALSE,NA,NA,"M",13.7072,52.2422,2016,0.05,3,0,0,NA,FALSE
"25","AA_0077","6/18/2021","YVT-Tes","Eppendorf + Quantstudio1",2,0,0,0,0,FALSE,NA,NA,"F",13.5883,52.2156,2016,0,2,1,0.5,NA,FALSE
"26","AA_0078","2016","YVT","Eppendorf",1,29.85,NA,29.85,7138,TRUE,NA,NA,"F",13.5883,52.2156,2016,0,2,1,0.5,NA,FALSE
"27","AA_0079","2016","YVT","Eppendorf",1,0,NA,0,0,FALSE,NA,NA,"M",13.84,52.2678,2016,0.1,6,0,0,NA,FALSE
"28","AA_0081","2016","YVT","Eppendorf",1,0,NA,0,0,FALSE,NA,NA,"M",13.84,52.2678,2016,0.05,6,0,0,NA,FALSE
"29","AA_0082","2016","YVT","Eppendorf",1,0,NA,0,0,FALSE,NA,NA,"F",13.84,52.2678,2016,0,6,0,0,NA,FALSE
"30","AA_0083","2016","YVT","Eppendorf",1,0,NA,0,0,FALSE,NA,NA,"F",13.6761,52.4978,2016,0.9130434783,12,1,0.0833333333333333,NA,FALSE
"31","AA_0084","2016","YVT","Eppendorf",1,0,NA,0,0,FALSE,NA,NA,"M",13.6761,52.4978,2016,0.5,12,1,0.0833333333333333,NA,FALSE
"32","AA_0085","2016","YVT","Eppendorf",1,0,NA,0,0,FALSE,NA,NA,"F",13.6761,52.4978,2016,0.8,12,1,0.0833333333333333,NA,FALSE
"33","AA_0086","2016","YVT","Eppendorf",1,0,NA,0,0,FALSE,NA,NA,"M",13.6761,52.4978,2016,0.1666666667,12,1,0.0833333333333333,NA,FALSE
"34","AA_0087","4/18/2019","YVT","Eppendorf",1,0,NA,0,0,FALSE,NA,NA,"F",13.6761,52.4978,2016,0.7826086957,12,1,0.0833333333333333,NA,FALSE
"35","AA_0089","4/18/2019","YVT","Eppendorf",1,0,NA,0,0,FALSE,NA,NA,"F",13.84,52.2678,2016,0.04761905,6,0,0,NA,FALSE
"36","AA_0090","4/18/2019","YVT","Eppendorf",1,0,NA,0,0,FALSE,NA,NA,"M",13.7072,52.2422,2016,0.05882352941,3,0,0,NA,FALSE
"37","AA_0091","4/18/2019","YVT","Eppendorf",1,0,NA,0,0,FALSE,NA,NA,"F",13.5544,52.7881,2016,0,3,0,0,NA,FALSE
"38","AA_0092","4/18/2019","YVT","Eppendorf",1,0,NA,0,0,FALSE,NA,NA,"M",13.5544,52.7881,2016,0,3,0,0,NA,FALSE
"39","AA_0093","4/18/2019","YVT","Eppendorf",1,0,NA,0,0,FALSE,NA,NA,"M",13.3047,52.9936,2016,0.0625,21,3,0.142857142857143,"Mildenberger Str. 1, 16792 Zehdenick",TRUE
"40","AA_0094","4/18/2019","YVT","Eppendorf",1,0,NA,0,0,FALSE,NA,NA,"F",13.3047,52.9936,2016,0.04,21,3,0.142857142857143,"Mildenberger Str. 1, 16792 Zehdenick",TRUE
"41","AA_0095","4/18/2019","YVT","Eppendorf",1,0,NA,0,0,FALSE,NA,NA,"M",13.3047,52.9936,2016,0.05,21,3,0.142857142857143,"Mildenberger Str. 1, 16792 Zehdenick",TRUE
"42","AA_0096","4/18/2019","YVT","Eppendorf",1,0,NA,0,0,FALSE,NA,NA,"F",13.0439,51.93,2016,0,1,0,0,NA,FALSE
"43","AA_0097","4/18/2019","YVT","Eppendorf",1,0,NA,0,0,FALSE,NA,NA,"M",13.64,52.7169,2016,0.05555555556,2,0,0,NA,FALSE
"44","AA_0098","4/18/2019","YVT","Eppendorf",1,0,NA,0,0,FALSE,NA,NA,"M",13.64,52.7169,2016,0,2,0,0,NA,FALSE
"45","AA_0099","4/18/2019","YVT","Eppendorf",1,32.58,NA,32.58,1123,TRUE,NA,NA,"M",13.0819,52.0311,2016,0.2941176471,1,1,1,NA,FALSE
"46","AA_0101","4/18/2019","YVT","Eppendorf",1,29.7,NA,29.7,7901,TRUE,NA,NA,"M",13.4639,51.8625,2016,0,1,1,1,NA,FALSE
"47","AA_0102","4/18/2019","YVT","Eppendorf",1,0,NA,0,0,FALSE,NA,NA,"M",13.1953,51.9097,2016,0,1,0,0,NA,FALSE
"48","AA_0103","4/18/2019","YVT","Eppendorf",1,0,NA,0,0,FALSE,NA,NA,"F",13.7336,52.9783,2016,0.9130434783,12,3,0.25,"Zehdenicker Str. 8, 16247 Joachimsthal",TRUE
"49","AA_0104","4/18/2019","YVT","Eppendorf",1,0,NA,0,0,FALSE,NA,NA,"M",13.7336,52.9783,2016,0.9473684211,12,3,0.25,"Zehdenicker Str. 8, 16247 Joachimsthal",TRUE
"50","AA_0105","4/18/2019","YVT","Eppendorf",1,0,NA,0,0,FALSE,NA,NA,"F",13.7336,52.9783,2016,0.8695652174,12,3,0.25,"Zehdenicker Str. 8, 16247 Joachimsthal",TRUE
"51","AA_0106","6/18/2021","YVT-Tes","Eppendorf + Quantstudio1",2,25.785,31.31,28.54729681,17247,TRUE,NA,NA,"M",13.7336,52.9783,2016,0.8947368421,12,3,0.25,"Zehdenicker Str. 8, 16247 Joachimsthal",TRUE
"52","AA_0107","4/18/2019","YVT","Eppendorf",1,0,NA,0,0,FALSE,NA,NA,"F",13.7336,52.9783,2016,0.88,12,3,0.25,"Zehdenicker Str. 8, 16247 Joachimsthal",TRUE
"53","AA_0108","6/18/2021","YVT-Tes","Eppendorf + Quantstudio1",2,0,0,0,0,FALSE,NA,NA,"M",13.7336,52.9783,2016,0.8421052632,12,3,0.25,"Zehdenicker Str. 8, 16247 Joachimsthal",TRUE
"54","AA_0109","6/18/2021","YVT-Tes","Eppendorf + Quantstudio1",2,0,0,0,0,FALSE,NA,NA,"M",13.7336,52.9783,2016,0.9473684211,12,3,0.25,"Zehdenicker Str. 8, 16247 Joachimsthal",TRUE
"55","AA_0110","6/18/2021","YVT-Tes","Eppendorf + Quantstudio1",2,0,0,0,0,FALSE,NA,NA,"M",13.6761,52.4978,2016,0.5789473684,12,1,0.0833333333333333,NA,FALSE
"56","AA_0111","6/18/2021","YVT-Tes","Eppendorf + Quantstudio1",2,22.09,37.5111995,29.80059975,7380,TRUE,NA,NA,"F",13.895,52.9581,2016,0.8695652174,5,3,0.6,"Kirchstraße 1, 16247 Joachimsthal",TRUE
"57","AA_0112","6/18/2021","YVT-Tes","Eppendorf + Quantstudio1",2,0,0,0,0,FALSE,NA,NA,"M",13.895,52.9581,2016,0.8947368421,5,3,0.6,"Kirchstraße 1, 16247 Joachimsthal",TRUE
"58","AA_0113","4/18/2019","YVT","Eppendorf",1,0,NA,0,0,FALSE,NA,NA,"M",13.84,52.2678,2016,0.1578947,6,0,0,NA,FALSE
"59","AA_0114","6/18/2021","YVT-Tes","Eppendorf + Quantstudio1",2,0,0,0,0,FALSE,NA,NA,"F",13.895,52.9581,2016,0.7826086957,5,3,0.6,"Kirchstraße 1, 16247 Joachimsthal",TRUE
"60","AA_0115","4/18/2019","YVT","Eppendorf",1,0,NA,0,0,FALSE,NA,NA,"M",13.7336,52.9783,2016,0.9473684211,12,3,0.25,"Zehdenicker Str. 8, 16247 Joachimsthal",TRUE
"61","AA_0117","4/18/2019","YVT","Eppendorf",1,0,NA,0,0,FALSE,NA,NA,"F",13.7336,52.9783,2016,0.92,12,3,0.25,"Zehdenicker Str. 8, 16247 Joachimsthal",TRUE
"62","AA_0118","4/18/2019","YVT","Eppendorf",1,33.18,NA,33.18,748,TRUE,NA,NA,"F",13.7336,52.9783,2016,0.9130434783,12,3,0.25,"Zehdenicker Str. 8, 16247 Joachimsthal",TRUE
"63","AA_0119","4/18/2019","YVT","Eppendorf",1,29.78,NA,29.78,7484,TRUE,NA,NA,"F",13.7336,52.9783,2016,0.8695652174,12,3,0.25,"Zehdenicker Str. 8, 16247 Joachimsthal",TRUE
"64","AA_0120","6/18/2021","YVT-Tes","Eppendorf + Quantstudio1",2,24.965,35.36763722,30.16631861,5761,TRUE,NA,NA,"F",13.895,52.9581,2016,0.8695652174,5,3,0.6,"Kirchstraße 1, 16247 Joachimsthal",TRUE
"65","AA_0121","4/18/2019","YVT","Eppendorf",1,31.11,NA,31.11,3040,TRUE,NA,NA,"F",13.895,52.9581,2016,0.8888888889,5,3,0.6,"Kirchstraße 1, 16247 Joachimsthal",TRUE
"66","AA_0122","4/18/2019","YVT","Eppendorf",1,0,NA,0,0,FALSE,NA,NA,"F",13.7336,52.9783,2016,1,12,3,0.25,"Zehdenicker Str. 8, 16247 Joachimsthal",TRUE
"67","AA_0123","6/18/2021","YVT-Tes","Eppendorf + Quantstudio1",2,0,0,0,0,FALSE,NA,NA,"F",13.3047,52.9936,2016,0,21,3,0.142857142857143,"Mildenberger Str. 1, 16792 Zehdenick",TRUE
"68","AA_0124","4/18/2019","YVT","Eppendorf",1,0,NA,0,0,FALSE,NA,NA,"F",13.3047,52.9936,2016,0.04,21,3,0.142857142857143,"Mildenberger Str. 1, 16792 Zehdenick",TRUE
"69","AA_0125","4/18/2019","YVT","Eppendorf",1,0,NA,0,0,FALSE,NA,NA,"F",13.3047,52.9936,2016,0.04347826087,21,3,0.142857142857143,"Mildenberger Str. 1, 16792 Zehdenick",TRUE
"70","AA_0126","4/18/2019","YVT","Eppendorf",1,0,NA,0,0,FALSE,NA,NA,"F",13.7875,52.7544,2016,0.2105263,5,0,0,NA,FALSE
"71","AA_0127","4/18/2019","YVT","Eppendorf",1,0,NA,0,0,FALSE,NA,NA,"M",13.2567,53.0322,2016,0.05,4,0,0,NA,FALSE
"72","AA_0128","4/18/2019","YVT","Eppendorf",1,0,NA,0,0,FALSE,NA,NA,"M",13.1869,53.0386,2016,0,1,0,0,NA,FALSE
"73","AA_0129","4/18/2019","YVT","Eppendorf",1,0,NA,0,0,FALSE,NA,NA,"F",13.2567,53.0322,2016,0,4,0,0,NA,FALSE
"74","AA_0130","4/11/2019","YVT","Eppendorf",1,0,NA,0,0,FALSE,NA,NA,"F",13.5878,52.1583,2016,0,5,0,0,NA,FALSE
"75","AA_0131","4/11/2019","YVT","Eppendorf",1,0,NA,0,0,FALSE,NA,NA,"M",13.5878,52.1583,2016,0,5,0,0,NA,FALSE
"76","AA_0132","4/11/2019","YVT","Eppendorf",1,0,NA,0,0,FALSE,NA,NA,"M",13.5878,52.1583,2016,0,5,0,0,NA,FALSE
"77","AA_0133","4/11/2019","YVT","Eppendorf",1,0,NA,0,0,FALSE,NA,NA,"M",13.6086,52.1303,2016,0,1,0,0,NA,FALSE
"78","AA_0134","4/11/2019","YVT","Eppendorf",1,0,NA,0,0,FALSE,NA,NA,"F",13.5878,52.1583,2016,0,5,0,0,NA,FALSE
"79","AA_0135","4/11/2019","YVT","Eppendorf",1,0,NA,0,0,FALSE,NA,NA,"M",13.5878,52.1583,2016,0,5,0,0,NA,FALSE
"80","AA_0136","4/11/2019","YVT","Eppendorf",1,0,NA,0,0,FALSE,NA,NA,"M",13.7875,52.7544,2016,0.1,5,0,0,NA,FALSE
"81","AA_0137","4/11/2019","YVT","Eppendorf",1,0,NA,0,0,FALSE,NA,NA,"F",13.7875,52.7544,2016,0.1304348,5,0,0,NA,FALSE
"82","AA_0138","4/11/2019","YVT","Eppendorf",1,0,NA,0,0,FALSE,NA,NA,"F",14.1167,52.4206,2016,0.84,1,0,0,NA,FALSE
"83","AA_0141","4/11/2019","YVT","Eppendorf",1,0,NA,0,0,FALSE,NA,NA,"M",13.7731,53.1164,2016,0.875,2,0,0,NA,FALSE
"84","AA_0142","4/11/2019","YVT","Eppendorf",1,0,NA,0,0,FALSE,NA,NA,"F",13.7731,53.1164,2016,0.7826087,2,0,0,NA,FALSE
"85","AA_0143","4/11/2019","YVT","Eppendorf",1,0,NA,0,0,FALSE,NA,NA,"M",13.5544,52.7881,2016,0,3,0,0,NA,FALSE
"86","AA_0144","6/18/2021","YVT-Tes","Eppendorf + Quantstudio1",2,27.26,26.5,26.88,53344,TRUE,NA,NA,"F",14.0828,52.7,2016,0.8695652174,1,1,1,NA,FALSE
"87","AA_0145","4/11/2019","YVT","Eppendorf",1,0,NA,0,0,FALSE,NA,NA,"F",14.0589,52.6703,2016,0.92,1,0,0,NA,FALSE
"88","AA_0146","4/11/2019","YVT","Eppendorf",1,0,NA,0,0,FALSE,NA,NA,"M",13.81,51.8978,2016,0.2,13,0,0,NA,FALSE
"89","AA_0147","4/11/2019","YVT","Eppendorf",1,0,NA,0,0,FALSE,NA,NA,"F",13.7875,51.8853,2016,0.1739130435,5,0,0,NA,FALSE
"90","AA_0148","4/11/2019","YVT","Eppendorf",1,0,NA,0,0,FALSE,NA,NA,"M",13.81,51.8978,2016,0.05,13,0,0,NA,FALSE
"91","AA_0149","4/11/2019","YVT","Eppendorf",1,0,NA,0,0,FALSE,NA,NA,"F",13.7875,51.8853,2016,0.24,5,0,0,NA,FALSE
"92","AA_0150","4/11/2019","YVT","Eppendorf",1,0,NA,0,0,FALSE,NA,NA,"M",13.81,51.8978,2016,0.25,13,0,0,NA,FALSE
"93","AA_0151","4/11/2019","YVT","Eppendorf",1,0,NA,0,0,FALSE,NA,NA,"F",13.81,51.8978,2016,0.12,13,0,0,NA,FALSE
"94","AA_0152","4/11/2019","YVT","Eppendorf",1,0,NA,0,0,FALSE,NA,NA,"M",13.81,51.8978,2016,0.1052631579,13,0,0,NA,FALSE
"95","AA_0153","4/11/2019","YVT","Eppendorf",1,0,NA,0,0,FALSE,NA,NA,"F",13.81,51.8978,2016,0.16,13,0,0,NA,FALSE
"96","AA_0154","4/11/2019","YVT","Eppendorf",1,0,NA,0,0,FALSE,NA,NA,"M",13.81,51.8978,2016,0.25,13,0,0,NA,FALSE
"97","AA_0155","4/11/2019","YVT","Eppendorf",1,0,NA,0,0,FALSE,NA,NA,"F",13.81,51.8978,2016,0.16,13,0,0,NA,FALSE
"98","AA_0156","4/11/2019","YVT","Eppendorf",1,0,NA,0,0,FALSE,NA,NA,"F",13.81,51.8978,2016,0.12,13,0,0,NA,FALSE
"99","AA_0157","4/11/2019","YVT","Eppendorf",1,0,NA,0,0,FALSE,NA,NA,"M",13.81,51.8978,2016,0.1578947368,13,0,0,NA,FALSE
"100","AA_0158","4/11/2019","YVT","Eppendorf",1,0,NA,0,0,FALSE,NA,NA,"F",13.81,51.8978,2016,0.2,13,0,0,NA,FALSE
"101","AA_0159","6/18/2021","YVT-Tes","Eppendorf + Quantstudio1",2,0,0,0,0,FALSE,NA,NA,"F",13.81,51.8978,2016,0.12,13,0,0,NA,FALSE
"102","AA_0160","4/11/2019","YVT","Eppendorf",1,0,NA,0,0,FALSE,NA,NA,"F",13.81,51.8978,2016,0.16,13,0,0,NA,FALSE
"103","AA_0173","6/18/2021","YVT-Tes","Eppendorf + Quantstudio1",2,36.76,38.17545677,37.46772839,41,TRUE,NA,NA,"M",14.0358,53.02,2016,0.9,2,1,0.5,NA,FALSE
"104","AA_0177","4/16/2019","YVT","Eppendorf",1,0,NA,0,0,FALSE,NA,NA,"M",13.8433,53.1267,2016,0.7142857143,1,0,0,NA,FALSE
"105","AA_0178","4/16/2019","YVT","Eppendorf",1,0,NA,0,0,FALSE,NA,NA,"F",13.7542,53.1314,2016,0.84,2,0,0,NA,FALSE
"106","AA_0179","6/18/2021","YVT-Tes","Eppendorf + Quantstudio1",2,0,0,0,0,FALSE,NA,NA,"M",13.7542,53.1314,2016,0.9,2,0,0,NA,FALSE
"107","AA_0180","4/16/2019","YVT","Eppendorf",1,0,NA,0,0,FALSE,NA,NA,"F",13.2144,53.1514,2016,0.8,20,0,0,NA,FALSE
"108","AA_0181","6/18/2021","YVT-Tes","Eppendorf + Quantstudio1",2,0,0,0,0,FALSE,NA,NA,"M",13.2144,53.1514,2016,0.65,20,0,0,NA,FALSE
"109","AA_0182","4/16/2019","YVT","Eppendorf",1,0,NA,0,0,FALSE,NA,NA,"F",13.1725,53.0503,2016,0.04,1,0,0,NA,FALSE
"110","AA_0183","4/16/2019","YVT","Eppendorf",1,0,NA,0,0,FALSE,NA,NA,"M",13.2144,53.1514,2016,0.75,20,0,0,NA,FALSE
"111","AA_0184","4/16/2019","YVT","Eppendorf",1,0,NA,0,0,FALSE,NA,NA,"F",13.2144,53.1514,2016,0.84,20,0,0,NA,FALSE
"112","AA_0185","6/18/2021","YVT-Tes","Eppendorf + Quantstudio1",2,0,0,0,0,FALSE,NA,NA,"M",14.0356,53.0203,2016,0.85,5,0,0,NA,FALSE
"113","AA_0186","4/16/2019","YVT","Eppendorf",1,0,NA,0,0,FALSE,NA,NA,"F",14.0356,53.0203,2016,0.75,5,0,0,NA,FALSE
"114","AA_0187","4/16/2019","YVT","Eppendorf",1,0,NA,0,0,FALSE,NA,NA,"M",14.0356,53.0203,2016,0.85,5,0,0,NA,FALSE
"115","AA_0188","4/16/2019","YVT","Eppendorf",1,0,NA,0,0,FALSE,NA,NA,"F",14.0356,53.0203,2016,0.72,5,0,0,NA,FALSE
"116","AA_0189","4/16/2019","YVT","Eppendorf",1,0,NA,0,0,FALSE,NA,NA,"M",14.0356,53.0203,2016,0.8,5,0,0,NA,FALSE
"117","AA_0191","4/16/2019","YVT","Eppendorf",1,0,NA,0,0,FALSE,NA,NA,"M",14.0358,53.02,2016,0.8,2,1,0.5,NA,FALSE
"118","AA_0192","4/16/2019","YVT","Eppendorf",1,0,NA,0,0,FALSE,NA,NA,"F",14.1267,52.7347,2016,0.88,7,1,0.142857142857143,NA,FALSE
"119","AA_0193","4/16/2019","YVT","Eppendorf",1,0,NA,0,0,FALSE,NA,NA,"F",14.1267,52.7347,2016,0.88,7,1,0.142857142857143,NA,FALSE
"120","AA_0194","4/16/2019","YVT","Eppendorf",1,0,NA,0,0,FALSE,NA,NA,"M",14.1267,52.7347,2016,0.9473684,7,1,0.142857142857143,NA,FALSE
"121","AA_0195","4/16/2019","YVT","Eppendorf",1,0,NA,0,0,FALSE,NA,NA,"F",14.1267,52.7347,2016,0.88,7,1,0.142857142857143,NA,FALSE
"122","AA_0196","4/16/2019","YVT","Eppendorf",1,0,NA,0,0,FALSE,NA,NA,"M",13.1633,53.2397,2016,0.9,6,0,0,NA,FALSE
"123","AA_0197","4/16/2019","YVT","Eppendorf",1,0,NA,0,0,FALSE,NA,NA,"F",14.1267,52.7347,2016,0.88,7,1,0.142857142857143,NA,FALSE
"124","AA_0198","4/16/2019","YVT","Eppendorf",1,0,NA,0,0,FALSE,NA,NA,"M",13.4497,53.0947,2016,0.7894736842,1,0,0,NA,FALSE
"125","AA_0199","4/16/2019","YVT","Eppendorf",1,0,NA,0,0,FALSE,NA,NA,"F",13.1633,53.2397,2016,0.84,6,0,0,NA,FALSE
"126","AA_0200","4/16/2019","YVT","Eppendorf",1,0,NA,0,0,FALSE,NA,NA,"M",13.1633,53.2397,2016,0.85,6,0,0,NA,FALSE
"127","AA_0201","4/16/2019","YVT","Eppendorf",1,0,NA,0,0,FALSE,NA,NA,"F",13.1633,53.2397,2016,0.96,6,0,0,NA,FALSE
"128","AA_0202","4/16/2019","YVT","Eppendorf",1,0,NA,0,0,FALSE,NA,NA,"M",13.1633,53.2397,2016,0.95,6,0,0,NA,FALSE
"129","AA_0203","4/16/2019","YVT","Eppendorf + Eppendorf",2,0,NA,0,0,FALSE,NA,NA,"F",13.4464,53.0481,2016,0.72,3,0,0,NA,FALSE
"130","AA_0205","2016","YVT","Eppendorf",1,0,NA,0,0,FALSE,NA,NA,"F",13.4464,53.0481,2016,0.64,3,0,0,NA,FALSE
"131","AA_0206","2016","YVT","Eppendorf",1,0,NA,0,0,FALSE,NA,NA,"M",13.1633,53.2397,2016,0.85,6,0,0,NA,FALSE
"132","AA_0207","2016","YVT","Eppendorf",1,0,NA,0,0,FALSE,NA,NA,"F",14.0672,52.4019,2016,0.64,3,1,0.333333333333333,NA,FALSE
"133","AA_0208","2016","YVT","Eppendorf",1,0,NA,0,0,FALSE,NA,NA,"F",13.4464,53.0481,2016,0.76,3,0,0,NA,FALSE
"134","AA_0209","2016","YVT","Eppendorf",1,28.47,NA,28.47,18174,TRUE,NA,NA,"F",14.0672,52.4019,2016,0.7391304348,3,1,0.333333333333333,NA,FALSE
"135","AA_0210","2016","YVT","Eppendorf",1,0,NA,0,0,FALSE,NA,NA,"F",14.3217,52.6506,2016,0.7142857143,4,0,0,NA,FALSE
"136","AA_0211","2017","YVT","Eppendorf",1,0,NA,0,0,FALSE,NA,NA,"F",14.1267,52.7347,2016,0.8235294,7,1,0.142857142857143,NA,FALSE
"137","AA_0237","2017","YVT","Eppendorf",1,0,NA,0,0,FALSE,NA,NA,"F",13.6664,52.7339,2017,0,1,0,0,NA,FALSE
"138","AA_0238","2017","YVT","Eppendorf",1,0,NA,0,0,FALSE,NA,NA,"F",13.7897,52.5861,2017,0.12,2,0,0,NA,FALSE
"139","AA_0239","2017","YVT","Eppendorf",1,0,NA,0,0,FALSE,NA,NA,"M",13.7897,52.5861,2017,0.2,2,0,0,NA,FALSE
"140","AA_0240","2017","YVT","Eppendorf",1,0,NA,0,0,FALSE,NA,NA,"F",13.7881,52.5844,2017,0.24,1,0,0,NA,FALSE
"141","AA_0241","2017","YVT","Eppendorf",1,0,NA,0,0,FALSE,NA,NA,"F",14.0103,52.6242,2017,0.84,1,0,0,NA,FALSE
"142","AA_0243","2017","YVT","Eppendorf",1,0,NA,0,0,FALSE,NA,NA,"M",13.8119,52.8875,2017,0.85,1,0,0,NA,FALSE
"143","AA_0244","2017","YVT","Eppendorf",1,0,NA,0,0,FALSE,NA,NA,"F",13.5994,52.2458,2017,0.08333333333,4,0,0,NA,FALSE
"144","AA_0246","2017","YVT","Eppendorf",1,0,NA,0,0,FALSE,NA,NA,"F",13.6025,52.2225,2017,0.16,11,2,0.181818181818182,NA,FALSE
"145","AA_0247","2017","YVT","Eppendorf",1,0,NA,0,0,FALSE,NA,NA,"M",13.6025,52.2225,2017,0,11,2,0.181818181818182,NA,FALSE
"146","AA_0248","2017","YVT","Eppendorf",1,0,NA,0,0,FALSE,NA,NA,"F",13.6025,52.2225,2017,0,11,2,0.181818181818182,NA,FALSE
"147","AA_0249","2017","YVT","Eppendorf",1,0,NA,0,0,FALSE,NA,NA,"M",13.6025,52.2225,2017,0,11,2,0.181818181818182,NA,FALSE
"148","AA_0250","2017","YVT","Eppendorf",1,30.79,NA,30.79,3776,TRUE,NA,NA,"M",13.6025,52.2225,2017,0,11,2,0.181818181818182,NA,FALSE
"149","AA_0251","2017","YVT","Eppendorf",1,0,NA,0,0,FALSE,NA,NA,"F",13.6025,52.2225,2017,0,11,2,0.181818181818182,NA,FALSE
"150","AA_0252","2017","YVT","Eppendorf",1,0,NA,0,0,FALSE,NA,NA,"M",13.6025,52.2225,2017,0.05,11,2,0.181818181818182,NA,FALSE
"151","AA_0255","2017","YVT","Eppendorf",1,0,NA,0,0,FALSE,NA,NA,"M",13.5994,52.2458,2017,0,4,0,0,NA,FALSE
"152","AA_0256","2017","YVT","Eppendorf",1,30.28,NA,30.28,5334,TRUE,NA,NA,"F",13.6025,52.2225,2017,0.16,11,2,0.181818181818182,NA,FALSE
"153","AA_0257","2017","YVT","Eppendorf",1,0,NA,0,0,FALSE,NA,NA,"M",13.6025,52.2225,2017,0,11,2,0.181818181818182,NA,FALSE
"154","AA_0258","2017","YVT","Eppendorf",1,0,NA,0,0,FALSE,NA,NA,"F",13.5953,52.2742,2017,0.16,3,0,0,NA,FALSE
"155","AA_0259","2017","YVT","Eppendorf",1,0,NA,0,0,FALSE,NA,NA,"F",13.6025,52.2225,2017,0.08333333333,11,2,0.181818181818182,NA,FALSE
"156","AA_0260","2017","YVT","Eppendorf",1,0,NA,0,0,FALSE,NA,NA,"F",13.6025,52.2225,2017,0,11,2,0.181818181818182,NA,FALSE
"157","AA_0261","2017","YVT","Eppendorf",1,0,NA,0,0,FALSE,NA,NA,"M",13.5994,52.2458,2017,0,4,0,0,NA,FALSE
"158","AA_0263","2017","YVT","Eppendorf",1,0,NA,0,0,FALSE,NA,NA,"F",13.5994,52.2458,2017,0,4,0,0,NA,FALSE
"159","AA_0264","2017","YVT","Eppendorf",1,0,NA,0,0,FALSE,NA,NA,"M",13.7581,52.3989,2017,0.2222222222,1,0,0,NA,FALSE
"160","AA_0265","2017","YVT","Eppendorf",1,0,NA,0,0,FALSE,NA,NA,"M",13.7608,52.385,2017,0.1,1,0,0,NA,FALSE
"161","AA_0266","2017","YVT","Eppendorf",1,32.81,NA,32.81,961,TRUE,NA,NA,"F",14.0503,52.6792,2016,0.9565217391,1,1,1,NA,FALSE
"162","AA_0268","2017","YVT","Eppendorf",1,0,NA,0,0,FALSE,NA,NA,"M",13.7072,52.2422,2017,0.15,3,0,0,NA,FALSE
"163","AA_0269","2017","YVT","Eppendorf",1,32.03,NA,32.03,1630,TRUE,NA,NA,"M",13.8756,52.6053,2017,0.7142857143,9,1,0.111111111111111,NA,FALSE
"164","AA_0270","2017","YVT","Eppendorf",1,0,NA,0,0,FALSE,NA,NA,"F",13.8756,52.6053,2017,0.5,9,1,0.111111111111111,NA,FALSE
"165","AA_0271","2017","YVT","Eppendorf",1,0,NA,0,0,FALSE,NA,NA,"F",13.5353,52.8969,2017,0.7142857143,14,6,0.428571428571429,"Berliner Str. 28, 16244 Schorfheide",TRUE
"166","AA_0272","2017","YVT","Eppendorf",1,34.58,NA,34.58,290,TRUE,NA,NA,"M",13.5353,52.8969,2017,0.3636363636,14,6,0.428571428571429,"Berliner Str. 28, 16244 Schorfheide",TRUE
"167","AA_0273","2017","YVT","Eppendorf",1,0,NA,0,0,FALSE,NA,NA,"M",13.5353,52.8969,2017,0.2777777778,14,6,0.428571428571429,"Berliner Str. 28, 16244 Schorfheide",TRUE
"168","AA_0274","2017","YVT","Eppendorf",1,0,NA,0,0,FALSE,NA,NA,"F",13.8756,52.6053,2017,0.7647058824,9,1,0.111111111111111,NA,FALSE
"169","AA_0275","2017","YVT","Eppendorf",1,0,NA,0,0,FALSE,NA,NA,"F",13.8756,52.6053,2017,0.7142857143,9,1,0.111111111111111,NA,FALSE
"170","AA_0276","2017","YVT","Eppendorf",1,0,NA,0,0,FALSE,NA,NA,"M",13.5353,52.8969,2017,0.3333333333,14,6,0.428571428571429,"Berliner Str. 28, 16244 Schorfheide",TRUE
"171","AA_0277","2017","YVT","Eppendorf",1,0,NA,0,0,FALSE,NA,NA,"M",13.5353,52.8969,2017,0.2,14,6,0.428571428571429,"Berliner Str. 28, 16244 Schorfheide",TRUE
"172","AA_0278","2017","YVT","Eppendorf",1,0,NA,0,0,FALSE,NA,NA,"F",13.5353,52.8969,2017,0.2,14,6,0.428571428571429,"Berliner Str. 28, 16244 Schorfheide",TRUE
"173","AA_0279","2017","YVT","Eppendorf",1,0,NA,0,0,FALSE,NA,NA,"M",13.8756,52.6053,2017,1,9,1,0.111111111111111,NA,FALSE
"174","AA_0280","2017","YVT","Eppendorf",1,0,NA,0,0,FALSE,NA,NA,"F",13.8756,52.6053,2017,0.6,9,1,0.111111111111111,NA,FALSE
"175","AA_0281","2017","YVT","Eppendorf",1,0,NA,0,0,FALSE,NA,NA,"M",13.5353,52.8969,2017,0.2,14,6,0.428571428571429,"Berliner Str. 28, 16244 Schorfheide",TRUE
"176","AA_0282","2017","YVT","Eppendorf",1,28.8,NA,28.8,14534,TRUE,NA,NA,"M",13.5353,52.8969,2017,0.1333333333,14,6,0.428571428571429,"Berliner Str. 28, 16244 Schorfheide",TRUE
"177","AA_0283","6/18/2021","YVT-Tes","Eppendorf + Quantstudio1",2,27.82,34.86,31.34,2602,TRUE,NA,NA,"F",13.5353,52.8969,2017,0.07142857143,14,6,0.428571428571429,"Berliner Str. 28, 16244 Schorfheide",TRUE
"178","AA_0284","2017","YVT","Eppendorf",1,36.01,NA,36.01,110,TRUE,NA,NA,"F",13.5353,52.8969,2017,0.2727272727,14,6,0.428571428571429,"Berliner Str. 28, 16244 Schorfheide",TRUE
"179","AA_0285","2017","YVT","Eppendorf",1,33.74,NA,33.74,512,TRUE,NA,NA,"M",13.5353,52.8969,2017,0.1764705882,14,6,0.428571428571429,"Berliner Str. 28, 16244 Schorfheide",TRUE
"180","AA_0286","2017","YVT","Eppendorf",1,29.45,NA,29.45,9358,TRUE,NA,NA,"F",13.7772,52.3744,2017,0.04,1,1,1,NA,FALSE
"181","AA_0288","2017","YVT","Eppendorf",1,0,NA,0,0,FALSE,NA,NA,"M",13.8756,52.6053,2017,0.8125,9,1,0.111111111111111,NA,FALSE
"182","AA_0289","2017","YVT","Eppendorf",1,0,NA,0,0,FALSE,NA,NA,"M",13.8756,52.6053,2017,0.9473684211,9,1,0.111111111111111,NA,FALSE
"183","AA_0290","5/9/2019","YVT","Eppendorf + Eppendorf",2,0,NA,0,0,FALSE,NA,NA,"F",13.8756,52.6053,2017,0.8695652174,9,1,0.111111111111111,NA,FALSE
"184","AA_0291","5/9/2019","YVT","Eppendorf + Eppendorf",2,31.01,NA,31.01,3254,TRUE,NA,NA,"F",13.5353,52.8969,2017,0.16,14,6,0.428571428571429,"Berliner Str. 28, 16244 Schorfheide",TRUE
"185","AA_0292","5/9/2019","YVT","Eppendorf",1,0,NA,0,0,FALSE,NA,NA,"F",13.5353,52.8969,2017,0.12,14,6,0.428571428571429,"Berliner Str. 28, 16244 Schorfheide",TRUE
"186","AA_0295","5/9/2019","YVT","Eppendorf",1,0,NA,0,0,FALSE,NA,NA,"M",14.1161,52.7914,2017,0.9,5,2,0.4,NA,FALSE
"187","AA_0296","5/9/2019","YVT","Eppendorf",1,0,NA,0,0,FALSE,NA,NA,"M",14.0953,52.7383,2017,0.95,7,2,0.285714285714286,NA,FALSE
"188","AA_0297","5/9/2019","YVT","Eppendorf",1,0,NA,0,0,FALSE,NA,NA,"F",14.1161,52.7914,2017,0.8,5,2,0.4,NA,FALSE
"189","AA_0298","5/9/2019","YVT","Eppendorf",1,0,NA,0,0,FALSE,NA,NA,"F",14.0953,52.7383,2017,0.76,7,2,0.285714285714286,NA,FALSE
"190","AA_0299","5/9/2019","YVT","Eppendorf",1,0,NA,0,0,FALSE,NA,NA,"M",14.0953,52.7383,2017,0.8947368421,7,2,0.285714285714286,NA,FALSE
"191","AA_0300","5/9/2019","YVT","Eppendorf",1,0,NA,0,0,FALSE,NA,NA,"F",14.1161,52.7914,2017,0.88,5,2,0.4,NA,FALSE
"192","AA_0301","5/9/2019","YVT","Eppendorf",1,0,NA,0,0,FALSE,NA,NA,"F",14.0953,52.7383,2017,0.7826086957,7,2,0.285714285714286,NA,FALSE
"193","AA_0303","5/9/2019","YVT","Eppendorf",1,0,NA,0,0,FALSE,NA,NA,"M",13.8675,52.2428,2017,0.2,7,2,0.285714285714286,NA,FALSE
"194","AA_0304","5/9/2019","YVT","Eppendorf",1,0,NA,0,0,FALSE,NA,NA,"F",13.6761,52.4978,2017,0.52,12,1,0.0833333333333333,NA,FALSE
"195","AA_0305","5/9/2019","YVT","Eppendorf",1,0,NA,0,0,FALSE,NA,NA,"F",13.5353,52.8969,2017,0.2,14,6,0.428571428571429,"Berliner Str. 28, 16244 Schorfheide",TRUE
"196","AA_0306","5/9/2019","YVT","Eppendorf",1,0,NA,0,0,FALSE,NA,NA,"M",13.8675,52.2428,2017,0.2631578947,7,2,0.285714285714286,NA,FALSE
"197","AA_0307","5/9/2019","YVT","Eppendorf",1,0,NA,0,0,FALSE,NA,NA,"F",13.8675,52.2428,2017,0.12,7,2,0.285714285714286,NA,FALSE
"198","AA_0308","5/9/2019","YVT","Eppendorf",1,36.15,NA,36.15,100,TRUE,NA,NA,"M",13.8675,52.2428,2017,0.3,7,2,0.285714285714286,NA,FALSE
"199","AA_0309","5/9/2019","YVT","Eppendorf",1,0,NA,0,0,FALSE,NA,NA,"F",13.8675,52.2428,2017,0.24,7,2,0.285714285714286,NA,FALSE
"200","AA_0310","5/9/2019","YVT","Eppendorf",1,30.49,NA,30.49,4627,TRUE,NA,NA,"F",14.0953,52.7383,2017,0.8,7,2,0.285714285714286,NA,FALSE
"201","AA_0311","5/9/2019","YVT","Eppendorf",1,0,NA,0,0,FALSE,NA,NA,"F",14.0953,52.7383,2017,0.88,7,2,0.285714285714286,NA,FALSE
"202","AA_0312","5/9/2019","YVT","Eppendorf",1,36.68,NA,36.68,69,TRUE,NA,NA,"F",14.0953,52.7383,2017,0.96,7,2,0.285714285714286,NA,FALSE
"203","AA_0313","5/9/2019","YVT","Eppendorf",1,37.62,NA,37.62,37,TRUE,NA,NA,"F",13.6761,52.4978,2017,0,12,1,0.0833333333333333,NA,FALSE
"204","AA_0314","5/9/2019","YVT","Eppendorf",1,0,NA,0,0,FALSE,NA,NA,"M",13.8675,52.2428,2017,0.3,7,2,0.285714285714286,NA,FALSE
"205","AA_0315","5/9/2019","YVT","Eppendorf",1,0,NA,0,0,FALSE,NA,NA,"F",13.6761,52.4978,2017,0.48,12,1,0.0833333333333333,NA,FALSE
"206","AA_0316","5/9/2019","YVT","Eppendorf",1,30.06,NA,30.06,6191,TRUE,NA,NA,"M",14.1161,52.7914,2017,0.6315789474,5,2,0.4,NA,FALSE
"207","AA_0317","5/9/2019","YVT","Eppendorf",1,35.78,NA,35.78,128,TRUE,NA,NA,"M",13.8675,52.2428,2017,0.25,7,2,0.285714285714286,NA,FALSE
"208","AA_0318","5/9/2019","YVT","Eppendorf",1,31.31,NA,31.31,2655,TRUE,NA,NA,"F",14.1161,52.7914,2017,0.8260869565,5,2,0.4,NA,FALSE
"209","AA_0319","5/9/2019","YVT","Eppendorf",1,0,NA,0,0,FALSE,NA,NA,"F",13.8103,51.8978,2017,0.08,1,0,0,NA,FALSE
"210","AA_0322","5/9/2019","YVT","Eppendorf",1,22.59,NA,22.59,974580,TRUE,NA,NA,"M",13.8339,52.2694,2017,0.15,2,1,0.5,NA,FALSE
"211","AA_0323","5/9/2019","YVT","Eppendorf",1,0,NA,0,0,FALSE,NA,NA,"F",13.4622,53.1119,2017,0.8260869565,2,0,0,NA,FALSE
"212","AA_0324","5/9/2019","YVT","Eppendorf",1,0,NA,0,0,FALSE,NA,NA,"F",13.4622,53.1119,2017,0.84,2,0,0,NA,FALSE
"213","AA_0325","6/18/2021","YVT-Tes","Eppendorf + Quantstudio1",2,22.69,31.85,27.27,40962,TRUE,NA,NA,"M",13.4408,53.0497,2017,0.8,17,8,0.470588235294118,"Storkower Dorfstraße 85-82, 17268 Templin",TRUE
"214","AA_0326","5/9/2019","YVT","Eppendorf",1,31.3,NA,31.3,2673,TRUE,NA,NA,"M",13.4589,53.1247,2017,0.7,5,1,0.2,NA,FALSE
"215","AA_0327","5/9/2019","YVT","Eppendorf",1,36.68,NA,36.68,69,TRUE,NA,NA,"F",13.4408,53.0497,2017,0.72,17,8,0.470588235294118,"Storkower Dorfstraße 85-82, 17268 Templin",TRUE
"216","AA_0328","5/9/2019","YVT","Eppendorf",1,0,NA,0,0,FALSE,NA,NA,"F",13.4408,53.0497,2017,0.76,17,8,0.470588235294118,"Storkower Dorfstraße 85-82, 17268 Templin",TRUE
"217","AA_0333","2017","YVT","Eppendorf",1,30.71,NA,30.71,3987,TRUE,NA,NA,"M",13.4781,53.1153,2017,0.9,1,1,1,NA,FALSE
"218","AA_0337","2017","YVT","Eppendorf",1,28.82,NA,28.82,14338,TRUE,NA,NA,"F",14.0817,52.7667,2017,0.9130434783,1,1,1,NA,FALSE
"219","AA_0338","2017","YVT","Eppendorf",1,0,NA,0,0,FALSE,NA,NA,"M",13.8339,52.2694,2017,0.15,2,1,0.5,NA,FALSE
"220","AA_0339","2017","YVT","Eppendorf",1,0,NA,0,0,FALSE,NA,NA,"M",13.4589,53.1247,2017,0.8888888889,5,1,0.2,NA,FALSE
"221","AA_0340","2017","YVT","Eppendorf",1,0,NA,0,0,FALSE,NA,NA,"F",13.4589,53.1247,2017,0.8260869565,5,1,0.2,NA,FALSE
"222","AA_0342","2017","YVT","Eppendorf",1,0,NA,0,0,FALSE,NA,NA,"F",13.4589,53.1247,2017,0.84,5,1,0.2,NA,FALSE
"223","AA_0343","2017","YVT","Eppendorf",1,0,NA,0,0,FALSE,NA,NA,"F",14.0189,51.9661,2017,0.76,1,0,0,NA,FALSE
"224","AA_0344","2017","YVT","Eppendorf",1,0,NA,0,0,FALSE,NA,NA,"F",13.4408,53.0497,2017,0.8,17,8,0.470588235294118,"Storkower Dorfstraße 85-82, 17268 Templin",TRUE
"225","AA_0345","2017","YVT","Eppendorf",1,33.49,NA,33.49,606,TRUE,NA,NA,"M",13.4408,53.0497,2017,0.8,17,8,0.470588235294118,"Storkower Dorfstraße 85-82, 17268 Templin",TRUE
"226","AA_0346","2017","YVT","Eppendorf",1,0,NA,0,0,FALSE,NA,NA,"F",13.4408,53.0497,2017,0.7391304,17,8,0.470588235294118,"Storkower Dorfstraße 85-82, 17268 Templin",TRUE
"227","AA_0347","2017","YVT","Eppendorf",1,31.14,NA,31.14,2979,TRUE,NA,NA,"M",13.4408,53.0497,2017,0.7222222,17,8,0.470588235294118,"Storkower Dorfstraße 85-82, 17268 Templin",TRUE
"228","AA_0348","2017","YVT","Eppendorf",1,35.16,NA,35.16,195,TRUE,NA,NA,"M",13.4408,53.0497,2017,0.7777778,17,8,0.470588235294118,"Storkower Dorfstraße 85-82, 17268 Templin",TRUE
"229","AA_0350","2017","YVT","Eppendorf",1,0,NA,0,0,FALSE,NA,NA,"M",13.4408,53.0497,2017,0.75,17,8,0.470588235294118,"Storkower Dorfstraße 85-82, 17268 Templin",TRUE
"230","AA_0351","6/18/2021","YVT-Tes","Eppendorf + Quantstudio1",2,39.08415505,39.02831009,39.05623257,13,TRUE,NA,NA,"F",13.4408,53.0497,2017,0.6,17,8,0.470588235294118,"Storkower Dorfstraße 85-82, 17268 Templin",TRUE
"231","AA_0352","6/11/2019","YVT","Eppendorf",1,30.18,NA,30.18,5708,TRUE,NA,NA,"M",13.4408,53.0497,2017,0.8,17,8,0.470588235294118,"Storkower Dorfstraße 85-82, 17268 Templin",TRUE
"232","AA_0353","6/11/2019","YVT","Eppendorf",1,0,NA,0,0,FALSE,NA,NA,"F",13.4408,53.0497,2017,0.68,17,8,0.470588235294118,"Storkower Dorfstraße 85-82, 17268 Templin",TRUE
"233","AA_0354","6/11/2019","YVT","Eppendorf",1,0,NA,0,0,FALSE,NA,NA,"F",13.4408,53.0497,2017,0.8,17,8,0.470588235294118,"Storkower Dorfstraße 85-82, 17268 Templin",TRUE
"234","AA_0355","6/11/2019","YVT","Eppendorf",1,0,NA,0,0,FALSE,NA,NA,"F",13.4408,53.0497,2017,0.8,17,8,0.470588235294118,"Storkower Dorfstraße 85-82, 17268 Templin",TRUE
"235","AA_0356","6/11/2019","YVT","Eppendorf",1,0,NA,0,0,FALSE,NA,NA,"F",13.4589,53.1247,2017,0.52,5,1,0.2,NA,FALSE
"236","AA_0357","6/11/2019","YVT","Eppendorf",1,0,NA,0,0,FALSE,NA,NA,"F",13.4408,53.0497,2017,0.52,17,8,0.470588235294118,"Storkower Dorfstraße 85-82, 17268 Templin",TRUE
"237","AA_0358","6/11/2019","YVT","Eppendorf",1,0,NA,0,0,FALSE,NA,NA,"F",13.4408,53.0497,2017,0.64,17,8,0.470588235294118,"Storkower Dorfstraße 85-82, 17268 Templin",TRUE
"238","AA_0359","6/11/2019","YVT","Eppendorf",1,0,NA,0,0,FALSE,NA,NA,"M",13.4864,53.1275,2017,0.95,9,5,0.555555555555556,"Lychener Str. 28, 17268 Templin",TRUE
"239","AA_0360","6/11/2019","YVT","Eppendorf",1,32.99,NA,32.99,851,TRUE,NA,NA,"F",13.4408,53.0497,2017,0.7391304,17,8,0.470588235294118,"Storkower Dorfstraße 85-82, 17268 Templin",TRUE
"240","AA_0365","6/11/2019","YVT","Eppendorf",1,0,NA,0,0,FALSE,NA,NA,"M",13.9578,52.7714,2017,0.55,3,1,0.333333333333333,NA,FALSE
"241","AA_0366","6/11/2019","YVT","Eppendorf",1,0,NA,0,0,FALSE,NA,NA,"M",13.4864,53.1275,2017,0.9473684,9,5,0.555555555555556,"Lychener Str. 28, 17268 Templin",TRUE
"242","AA_0367","6/11/2019","YVT","Eppendorf",1,0,NA,0,0,FALSE,NA,NA,"F",13.9578,52.7714,2017,0.68,3,1,0.333333333333333,NA,FALSE
"243","AA_0368","6/11/2019","YVT","Eppendorf",1,35.73,NA,35.73,133,TRUE,NA,NA,"F",13.4864,53.1275,2017,0.92,9,5,0.555555555555556,"Lychener Str. 28, 17268 Templin",TRUE
"244","AA_0369","6/11/2019","YVT","Eppendorf",1,29.73,NA,29.73,7742,TRUE,NA,NA,"M",13.4864,53.1275,2017,0.95,9,5,0.555555555555556,"Lychener Str. 28, 17268 Templin",TRUE
"245","AA_0370","6/11/2019","YVT","Eppendorf",1,0,NA,0,0,FALSE,NA,NA,"F",13.8767,52.2089,2017,0.08,1,0,0,NA,FALSE
"246","AA_0371","6/11/2019","YVT","Eppendorf",1,32.37,NA,32.37,1295,TRUE,NA,NA,"F",13.9578,52.7714,2017,0.8,3,1,0.333333333333333,NA,FALSE
"247","AA_0372","6/11/2019","YVT","Eppendorf",1,33.07,NA,33.07,806,TRUE,NA,NA,"F",13.4864,53.1275,2017,1,9,5,0.555555555555556,"Lychener Str. 28, 17268 Templin",TRUE
"248","AA_0374","6/11/2019","YVT","Eppendorf",1,32.75,NA,32.75,1001,TRUE,NA,NA,"M",14.1808,52.0747,2017,0.55,10,7,0.7,"Sawaller Dorfstraße 34A, 15848 Tauche",TRUE
"249","AA_0375","6/11/2019","YVT","Eppendorf",1,32.3,NA,32.3,1358,TRUE,NA,NA,"M",14.1808,52.0747,2017,0.75,10,7,0.7,"Sawaller Dorfstraße 34A, 15848 Tauche",TRUE
"250","AA_0376","6/11/2019","YVT","Eppendorf",1,32.75,NA,32.75,1001,TRUE,NA,NA,"F",13.4864,53.1275,2017,0.9130435,9,5,0.555555555555556,"Lychener Str. 28, 17268 Templin",TRUE
"251","AA_0377","6/11/2019","YVT","Eppendorf",1,0,NA,0,0,FALSE,NA,NA,"F",13.8975,52.2761,2017,0.28,9,0,0,NA,FALSE
"252","AA_0378","6/11/2019","YVT","Eppendorf",1,0,NA,0,0,FALSE,NA,NA,"M",13.8975,52.2761,2017,0.1578947368,9,0,0,NA,FALSE
"253","AA_0379","6/11/2019","YVT","Eppendorf",1,0,NA,0,0,FALSE,NA,NA,"M",13.8975,52.2761,2017,0.3,9,0,0,NA,FALSE
"254","AA_0380","6/11/2019","YVT","Eppendorf",1,31.42,NA,31.42,2465,TRUE,NA,NA,"F",13.4864,53.1275,2017,0.92,9,5,0.555555555555556,"Lychener Str. 28, 17268 Templin",TRUE
"255","AA_0381","6/11/2019","YVT","Eppendorf",1,0,NA,0,0,FALSE,NA,NA,"M",13.8975,52.2761,2017,0.35,9,0,0,NA,FALSE
"256","AA_0383","6/11/2019","YVT","Eppendorf",1,0,NA,0,0,FALSE,NA,NA,"M",13.8975,52.2761,2017,0.4210526316,9,0,0,NA,FALSE
"257","AA_0384","6/11/2019","YVT","Eppendorf",1,0,NA,0,0,FALSE,NA,NA,"F",13.8975,52.2761,2017,0.24,9,0,0,NA,FALSE
"258","AA_0385","6/11/2019","YVT","Eppendorf",1,0,NA,0,0,FALSE,NA,NA,"M",13.8975,52.2761,2017,0.35,9,0,0,NA,FALSE
"259","AA_0387","6/11/2019","YVT","Eppendorf",1,0,NA,0,0,FALSE,NA,NA,"F",13.8975,52.2761,2017,0.32,9,0,0,NA,FALSE
"260","AA_0388","6/11/2019","YVT","Eppendorf",1,35.72,NA,35.72,134,TRUE,NA,NA,"M",14.1808,52.0747,2017,0.6,10,7,0.7,"Sawaller Dorfstraße 34A, 15848 Tauche",TRUE
"261","AA_0390","6/11/2019","YVT","Eppendorf",1,0,NA,0,0,FALSE,NA,NA,"M",13.8975,52.2761,2017,0.25,9,0,0,NA,FALSE
"262","AA_0392","6/11/2019","YVT","Eppendorf",1,0,NA,0,0,FALSE,NA,NA,"F",14.1442,52.0172,2017,0.6666666667,7,4,0.571428571428571,"Guhlen 29, 15913 Schwielochsee ",TRUE
"263","AA_0393","6/11/2019","YVT","Eppendorf",1,34.92,NA,34.92,230,TRUE,NA,NA,"F",14.1442,52.0172,2017,0.8695652174,7,4,0.571428571428571,"Guhlen 29, 15913 Schwielochsee ",TRUE
"264","AA_0394","6/11/2019","YVT","Eppendorf",1,32.32,NA,32.32,1340,TRUE,NA,NA,"F",14.1808,52.0747,2017,0.64,10,7,0.7,"Sawaller Dorfstraße 34A, 15848 Tauche",TRUE
"265","AA_0395","6/11/2019","YVT","Eppendorf",1,0,NA,0,0,FALSE,NA,NA,"F",14.1442,52.0172,2017,0.8695652174,7,4,0.571428571428571,"Guhlen 29, 15913 Schwielochsee ",TRUE
"266","AA_0397","6/11/2019","YVT","Eppendorf",1,0,NA,0,0,FALSE,NA,NA,"M",14.1442,52.0172,2017,0.75,7,4,0.571428571428571,"Guhlen 29, 15913 Schwielochsee ",TRUE
"267","AA_0398","6/11/2019","YVT","Eppendorf",1,0,NA,0,0,FALSE,NA,NA,"F",13.4864,53.1275,2017,0.92,9,5,0.555555555555556,"Lychener Str. 28, 17268 Templin",TRUE
"268","AA_0399","6/11/2019","YVT","Eppendorf",1,32.1,NA,32.1,1555,TRUE,NA,NA,"F",14.1442,52.0172,2017,0.88,7,4,0.571428571428571,"Guhlen 29, 15913 Schwielochsee ",TRUE
"269","AA_0401","6/11/2019","YVT","Eppendorf",1,32.49,NA,32.49,1194,TRUE,NA,NA,"F",14.1808,52.0747,2017,0.8695652174,10,7,0.7,"Sawaller Dorfstraße 34A, 15848 Tauche",TRUE
"270","AA_0402","6/11/2019","YVT","Eppendorf",1,31.95,NA,31.95,1721,TRUE,NA,NA,"F",14.1808,52.0747,2017,0.8,10,7,0.7,"Sawaller Dorfstraße 34A, 15848 Tauche",TRUE
"271","AA_0403","6/11/2019","YVT","Eppendorf",1,36.15,NA,36.15,100,TRUE,NA,NA,"M",14.1736,52.0892,2017,0.75,2,1,0.5,NA,FALSE
"272","AA_0404","6/11/2019","YVT","Eppendorf",1,0,NA,0,0,FALSE,NA,NA,"F",14.1736,52.0892,2017,0.8,2,1,0.5,NA,FALSE
"273","AA_0405","6/11/2019","YVT","Eppendorf",1,0,NA,0,0,FALSE,NA,NA,"M",14.1808,52.0747,2017,0.65,10,7,0.7,"Sawaller Dorfstraße 34A, 15848 Tauche",TRUE
"274","AA_0406","6/11/2019","YVT","Eppendorf",1,0,NA,0,0,FALSE,NA,NA,"F",13.4864,53.1275,2017,0.92,9,5,0.555555555555556,"Lychener Str. 28, 17268 Templin",TRUE
"275","AA_0407","6/11/2019","YVT","Eppendorf",1,33,NA,33,845,TRUE,NA,NA,"M",14.1442,52.0172,2017,0.7,7,4,0.571428571428571,"Guhlen 29, 15913 Schwielochsee ",TRUE
"276","AA_0408","6/11/2019","YVT","Eppendorf",1,35.08,NA,35.08,206,TRUE,NA,NA,"F",14.1442,52.0172,2017,0.8,7,4,0.571428571428571,"Guhlen 29, 15913 Schwielochsee ",TRUE
"277","AA_0409","6/11/2019","YVT","Eppendorf",1,33.13,NA,33.13,774,TRUE,NA,NA,"F",14.1808,52.0747,2017,0.8,10,7,0.7,"Sawaller Dorfstraße 34A, 15848 Tauche",TRUE
"278","AA_0410","6/11/2019","YVT","Eppendorf",1,0,NA,0,0,FALSE,NA,NA,"F",14.1808,52.0747,2017,0.64,10,7,0.7,"Sawaller Dorfstraße 34A, 15848 Tauche",TRUE
"279","AA_0413","6/11/2019","YVT","Eppendorf",1,0,NA,0,0,FALSE,NA,NA,"F",14.1808,52.0747,2017,0.3913043478,10,7,0.7,"Sawaller Dorfstraße 34A, 15848 Tauche",TRUE
"280","AA_0422","6/11/2019","YVT","Eppendorf",1,0,NA,0,0,FALSE,NA,NA,"M",14.3217,52.6506,2017,0.8333333333,4,0,0,NA,FALSE
"281","AA_0423","6/11/2019","YVT","Eppendorf",1,0,NA,0,0,FALSE,NA,NA,"M",14.3217,52.6506,2017,0.85,4,0,0,NA,FALSE
"282","AA_0424","6/11/2019","YVT","Eppendorf",1,0,NA,0,0,FALSE,NA,NA,"F",14.2775,52.6867,2017,0.88,7,0,0,NA,FALSE
"283","AA_0425","6/11/2019","YVT","Eppendorf",1,0,NA,0,0,FALSE,NA,NA,"F",14.2775,52.6867,2017,0.84,7,0,0,NA,FALSE
"284","AA_0426","6/11/2019","YVT","Eppendorf",1,0,NA,0,0,FALSE,NA,NA,"M",14.3217,52.6506,2017,0.9,4,0,0,NA,FALSE
"285","AA_0427","6/11/2019","YVT","Eppendorf",1,0,NA,0,0,FALSE,NA,NA,"M",14.2775,52.6867,2017,0.7894736842,7,0,0,NA,FALSE
"286","AA_0428","6/11/2019","YVT","Eppendorf",1,0,NA,0,0,FALSE,NA,NA,"F",14.2775,52.6867,2017,0.8260869565,7,0,0,NA,FALSE
"287","AA_0429","6/11/2019","YVT","Eppendorf",1,0,NA,0,0,FALSE,NA,NA,"M",14.2775,52.6867,2017,1,7,0,0,NA,FALSE
"288","AA_0430","6/11/2019","YVT","Eppendorf",1,0,NA,0,0,FALSE,NA,NA,"M",14.2775,52.6867,2017,0.9473684211,7,0,0,NA,FALSE
"289","AA_0431","6/11/2019","YVT","Eppendorf",1,0,NA,0,0,FALSE,NA,NA,"M",14.2769,52.6778,2017,0.8947368421,1,0,0,NA,FALSE
"290","AA_0432","6/11/2019","YVT","Eppendorf",1,0,NA,0,0,FALSE,NA,NA,"F",13.6686,52.4936,2017,0.04347826087,6,0,0,NA,FALSE
"291","AA_0434","6/11/2019","YVT","Eppendorf",1,0,NA,0,0,FALSE,NA,NA,"M",13.6422,53.2375,2017,0.7368421,2,0,0,NA,FALSE
"292","AA_0435","6/11/2019","YVT","Eppendorf",1,0,NA,0,0,FALSE,NA,NA,"M",13.6422,53.2375,2017,0.8421053,2,0,0,NA,FALSE
"293","AA_0436","6/11/2019","YVT","Eppendorf",1,0,NA,0,0,FALSE,NA,NA,"F",14.2606,52.0875,2017,0.7826087,9,0,0,NA,FALSE
"294","AA_0437","6/11/2019","YVT","Eppendorf",1,0,NA,0,0,FALSE,NA,NA,"M",13.6686,52.4936,2017,0.05263157895,6,0,0,NA,FALSE
"295","AA_0438","6/11/2019","YVT","Eppendorf",1,0,NA,0,0,FALSE,NA,NA,"M",13.6506,53.2108,2017,0.9473684211,6,0,0,NA,FALSE
"296","AA_0439","6/11/2019","YVT","Eppendorf",1,0,NA,0,0,FALSE,NA,NA,"M",14.0756,52.1736,2017,0.6842105263,1,0,0,NA,FALSE
"297","AA_0440","6/11/2019","YVT","Eppendorf",1,0,NA,0,0,FALSE,NA,NA,"F",14.2606,52.0875,2017,0.826087,9,0,0,NA,FALSE
"298","AA_0441","6/11/2019","YVT","Eppendorf",1,0,NA,0,0,FALSE,NA,NA,"F",14.2606,52.0875,2017,0.8695652,9,0,0,NA,FALSE
"299","AA_0442","6/11/2019","YVT","Eppendorf",1,0,NA,0,0,FALSE,NA,NA,"M",14.2697,52.0439,2017,0.9473684211,4,1,0.25,NA,FALSE
"300","AA_0443","6/18/2021","YVT-Tes","Eppendorf + Quantstudio1",2,0,0,0,0,FALSE,NA,NA,"M",14.2606,52.0875,2017,0.8421053,9,0,0,NA,FALSE
"301","AA_0444","6/11/2019","YVT","Eppendorf",1,0,NA,0,0,FALSE,NA,NA,"F",14.2697,52.0439,2017,0.8260869565,4,1,0.25,NA,FALSE
"302","AA_0445","6/11/2019","YVT","Eppendorf",1,31.51,NA,31.51,2319,TRUE,NA,NA,"F",14.2272,52.0753,2017,0.9130434783,1,1,1,NA,FALSE
"303","AA_0446","6/11/2019","YVT","Eppendorf",1,0,NA,0,0,FALSE,NA,NA,"M",14.2775,52.6867,2017,0.8421052632,7,0,0,NA,FALSE
"304","AA_0448","6/11/2019","YVT","Eppendorf",1,0,NA,0,0,FALSE,NA,NA,"F",13.6686,52.4936,2017,0.1304347826,6,0,0,NA,FALSE
"305","AA_0449","6/11/2019","YVT","Eppendorf",1,0,NA,0,0,FALSE,NA,NA,"M",13.6506,53.2108,2017,0.9473684211,6,0,0,NA,FALSE
"306","AA_0450","6/11/2019","YVT","Eppendorf",1,0,NA,0,0,FALSE,NA,NA,"F",13.6506,53.2108,2017,0.9565217391,6,0,0,NA,FALSE
"307","AA_0451","6/14/2019","YVT","Eppendorf",1,0,NA,0,0,FALSE,NA,NA,"F",13.6506,53.2108,2017,0.9565217391,6,0,0,NA,FALSE
"308","AA_0452","6/14/2019","YVT","Eppendorf",1,0,NA,0,0,FALSE,NA,NA,"F",13.6506,53.2108,2017,0.9565217391,6,0,0,NA,FALSE
"309","AA_0453","6/14/2019","YVT","Eppendorf",1,0,NA,0,0,FALSE,NA,NA,"M",14.2606,52.0875,2017,0.9411765,9,0,0,NA,FALSE
"310","AA_0454","6/14/2019","YVT","Eppendorf",1,0,NA,0,0,FALSE,NA,NA,"F",14.2606,52.0875,2017,0.826087,9,0,0,NA,FALSE
"311","AA_0455","6/14/2019","YVT","Eppendorf",1,0,NA,0,0,FALSE,NA,NA,"F",14.2606,52.0875,2017,0.826087,9,0,0,NA,FALSE
"312","AA_0456","6/14/2019","YVT","Eppendorf",1,0,NA,0,0,FALSE,NA,NA,"M",13.6506,53.2108,2017,1,6,0,0,NA,FALSE
"313","AA_0457","6/14/2019","YVT","Eppendorf",1,0,NA,0,0,FALSE,NA,NA,"F",14.2697,52.0439,2017,0.6956521739,4,1,0.25,NA,FALSE
"314","AA_0458","6/14/2019","YVT","Eppendorf",1,32.28,NA,32.28,1376,TRUE,NA,NA,"F",14.2697,52.0439,2017,0.8260869565,4,1,0.25,NA,FALSE
"315","AA_0459","6/14/2019","YVT","Eppendorf",1,0,NA,0,0,FALSE,NA,NA,"F",14.2606,52.0875,2017,0.6956522,9,0,0,NA,FALSE
"316","AA_0460","6/14/2019","YVT","Eppendorf",1,0,NA,0,0,FALSE,NA,NA,"F",13.6686,52.4936,2017,0.2105263158,6,0,0,NA,FALSE
"317","AA_0461","6/14/2019","YVT","Eppendorf",1,0,NA,0,0,FALSE,NA,NA,"M",13.6686,52.4936,2017,0.1875,6,0,0,NA,FALSE
"318","AA_0462","6/14/2019","YVT","Eppendorf",1,0,NA,0,0,FALSE,NA,NA,"F",13.6686,52.4936,2017,0.15,6,0,0,NA,FALSE
"319","AA_0463","6/14/2019","YVT","Eppendorf",1,0,NA,0,0,FALSE,NA,NA,"F",14.2606,52.0875,2017,0.8888889,9,0,0,NA,FALSE
"320","AA_0465","6/14/2019","YVT","Eppendorf",1,0,NA,0,0,FALSE,NA,NA,"M",13.3047,52.9936,2017,0.1538461538,21,3,0.142857142857143,"Mildenberger Str. 1, 16792 Zehdenick",TRUE
"321","AA_0466","6/14/2019","YVT","Eppendorf",1,0,NA,0,0,FALSE,NA,NA,"F",13.3047,52.9936,2017,0,21,3,0.142857142857143,"Mildenberger Str. 1, 16792 Zehdenick",TRUE
"322","AA_0467","6/14/2019","YVT","Eppendorf",1,0,NA,0,0,FALSE,NA,NA,"F",13.3047,52.9936,2017,0,21,3,0.142857142857143,"Mildenberger Str. 1, 16792 Zehdenick",TRUE
"323","AA_0468","6/14/2019","YVT","Eppendorf",1,0,NA,0,0,FALSE,NA,NA,"F",13.6703,52.4936,2017,0.2727272727,1,0,0,NA,FALSE
"324","AA_0469","6/14/2019","YVT","Eppendorf",1,0,NA,0,0,FALSE,NA,NA,"F",13.925,51.9447,2017,0.6956521739,2,0,0,NA,FALSE
"325","AA_0470","6/14/2019","YVT","Eppendorf",1,0,NA,0,0,FALSE,NA,NA,"F",13.925,51.9447,2017,0.6956521739,2,0,0,NA,FALSE
"326","AA_0471","6/14/2019","YVT","Eppendorf",1,0,NA,0,0,FALSE,NA,NA,"M",13.6708,51.9594,2017,0.1578947368,1,0,0,NA,FALSE
"327","AA_0489","6/14/2019","YVT","Eppendorf",1,0,NA,0,0,FALSE,NA,NA,"F",11.4811,53.8444,2017,0.9130434783,3,0,0,NA,FALSE
"328","AA_0490","6/14/2019","YVT","Eppendorf",1,0,NA,0,0,FALSE,NA,NA,"M",11.4811,53.8444,2017,0.6842105263,3,0,0,NA,FALSE
"329","AA_0491","6/14/2019","YVT","Eppendorf",1,0,NA,0,0,FALSE,NA,NA,"M",11.4811,53.8444,2017,0.6842105263,3,0,0,NA,FALSE
"330","AA_0498","6/14/2019","YVT","Eppendorf",1,30.2,NA,30.2,5631,TRUE,NA,NA,"M",11.6072,53.9403,2017,0.9444444444,3,1,0.333333333333333,NA,FALSE
"331","AA_0499","6/11/2019","YVT","Eppendorf",1,0,NA,0,0,FALSE,NA,NA,"M",11.6072,53.9403,2017,0.875,3,1,0.333333333333333,NA,FALSE
"332","AA_0502","6/14/2019","YVT","Eppendorf",1,0,NA,0,0,FALSE,NA,NA,"M",11.6072,53.9403,2017,0.9444444444,3,1,0.333333333333333,NA,FALSE
"333","AA_0506","6/14/2019","YVT","Eppendorf",1,0,NA,0,0,FALSE,NA,NA,"F",12.5903,53.5678,2017,0.8421052632,1,0,0,NA,FALSE
"334","AA_0511","6/14/2019","YVT","Eppendorf",1,0,NA,0,0,FALSE,NA,NA,"M",12.4464,53.5189,2017,0.7368421053,5,0,0,NA,FALSE
"335","AA_0512","6/14/2019","YVT","Eppendorf",1,0,NA,0,0,FALSE,NA,NA,"F",12.4464,53.5189,2017,0.6956521739,5,0,0,NA,FALSE
"336","AA_0513","6/14/2019","YVT","Eppendorf",1,0,NA,0,0,FALSE,NA,NA,"F",12.4464,53.5189,2017,0.9565217391,5,0,0,NA,FALSE
"337","AA_0514","6/14/2019","YVT","Eppendorf",1,0,NA,0,0,FALSE,NA,NA,"M",12.4464,53.5189,2017,0.8947368421,5,0,0,NA,FALSE
"338","AA_0515","6/14/2019","YVT","Eppendorf",1,0,NA,0,0,FALSE,NA,NA,"F",12.4464,53.5189,2017,0.9565217391,5,0,0,NA,FALSE
"339","AA_0524","11/12/2018","YVT","Eppendorf",1,0,NA,0,0,FALSE,"492.40",NA,"F",13.9619,52.9147,2018,0.8,2,0,0,NA,FALSE
"340","AA_0525","11/12/2018","YVT","Eppendorf",1,0,NA,0,0,FALSE,"279.20",NA,"M",13.9619,52.9147,2018,0.5789473684,2,0,0,NA,FALSE
"341","AA_0526","11/12/2018","YVT","Eppendorf",1,0,NA,0,0,FALSE,"294.20",NA,"M",13.9625,52.915,2018,0.7894736842,1,0,0,NA,FALSE
"342","AA_0527","11/12/2018","YVT","Eppendorf",1,0,NA,0,0,FALSE,"79.40",NA,"M",13.9933,52.9094,2018,0.8,1,0,0,NA,FALSE
"343","AA_0528","11/12/2018","YVT","Eppendorf",1,0,NA,0,0,FALSE,"239.90",NA,"F",13.2567,53.0322,2018,0,4,0,0,NA,FALSE
"344","AA_0529","11/12/2018","YVT","Eppendorf",1,0,NA,0,0,FALSE,"260.20",NA,"M",13.2567,53.0322,2018,0.05,4,0,0,NA,FALSE
"345","AA_0530","11/12/2018","YVT","Eppendorf",1,0,NA,0,0,FALSE,"121.00",NA,"M",13.175,53.0219,2018,0.4,3,0,0,NA,FALSE
"346","AA_0531","11/12/2018","YVT","Eppendorf",1,0,NA,0,0,FALSE,"288.40",NA,"F",13.175,53.0219,2018,0,3,0,0,NA,FALSE
"347","AA_0532","11/12/2018","YVT","Eppendorf",1,0,NA,0,0,FALSE,"326.90",NA,"M",13.175,53.0219,2018,0.1,3,0,0,NA,FALSE
"348","AA_0533","11/12/2018","YVT","Eppendorf",1,0,NA,0,0,FALSE,"196.20",NA,"F",13.2829,52.9574,2018,0,4,1,0.25,NA,FALSE
"349","AA_0534","11/12/2018","YVT","Eppendorf",1,31.94,NA,31.94,1733,TRUE,"180.70",NA,"M",13.2829,52.9574,2018,0.1,4,1,0.25,NA,FALSE
"350","AA_0535","11/12/2018","YVT","Eppendorf",1,0,NA,0,0,FALSE,"315.50",NA,"M",13.2829,52.9574,2018,0.15,4,1,0.25,NA,FALSE
"351","AA_0536","11/21/2018","YVT","Eppendorf + Eppendorf",2,0,NA,0,0,FALSE,"173.10",NA,"M",13.2829,52.9574,2018,0.1,4,1,0.25,NA,FALSE
"352","AA_0537","11/12/2018","YVT","Eppendorf",1,32.52,NA,32.52,1170,TRUE,"82.80",NA,"M",12.7797,52.7947,2018,0.05,3,1,0.333333333333333,NA,FALSE
"353","AA_0538","11/12/2018","YVT","Eppendorf",1,0,NA,0,0,FALSE,"198.10",NA,"F",12.7797,52.7947,2018,0,3,1,0.333333333333333,NA,FALSE
"354","AA_0539","11/28/2018","YVT","Eppendorf",1,0,NA,0,0,FALSE,"250.00",NA,"M",12.7797,52.7947,2018,0.1111111111,3,1,0.333333333333333,NA,FALSE
"355","AA_0540","11/12/2018","YVT","Eppendorf",1,0,NA,0,0,FALSE,"203.30",NA,"F",12.7219,52.7722,2018,0,1,0,0,NA,FALSE
"356","AA_0541","11/12/2018","YVT","Eppendorf",1,0,NA,0,0,FALSE,"166.30",NA,"M",12.3728,52.7536,2018,0.15,2,0,0,NA,FALSE
"357","AA_0542","11/12/2018","YVT","Eppendorf",1,0,NA,0,0,FALSE,"71.80",NA,"M",14.0908,52.8328,2018,0.8823529412,5,3,0.6,"Altglietzener Dorfstraße 31, 16259 Bad Freienwalde (Oder)",TRUE
"358","AA_0543","11/12/2018","YVT","Eppendorf",1,0,NA,0,0,FALSE,"535.90",NA,"F",12.3728,52.7536,2018,0,2,0,0,NA,FALSE
"359","AA_0544","11/12/2018","YVT","Eppendorf",1,0,NA,0,0,FALSE,"200.00",NA,"M",14.0678,52.3975,2018,0.8947368421,6,1,0.166666666666667,NA,FALSE
"360","AA_0545","11/12/2018","YVT","Eppendorf",1,33.675,NA,33.675,535,TRUE,"199.50",NA,"M",14.0678,52.3975,2018,0.85,6,1,0.166666666666667,NA,FALSE
"361","AA_0546","11/12/2018","YVT","Eppendorf",1,30.69,NA,30.69,4041,TRUE,"136.90",NA,"M",13.66,52.7369,2018,0.1,15,1,0.0666666666666667,NA,FALSE
"362","AA_0547","11/12/2018","YVT","Eppendorf",1,0,NA,0,0,FALSE,"111.90",NA,"F",12.7589,52.7625,2018,0.04347826087,2,0,0,NA,FALSE
"363","AA_0548","11/21/2018","YVT","Eppendorf + Eppendorf",2,0,NA,0,0,FALSE,"176.90",NA,"F",12.7589,52.7625,2018,0.08695652174,2,0,0,NA,FALSE
"364","AA_0549","11/12/2018","YVT","Eppendorf",1,0,NA,0,0,FALSE,"133.50",NA,"F",13.66,52.7369,2018,0.04,15,1,0.0666666666666667,NA,FALSE
"365","AA_0550","11/12/2018","YVT","Eppendorf",1,0,NA,0,0,FALSE,"326.30",NA,"M",13.66,52.7369,2018,0.05,15,1,0.0666666666666667,NA,FALSE
"366","AA_0551","11/12/2018","YVT","Eppendorf",1,0,NA,0,0,FALSE,"278.80",NA,"F",13.66,52.7369,2018,0,15,1,0.0666666666666667,NA,FALSE
"367","AA_0552","11/12/2018","YVT","Eppendorf",1,0,NA,0,0,FALSE,"113.40",NA,"F",13.66,52.7369,2018,0,15,1,0.0666666666666667,NA,FALSE
"368","AA_0553","11/12/2018","YVT","Eppendorf",1,34.47,NA,34.47,312,TRUE,"128.80",NA,"M",14.0908,52.8328,2018,0.8947368421,5,3,0.6,"Altglietzener Dorfstraße 31, 16259 Bad Freienwalde (Oder)",TRUE
"369","AA_0554","11/12/2018","YVT","Eppendorf",1,30.79,NA,30.79,3776,TRUE,"120.40",NA,"F",14.0908,52.8328,2018,0.88,5,3,0.6,"Altglietzener Dorfstraße 31, 16259 Bad Freienwalde (Oder)",TRUE
"370","AA_0556","11/12/2018","YVT","Eppendorf",1,0,NA,0,0,FALSE,"382.50",NA,"M",14.0908,52.8328,2018,0.65,5,3,0.6,"Altglietzener Dorfstraße 31, 16259 Bad Freienwalde (Oder)",TRUE
"371","AA_0557","11/12/2018","YVT","Eppendorf",1,34.04,NA,34.04,418,TRUE,"444.20",NA,"M",14.0908,52.8328,2018,0.9473684211,5,3,0.6,"Altglietzener Dorfstraße 31, 16259 Bad Freienwalde (Oder)",TRUE
"372","AA_0558","11/12/2018","YVT","Eppendorf",1,0,NA,0,0,FALSE,"96.53",NA,"M",14.1189,52.8367,2018,0.8,1,0,0,NA,FALSE
"373","AA_0559","11/12/2018","YVT","Eppendorf",1,0,NA,0,0,FALSE,"275.40",NA,"F",14.0678,52.3975,2018,0.8571428571,6,1,0.166666666666667,NA,FALSE
"374","AA_0560","11/12/2018","YVT","Eppendorf",1,0,NA,0,0,FALSE,"190.30",NA,"F",14.0678,52.3975,2018,0.88,6,1,0.166666666666667,NA,FALSE
"375","AA_0561","11/12/2018","YVT","Eppendorf",1,0,NA,0,0,FALSE,"342.00",NA,"F",14.0678,52.3975,2018,0.8695652174,6,1,0.166666666666667,NA,FALSE
"376","AA_0562","11/12/2018","YVT","Eppendorf",1,0,NA,0,0,FALSE,"220.40",NA,"M",13.66,52.7369,2018,0.15,15,1,0.0666666666666667,NA,FALSE
"377","AA_0564","11/12/2018","YVT","Eppendorf",1,0,NA,0,0,FALSE,"278.80",NA,"F",13.66,52.7369,2018,0,15,1,0.0666666666666667,NA,FALSE
"378","AA_0565","11/12/2018","YVT","Eppendorf",1,0,NA,0,0,FALSE,"686.80",NA,"M",13.66,52.7369,2018,0,15,1,0.0666666666666667,NA,FALSE
"379","AA_0566","11/28/2018","YVT","Eppendorf + Eppendorf",2,0,NA,0,0,FALSE,"154.10",NA,"F",13.66,52.7369,2018,0.08,15,1,0.0666666666666667,NA,FALSE
"380","AA_0567","11/12/2018","YVT","Eppendorf",1,0,NA,0,0,FALSE,"353.30",NA,"M",13.66,52.7369,2018,0.05,15,1,0.0666666666666667,NA,FALSE
"381","AA_0568","11/12/2018","YVT","Eppendorf",1,0,NA,0,0,FALSE,"108.70",NA,"M",13.66,52.7369,2018,0.1,15,1,0.0666666666666667,NA,FALSE
"382","AA_0569","11/28/2018","YVT","Eppendorf + Eppendorf",2,0,NA,0,0,FALSE,"194.90",NA,"M",13.66,52.7369,2018,0,15,1,0.0666666666666667,NA,FALSE
"383","AA_0570","6/18/2021","YVT-YVT-Tes","Eppendorf + Eppendorf + Quantstudio1",3,0,0,0,0,FALSE,"126.90",NA,"M",13.3047,52.9936,2018,0.1111111111,21,3,0.142857142857143,"Mildenberger Str. 1, 16792 Zehdenick",TRUE
"384","AA_0571","11/12/2018","YVT","Eppendorf",1,30.96,NA,30.96,3366,TRUE,"178.00",NA,"M",13.3047,52.9936,2018,0.1,21,3,0.142857142857143,"Mildenberger Str. 1, 16792 Zehdenick",TRUE
"385","AA_0572","11/12/2018","YVT","Eppendorf",1,0,NA,0,0,FALSE,"330.40",NA,"F",13.3047,52.9936,2018,0.04,21,3,0.142857142857143,"Mildenberger Str. 1, 16792 Zehdenick",TRUE
"386","AA_0573","11/12/2018","YVT","Eppendorf",1,0,NA,0,0,FALSE,"123.70",NA,"M",14.0736,52.9308,2018,0.9473684211,2,0,0,NA,FALSE
"387","AA_0574","11/12/2018","YVT","Eppendorf",1,0,NA,0,0,FALSE,"100.40",NA,"M",12.6278,52.7269,2018,0,7,0,0,NA,FALSE
"388","AA_0575","11/15/2018","YVT","Eppendorf",1,0,NA,0,0,FALSE,"111.30",NA,"F",14.0736,52.9308,2018,0.7826086957,2,0,0,NA,FALSE
"389","AA_0576","11/15/2018","YVT","Eppendorf",1,0,NA,0,0,FALSE,"83.70",NA,"F",12.6278,52.7269,2018,0,7,0,0,NA,FALSE
"390","AA_0577","11/15/2018","YVT","Eppendorf",1,0,NA,0,0,FALSE,"197.00",NA,"F",12.6278,52.7269,2018,0,7,0,0,NA,FALSE
"391","AA_0578","11/15/2018","YVT","Eppendorf + Eppendorf",2,29.25,NA,29.25,10716,TRUE,"263.30",NA,"F",14.0922,52.2125,2018,0.56,9,4,0.444444444444444,"Beeskower Str. 24, 15848 Rietz-Neuendorf",TRUE
"392","AA_0579","11/29/2018","YVT","Eppendorf + Eppendorf",2,36.11,NA,36.11,102,TRUE,"139.20",NA,"M",14.0922,52.2125,2018,0.95,9,4,0.444444444444444,"Beeskower Str. 24, 15848 Rietz-Neuendorf",TRUE
"393","AA_0580","11/15/2018","YVT","Eppendorf",1,34.21,NA,34.21,372,TRUE,"199.60",NA,"M",14.0922,52.2125,2018,0.75,9,4,0.444444444444444,"Beeskower Str. 24, 15848 Rietz-Neuendorf",TRUE
"394","AA_0581","11/15/2018","YVT","Eppendorf",1,0,NA,0,0,FALSE,"132.20",NA,"M",12.6278,52.7269,2018,0,7,0,0,NA,FALSE
"395","AA_0582","11/15/2018","YVT","Eppendorf",1,0,NA,0,0,FALSE,"129.70",NA,"F",12.6278,52.7269,2018,0,7,0,0,NA,FALSE
"396","AA_0583","11/15/2018","YVT","Eppendorf",1,0,NA,0,0,FALSE,"282.10",NA,"M",12.6278,52.7269,2018,0,7,0,0,NA,FALSE
"397","AA_0584","11/15/2018","YVT","Eppendorf",1,0,NA,0,0,FALSE,"92.10",NA,"M",12.6278,52.7269,2018,0,7,0,0,NA,FALSE
"398","AA_0585","11/15/2018","YVT","Eppendorf",1,34.6,NA,34.6,286,TRUE,"221.60",NA,"F",13.3047,52.9936,2018,0.04,21,3,0.142857142857143,"Mildenberger Str. 1, 16792 Zehdenick",TRUE
"399","AA_0586","11/15/2018","YVT","Eppendorf",1,0,NA,0,0,FALSE,"72.30",NA,"M",14.0922,52.2125,2018,0.6111111111,9,4,0.444444444444444,"Beeskower Str. 24, 15848 Rietz-Neuendorf",TRUE
"400","AA_0587","11/15/2018","YVT","Eppendorf",1,0,NA,0,0,FALSE,"250.60",NA,"F",14.0922,52.2125,2018,0.68,9,4,0.444444444444444,"Beeskower Str. 24, 15848 Rietz-Neuendorf",TRUE
"401","AA_0588","11/15/2018","YVT","Eppendorf",1,0,NA,0,0,FALSE,"104.70",NA,"M",14.0922,52.2125,2018,0.6666666667,9,4,0.444444444444444,"Beeskower Str. 24, 15848 Rietz-Neuendorf",TRUE
"402","AA_0589","11/15/2018","YVT","Eppendorf",1,32.4,NA,32.4,1269,TRUE,"80.30",NA,"M",14.0922,52.2125,2018,0.55,9,4,0.444444444444444,"Beeskower Str. 24, 15848 Rietz-Neuendorf",TRUE
"403","AA_0590","11/15/2018","YVT","Eppendorf",1,0,NA,0,0,FALSE,"146.90",NA,"F",14.0922,52.2125,2018,0.7142857143,9,4,0.444444444444444,"Beeskower Str. 24, 15848 Rietz-Neuendorf",TRUE
"404","AA_0591","11/15/2018","YVT","Eppendorf",1,0,NA,0,0,FALSE,"172.50",NA,"M",14.0922,52.2125,2018,0.6111111111,9,4,0.444444444444444,"Beeskower Str. 24, 15848 Rietz-Neuendorf",TRUE
"405","AA_0592","11/15/2018","YVT","Eppendorf",1,0,NA,0,0,FALSE,"544.50",NA,"F",14.1011,52.9456,2018,0.88,2,0,0,NA,FALSE
"406","AA_0593","11/15/2018","YVT","Eppendorf",1,0,NA,0,0,FALSE,"91.60",NA,"F",14.0747,52.8169,2018,0.9166666667,1,0,0,NA,FALSE
"407","AA_0594","11/15/2018","YVT","Eppendorf",1,0,NA,0,0,FALSE,"1,462.30",NA,"M",14.0806,53.0336,2018,0.8333333333,9,0,0,NA,FALSE
"408","AA_0595","11/15/2018","YVT","Eppendorf",1,0,NA,0,0,FALSE,"197.20",NA,"M",14.0806,53.0336,2018,0.8421052632,9,0,0,NA,FALSE
"409","AA_0596","11/15/2018","YVT","Eppendorf",1,0,NA,0,0,FALSE,"300.50",NA,"M",14.0744,52.9906,2018,0.9,3,0,0,NA,FALSE
"410","AA_0597","11/15/2018","YVT","Eppendorf",1,0,NA,0,0,FALSE,"504.90",NA,"F",14.0806,53.0336,2018,0.8,9,0,0,NA,FALSE
"411","AA_0598","11/15/2018","YVT","Eppendorf",1,0,NA,0,0,FALSE,"300.80",NA,"M",14.0806,53.0336,2018,0.8235294118,9,0,0,NA,FALSE
"412","AA_0599","11/15/2018","YVT","Eppendorf",1,0,NA,0,0,FALSE,"109.10",NA,"M",12.4558,52.6308,2018,0,7,0,0,NA,FALSE
"413","AA_0600","11/15/2018","YVT","Eppendorf",1,0,NA,0,0,FALSE,"124.60",NA,"F",12.4558,52.6308,2018,0.04,7,0,0,NA,FALSE
"414","AA_0601","11/28/2018","YVT","Eppendorf + Eppendorf",2,33.12,NA,33.12,779,TRUE,"319.20",NA,"M",13.9631,53.0989,2018,0.8571428571,1,1,1,NA,FALSE
"415","AA_0602","11/15/2018","YVT","Eppendorf",1,0,NA,0,0,FALSE,"322.40",NA,"M",13.0992,53.0689,2018,0,1,0,0,NA,FALSE
"416","AA_0603","11/15/2018","YVT","Eppendorf",1,0,NA,0,0,FALSE,"226.70",NA,"F",12.4558,52.6308,2018,0,7,0,0,NA,FALSE
"417","AA_0604","11/15/2018","YVT","Eppendorf",1,0,NA,0,0,FALSE,"159.00",NA,"M",13.7306,52.2594,2018,0.2,6,0,0,NA,FALSE
"418","AA_0605","11/15/2018","YVT","Eppendorf",1,0,NA,0,0,FALSE,"342.60",NA,"M",14.0806,53.0336,2018,0.8235294118,9,0,0,NA,FALSE
"419","AA_0606","11/15/2018","YVT","Eppendorf",1,0,NA,0,0,FALSE,"248.10",NA,"F",14.0806,53.0336,2018,0.8,9,0,0,NA,FALSE
"420","AA_0607","11/15/2018","YVT","Eppendorf",1,0,NA,0,0,FALSE,"273.30",NA,"M",14.0744,52.9906,2018,0.75,3,0,0,NA,FALSE
"421","AA_0608","11/15/2018","YVT","Eppendorf",1,0,NA,0,0,FALSE,"128.80",NA,"M",14.0744,52.9906,2018,0.8333333333,3,0,0,NA,FALSE
"422","AA_0609","11/15/2018","YVT","Eppendorf",1,0,NA,0,0,FALSE,"206.50",NA,"F",13.7306,52.2594,2018,0.16,6,0,0,NA,FALSE
"423","AA_0610","11/15/2018","YVT","Eppendorf",1,0,NA,0,0,FALSE,"622.40",NA,"F",14.0806,53.0336,2018,0.6842105263,9,0,0,NA,FALSE
"424","AA_0612","11/15/2018","YVT","Eppendorf",1,0,NA,0,0,FALSE,"165.40",NA,"F",14.0806,53.0336,2018,0.7826086957,9,0,0,NA,FALSE
"425","AA_0613","11/15/2018","YVT","Eppendorf",1,0,NA,0,0,FALSE,"73.80",NA,"F",12.4558,52.6308,2018,0.04,7,0,0,NA,FALSE
"426","AA_0614","11/28/2018","YVT","Eppendorf + Eppendorf",2,0,NA,0,0,FALSE,"150.60",NA,"F",12.4558,52.6308,2018,0.04,7,0,0,NA,FALSE
"427","AA_0615","11/15/2018","YVT","Eppendorf",1,0,NA,0,0,FALSE,"90.20",NA,"F",12.4558,52.6308,2018,0.04,7,0,0,NA,FALSE
"428","AA_0616","11/15/2018","YVT","Eppendorf",1,0,NA,0,0,FALSE,"286.90",NA,"F",13.7306,52.2594,2018,0.1739130435,6,0,0,NA,FALSE
"429","AA_0617","11/28/2018","YVT","Eppendorf + Eppendorf",2,0,NA,0,0,FALSE,"619.10",NA,"F",14.0806,53.0336,2018,0.652173913,9,0,0,NA,FALSE
"430","AA_0618","11/28/2018","YVT","Eppendorf + Eppendorf",2,0,NA,0,0,FALSE,"141.50",NA,"F",13.7306,52.2594,2018,0.1818181818,6,0,0,NA,FALSE
"431","AA_0619","11/15/2018","YVT","Eppendorf",1,0,NA,0,0,FALSE,"156.20",NA,"F",13.7306,52.2594,2018,0.3,6,0,0,NA,FALSE
"432","AA_0620","11/28/2018","YVT","Eppendorf",1,0,NA,0,0,FALSE,"221.24",NA,"F",13.7306,52.2594,2018,0.16,6,0,0,NA,FALSE
"433","AA_0621","11/15/2018","YVT","Eppendorf",1,0,NA,0,0,FALSE,"242.70",NA,"F",14.0672,52.9767,2018,0.72,3,1,0.333333333333333,NA,FALSE
"434","AA_0622","11/15/2018","YVT","Eppendorf",1,0,NA,0,0,FALSE,"670.40",NA,"F",13.66,52.7369,2018,0,15,1,0.0666666666666667,NA,FALSE
"435","AA_0623","11/15/2018","YVT","Eppendorf",1,0,NA,0,0,FALSE,"207.90",NA,"M",13.66,52.7369,2018,0,15,1,0.0666666666666667,NA,FALSE
"436","AA_0624","11/29/2018","YVT","Eppendorf + Eppendorf",2,0,NA,0,0,FALSE,"379.10",NA,"M",12.4558,52.6308,2018,0,7,0,0,NA,FALSE
"437","AA_0625","11/29/2018","YVT","Eppendorf + Eppendorf",2,0,NA,0,0,FALSE,"294.12",NA,"M",14.0939,53.0706,2018,0.85,8,1,0.125,NA,FALSE
"438","AA_0626","11/21/2018","YVT","Eppendorf",1,0,NA,0,0,FALSE,"88.18",NA,"M",14.0939,53.0706,2018,0.85,8,1,0.125,NA,FALSE
"439","AA_0627","2018","YVT","Eppendorf",1,0,NA,0,0,FALSE,"196.80",NA,"F",14.0939,53.0706,2018,0.88,8,1,0.125,NA,FALSE
"440","AA_0628","2018","YVT","Eppendorf",1,0,NA,0,0,FALSE,"190.90",NA,"F",14.0939,53.0706,2018,0.88,8,1,0.125,NA,FALSE
"441","AA_0629","2018","YVT","Eppendorf",1,0,NA,0,0,FALSE,"114.50",NA,"M",14.0939,53.0706,2018,0.85,8,1,0.125,NA,FALSE
"442","AA_0630","2018","YVT","Eppendorf",1,0,NA,0,0,FALSE,"76.60",NA,"M",14.1414,53.0783,2018,0.75,17,3,0.176470588235294,"Hauptstraße 5, 16278 Mark Landin",TRUE
"443","AA_0632","2018","YVT","Eppendorf",1,0,NA,0,0,FALSE,"790.50",NA,"F",14.0939,53.0706,2018,0.88,8,1,0.125,NA,FALSE
"444","AA_0633","2018","YVT","Eppendorf",1,0,NA,0,0,FALSE,"396.20",NA,"F",14.1414,53.0783,2018,0.84,17,3,0.176470588235294,"Hauptstraße 5, 16278 Mark Landin",TRUE
"445","AA_0634","11/28/2018","YVT","Eppendorf + Eppendorf",2,0,NA,0,0,FALSE,"223.10",NA,"M",14.1414,53.0783,2018,0.7368421053,17,3,0.176470588235294,"Hauptstraße 5, 16278 Mark Landin",TRUE
"446","AA_0635","11/28/2018","YVT","Eppendorf",1,0,NA,0,0,FALSE,"257.90",NA,"M",14.1414,53.0783,2018,0.7368421053,17,3,0.176470588235294,"Hauptstraße 5, 16278 Mark Landin",TRUE
"447","AA_0636","2018","YVT","Eppendorf",1,0,NA,0,0,FALSE,"163.80",NA,"M",14.1414,53.0783,2018,0.8,17,3,0.176470588235294,"Hauptstraße 5, 16278 Mark Landin",TRUE
"448","AA_0637","2018","YVT","Eppendorf",1,0,NA,0,0,FALSE,"265.80",NA,"F",14.1414,53.0783,2018,0.76,17,3,0.176470588235294,"Hauptstraße 5, 16278 Mark Landin",TRUE
"449","AA_0638","11/28/2018","YVT","Eppendorf + Eppendorf",2,0,NA,0,0,FALSE,"147.70",NA,"F",14.1414,53.0783,2018,0.84,17,3,0.176470588235294,"Hauptstraße 5, 16278 Mark Landin",TRUE
"450","AA_0639","2018","YVT","Eppendorf",1,0,NA,0,0,FALSE,"329.20",NA,"M",13.2144,53.1514,2018,0.7,20,0,0,NA,FALSE
"451","AA_0640","2018","YVT","Eppendorf",1,0,NA,0,0,FALSE,"325.30",NA,"M",13.2144,53.1514,2018,0.7,20,0,0,NA,FALSE
"452","AA_0641","2018","YVT","Eppendorf",1,0,NA,0,0,FALSE,"226.30",NA,"M",13.2144,53.1514,2018,0.6,20,0,0,NA,FALSE
"453","AA_0642","11/28/2018","YVT","Eppendorf",1,0,NA,0,0,FALSE,"413.22",NA,"F",14.1414,53.0783,2018,0.7391304348,17,3,0.176470588235294,"Hauptstraße 5, 16278 Mark Landin",TRUE
"454","AA_0643","11/21/2018","YVT","Eppendorf",1,0,NA,0,0,FALSE,"93.98",NA,"F",14.1414,53.0783,2018,0.84,17,3,0.176470588235294,"Hauptstraße 5, 16278 Mark Landin",TRUE
"455","AA_0644","11/29/2018","YVT","Eppendorf + Eppendorf + Eppendorf",3,36.53,NA,36.53,77,TRUE,"167.50",NA,"F",14.1414,53.0783,2018,0.84,17,3,0.176470588235294,"Hauptstraße 5, 16278 Mark Landin",TRUE
"456","AA_0645","11/28/2018","YVT","Eppendorf",1,0,NA,0,0,FALSE,"147.50",NA,"F",14.1414,53.0783,2018,0.8,17,3,0.176470588235294,"Hauptstraße 5, 16278 Mark Landin",TRUE
"457","AA_0647","11/21/2018","YVT","Eppendorf",1,0,NA,0,0,FALSE,"650.40",NA,"F",13.2144,53.1514,2018,0.8,20,0,0,NA,FALSE
"458","AA_0648","11/21/2018","YVT","Eppendorf",1,0,NA,0,0,FALSE,"81.60",NA,"F",13.2144,53.1514,2018,0.8571429,20,0,0,NA,FALSE
"459","AA_0649","11/21/2018","YVT","Eppendorf",1,0,NA,0,0,FALSE,"122.20",NA,"M",13.2144,53.1514,2018,0.65,20,0,0,NA,FALSE
"460","AA_0650","11/28/2018","YVT","Eppendorf + Eppendorf",2,0,NA,0,0,FALSE,"1,185.40",NA,"F",13.2144,53.1514,2018,0.8,20,0,0,NA,FALSE
"461","AA_0651","11/28/2018","YVT","Eppendorf",1,0,NA,0,0,FALSE,"292.40",NA,"F",13.2144,53.1514,2018,0.8,20,0,0,NA,FALSE
"462","AA_0652","11/21/2018","YVT","Eppendorf",1,0,NA,0,0,FALSE,"255.00",NA,"F",13.2144,53.1514,2018,0.7826087,20,0,0,NA,FALSE
"463","AA_0653","11/21/2018","YVT","Eppendorf",1,0,NA,0,0,FALSE,"284.90",NA,"M",13.2144,53.1514,2018,0.7058824,20,0,0,NA,FALSE
"464","AA_0654","11/21/2018","YVT","Eppendorf",1,0,NA,0,0,FALSE,"345.60",NA,"F",13.2144,53.1514,2018,0.8,20,0,0,NA,FALSE
"465","AA_0655","11/21/2018","YVT","Eppendorf",1,0,NA,0,0,FALSE,"356.30",NA,"F",13.2144,53.1514,2018,0.68,20,0,0,NA,FALSE
"466","AA_0656","11/28/2018","YVT","Eppendorf + Eppendorf",2,0,NA,0,0,FALSE,"796.00",NA,"F",13.2144,53.1514,2018,0.72,20,0,0,NA,FALSE
"467","AA_0657","11/21/2018","YVT","Eppendorf",1,0,NA,0,0,FALSE,"247.90",NA,"F",13.2144,53.1514,2018,0.64,20,0,0,NA,FALSE
"468","AA_0658","11/21/2018","YVT","Eppendorf",1,0,NA,0,0,FALSE,"193.80",NA,"F",13.2144,53.1514,2018,0.7619048,20,0,0,NA,FALSE
"469","AA_0659","11/21/2018","YVT","Eppendorf",1,0,NA,0,0,FALSE,"287.20",NA,"F",13.2144,53.1514,2018,0.72,20,0,0,NA,FALSE
"470","AA_0660","11/29/2018","YVT","Eppendorf + Eppendorf + Eppendorf",3,37.06,NA,37.06,54,TRUE,"223.20",NA,"F",14.1414,53.0783,2018,0.84,17,3,0.176470588235294,"Hauptstraße 5, 16278 Mark Landin",TRUE
"471","AA_0661","2018","YVT","Eppendorf",1,0,NA,0,0,FALSE,"198.10",NA,"F",14.1414,53.0783,2018,0.88,17,3,0.176470588235294,"Hauptstraße 5, 16278 Mark Landin",TRUE
"472","AA_0662","2018","YVT","Eppendorf",1,0,NA,0,0,FALSE,"515.30",NA,"M",14.1414,53.0783,2018,0.95,17,3,0.176470588235294,"Hauptstraße 5, 16278 Mark Landin",TRUE
"473","AA_0663","2018","YVT","Eppendorf",1,0,NA,0,0,FALSE,"107.40",NA,"F",14.1414,53.0783,2018,0.84,17,3,0.176470588235294,"Hauptstraße 5, 16278 Mark Landin",TRUE
"474","AA_0664","2018","YVT","Eppendorf",1,0,NA,0,0,FALSE,"170.50",NA,"F",14.1414,53.0783,2018,0.92,17,3,0.176470588235294,"Hauptstraße 5, 16278 Mark Landin",TRUE
"475","AA_0666","2018","YVT","Eppendorf",1,30.02,NA,30.02,6361,TRUE,"557.60",NA,"F",14.1414,53.0783,2018,0.84,17,3,0.176470588235294,"Hauptstraße 5, 16278 Mark Landin",TRUE
"476","AA_0667","2018","YVT","Eppendorf",1,29.49,NA,29.49,9108,TRUE,"148.00",NA,"F",14.0939,53.0706,2018,0.84,8,1,0.125,NA,FALSE
"477","AA_0668","2018","YVT","Eppendorf",1,0,NA,0,0,FALSE,"74.80",NA,"F",14.0939,53.0706,2018,0.8260869565,8,1,0.125,NA,FALSE
"478","AA_0669","2018","YVT","Eppendorf",1,31.77,NA,31.77,1944,TRUE,"221.80",NA,"F",13.9106,52.9328,2018,0.88,2,1,0.5,NA,FALSE
"479","AA_0670","2018","YVT","Eppendorf",1,0,NA,0,0,FALSE,"288.40",NA,"M",11.5093,53.5517,2018,0.05,1,0,0,NA,FALSE
"480","AA_0671","2018","YVT","Eppendorf",1,0,NA,0,0,FALSE,"270.20",NA,"F",11.4563,53.6,2018,0.1304348,1,0,0,NA,FALSE
"481","AA_0672","2018","YVT","Eppendorf",1,0,NA,0,0,FALSE,"159.40",NA,"M",13.66,52.7369,2018,0,15,1,0.0666666666666667,NA,FALSE
"482","AA_0673","2018","YVT","Eppendorf",1,0,NA,0,0,FALSE,"519.60",NA,"M",13.1781,52.9967,2018,0.2105263158,5,0,0,NA,FALSE
"483","AA_0674","2018","YVT","Eppendorf",1,0,NA,0,0,FALSE,"71.50",NA,"M",13.1781,52.9967,2018,0.15,5,0,0,NA,FALSE
"484","AA_0675","11/28/2018","YVT","Eppendorf + Eppendorf",2,0,NA,0,0,FALSE,"113.10",NA,"F",13.1781,52.9967,2018,0.16,5,0,0,NA,FALSE
"485","AA_0676","2018","YVT","Eppendorf",1,0,NA,0,0,FALSE,"239.20",NA,"F",13.1781,52.9967,2018,0.12,5,0,0,NA,FALSE
"486","AA_0677","2018","YVT","Eppendorf",1,0,NA,0,0,FALSE,"219.50",NA,"M",13.1781,52.9967,2018,0.2,5,0,0,NA,FALSE
"487","AA_0678","11/28/2018","YVT","Eppendorf",1,0,NA,0,0,FALSE,"385.80",NA,"M",13.9106,52.9328,2018,0.8888888889,2,1,0.5,NA,FALSE
"488","AA_0679","2018","YVT","Eppendorf",1,33.91,NA,33.91,456,TRUE,"181.20",NA,"M",14.0839,52.6081,2018,0.75,1,1,1,NA,FALSE
"489","AA_0680","2018","YVT","Eppendorf",1,0,NA,0,0,FALSE,"198.80",NA,"M",13.2564,52.9228,2018,0.1666666667,1,0,0,NA,FALSE
"490","AA_0681","3/8/2021","Tes-Tes","7300_RealTimePCR + Quantstudio1",2,NA,0,0,0,FALSE,"369.7",FALSE,"M",13.7317,52.9758,2019,0.9444444444,7,0,0,NA,FALSE
"491","AA_0682","3/8/2021","Tes-Tes","7300_RealTimePCR + Quantstudio1",2,NA,0,0,0,FALSE,"168.3",FALSE,"M",13.7317,52.9758,2019,0.9444444444,7,0,0,NA,FALSE
"492","AA_0683","5/27/2021","Tes-Tes","Quantstudio1 + Quantstudio1",2,NA,0,0,0,FALSE,"127.7",FALSE,"F",13.7317,52.9758,2019,0.8571428571,7,0,0,NA,FALSE
"493","AA_0684","5/27/2021","Tes","Quantstudio1",1,NA,0,0,0,FALSE,"426.6",FALSE,"F",13.7317,52.9758,2019,0.9130434783,7,0,0,NA,FALSE
"494","AA_0685","5/27/2021","Tes","Quantstudio1",1,NA,0,0,0,FALSE,"403.9",FALSE,"M",13.7317,52.9758,2019,0.9444444444,7,0,0,NA,FALSE
"495","AA_0686","3/8/2021","Tes-Tes","7300_RealTimePCR + Quantstudio1",2,NA,0,0,0,FALSE,"122.6",FALSE,"M",13.7317,52.9758,2019,0.9444444444,7,0,0,NA,FALSE
"496","AA_0687","3/8/2021","Tes-Tes","7300_RealTimePCR + Quantstudio1",2,NA,0,0,0,FALSE,"1096.5",FALSE,"F",13.7328,52.9794,2019,0.8260869565,6,1,0.166666666666667,NA,FALSE
"497","AA_0688","5/27/2021","Tes","Quantstudio1",1,NA,0,0,0,FALSE,"660.0",FALSE,"M",13.7325,52.9789,2019,0.8888888889,3,2,0.666666666666667,NA,FALSE
"498","AA_0689","6/18/2021","Tes-Tes-Tes","7300_RealTimePCR + Quantstudio1 + Quantstudio1",3,NA,28.30151986,28.30151986,20370,TRUE,"160.1",FALSE,"M",13.7325,52.9789,2019,0.6875,3,2,0.666666666666667,NA,FALSE
"499","AA_0690","3/8/2021","Tes-Tes","7300_RealTimePCR + Quantstudio1",2,NA,31.21169417,31.21169417,2838,TRUE,"195.6",FALSE,"M",13.7328,52.9794,2019,0.7647058824,6,1,0.166666666666667,NA,FALSE
"500","AA_0691","5/27/2021","Tes","Quantstudio1",1,NA,0,0,0,FALSE,"425.8",FALSE,"F",13.7328,52.9794,2019,0.8421052632,6,1,0.166666666666667,NA,FALSE
"501","AA_0692","5/27/2021","Tes","Quantstudio1",1,NA,0,0,0,FALSE,"384.1",FALSE,"M",13.7317,52.9758,2019,0.9444444444,7,0,0,NA,FALSE
"502","AA_0693","5/27/2021","Tes","Quantstudio1",1,NA,32.81,32.81,961,TRUE,"80.5",FALSE,"F",13.7325,52.9789,2019,0.8260869565,3,2,0.666666666666667,NA,FALSE
"503","AA_0694","5/27/2021","Tes","Quantstudio1",1,NA,0,0,0,FALSE,"152.1",FALSE,"M",13.7328,52.9794,2019,0.8888888889,6,1,0.166666666666667,NA,FALSE
"504","AA_0695","3/8/2021","Tes-Tes","7300_RealTimePCR + Quantstudio1",2,NA,0,0,0,FALSE,"77.4",FALSE,"F",13.7328,52.9794,2019,0.8571428571,6,1,0.166666666666667,NA,FALSE
"505","AA_0696","3/9/2021","Tes-Tes","7300_RealTimePCR + Quantstudio1",2,NA,0,0,0,FALSE,"310.4",FALSE,"M",13.7328,52.9794,2019,0.8333333333,6,1,0.166666666666667,NA,FALSE
"506","AA_0697","5/27/2021","Tes","Quantstudio1",1,NA,0,0,0,FALSE,"270.9",TRUE,"M",13.985,52.9756,2019,0.8888888889,7,0,0,NA,FALSE
"507","AA_0699","5/27/2021","Tes","Quantstudio1",1,NA,0,0,0,FALSE,"73.5",FALSE,"F",13.985,52.9756,2019,0.8095238095,7,0,0,NA,FALSE
"508","AA_0700","3/8/2021","Tes-Tes","7300_RealTimePCR + Quantstudio1",2,NA,0,0,0,FALSE,"119.5",FALSE,"M",13.985,52.9756,2019,0.8333333333,7,0,0,NA,FALSE
"509","AA_0701","5/27/2021","Tes","Quantstudio1",1,NA,0,0,0,FALSE,"69.1",FALSE,"F",13.985,52.9756,2019,0.7619047619,7,0,0,NA,FALSE
"510","AA_0702","5/27/2021","Tes","Quantstudio1",1,NA,0,0,0,FALSE,"93.0",FALSE,"M",13.985,52.9756,2019,0.7777777778,7,0,0,NA,FALSE
"511","AA_0703","3/9/2021","Tes-Tes","7300_RealTimePCR + Quantstudio1",2,NA,33.74166667,33.74166667,511,TRUE,"335.4",FALSE,"M",12.9189,52.8789,2019,0.1428571429,1,1,1,NA,FALSE
"512","AA_0704","3/9/2021","Tes-Tes","7300_RealTimePCR + Quantstudio1",2,NA,0,0,0,FALSE,"134.2",FALSE,"F",14.7542,52.975,2019,0.7391304348,1,0,0,NA,FALSE
"513","AA_0705","5/27/2021","Tes","Quantstudio1",1,NA,0,0,0,FALSE,"335.3",TRUE,"M",13.985,52.9756,2019,0.8888888889,7,0,0,NA,FALSE
"514","AA_0706","5/27/2021","Tes","Quantstudio1",1,NA,0,0,0,FALSE,"370.4",FALSE,"F",13.985,52.9756,2019,0.8695652174,7,0,0,NA,FALSE
"515","AA_0707","5/27/2021","Tes","Quantstudio1",1,NA,0,0,0,FALSE,"488.7",FALSE,"F",13.6892,52.535,2019,0.1904761905,3,0,0,NA,FALSE
"516","AA_0708","5/27/2021","Tes","Quantstudio1",1,NA,0,0,0,FALSE,"163.0",FALSE,"M",13.6892,52.535,2019,0.2352941176,3,0,0,NA,FALSE
"517","AA_0709","5/27/2021","Tes-Tes","7300_RealTimePCR + Quantstudio1",2,NA,0,0,0,FALSE,"288.3",FALSE,"F",13.6892,52.535,2019,0.1304347826,3,0,0,NA,FALSE
"518","AA_0710","3/9/2021","Tes","Quantstudio1",1,NA,0,0,0,FALSE,"321.3",FALSE,"M",13.7847,52.2972,2019,0,2,0,0,NA,FALSE
"519","AA_0711","5/27/2021","Tes","Quantstudio1",1,NA,0,0,0,FALSE,"151.7",FALSE,"M",13.7847,52.2972,2019,0.05882352941,2,0,0,NA,FALSE
"520","AA_0712","3/10/2021","Tes","Quantstudio1",1,NA,0,0,0,FALSE,"234.7",FALSE,"F",13.7075,52.2453,2019,0.08695652174,3,1,0.333333333333333,NA,FALSE
"521","AA_0713","5/27/2021","Tes","Quantstudio1",1,NA,0,0,0,FALSE,"146.7",FALSE,"F",13.9917,52.9781,2019,0.8695652174,7,0,0,NA,FALSE
"522","AA_0714","3/10/2021","Tes-Tes","Quantstudio1 + Quantstudio1",2,NA,36.75569127,36.75569127,66,TRUE,"209.5",FALSE,"M",13.7075,52.2453,2019,0.1111111111,3,1,0.333333333333333,NA,FALSE
"523","AA_0715","3/8/2021","Tes-Tes","7300_RealTimePCR + Quantstudio1",2,NA,0,0,0,FALSE,"390.1",FALSE,"M",13.7075,52.2453,2019,0.1764705882,3,1,0.333333333333333,NA,FALSE
"524","AA_0716","5/27/2021","Tes","Quantstudio1",1,NA,0,0,0,FALSE,"86.0",FALSE,"F",13.9917,52.9781,2019,0.8260869565,7,0,0,NA,FALSE
"525","AA_0717","5/27/2021","Tes","Quantstudio1",1,NA,0,0,0,FALSE,"483.0",FALSE,"F",13.9917,52.9781,2019,0.8695652174,7,0,0,NA,FALSE
"526","AA_0718","3/9/2021","Tes-Tes","7300_RealTimePCR + Quantstudio1",2,NA,0,0,0,FALSE,"149.7",FALSE,"M",13.9917,52.9781,2019,0.8333333333,7,0,0,NA,FALSE
"527","AA_0719","5/27/2021","Tes","Quantstudio1",1,NA,0,0,0,FALSE,"234.2",FALSE,"M",13.9917,52.9781,2019,0.875,7,0,0,NA,FALSE
"528","AA_0720","3/9/2021","Tes-Tes","7300_RealTimePCR + Quantstudio1",2,NA,0,0,0,FALSE,"430.1",FALSE,"F",13.9917,52.9781,2019,0.7826086957,7,0,0,NA,FALSE
"529","AA_0721","5/27/2021","Tes-Tes","Quantstudio1 + Quantstudio1",2,NA,0,0,0,FALSE,"263.5",FALSE,"F",13.9917,52.9781,2019,0.7826086957,7,0,0,NA,FALSE
"530","AA_0722","3/8/2021","Tes-Tes","7300_RealTimePCR + Quantstudio1",2,NA,0,0,0,FALSE,"950.7",FALSE,"M",13.4219,53.0389,2019,0.8823529412,3,0,0,NA,FALSE
"531","AA_0723","3/10/2021","Tes","Quantstudio1",1,NA,0,0,0,FALSE,"209.6",FALSE,"M",13.4219,53.0389,2019,0.6875,3,0,0,NA,FALSE
"532","AA_0724","3/10/2021","Tes","Quantstudio1",1,NA,0,0,0,FALSE,"705.2",FALSE,"F",13.4219,53.0389,2019,0.652173913,3,0,0,NA,FALSE
"533","AA_0725","3/8/2021","Tes-Tes","7300_RealTimePCR + Quantstudio1",2,NA,0,0,0,FALSE,"215.1",FALSE,"F",13.4767,53.0006,2019,0.6956521739,5,0,0,NA,FALSE
"534","AA_0726","5/27/2021","Tes-Tes","Quantstudio1 + Quantstudio1",2,NA,0,0,0,FALSE,"117.2",FALSE,"M",13.4767,53.0006,2019,0.6666666667,5,0,0,NA,FALSE
"535","AA_0727","3/10/2021","Tes","Quantstudio1",1,NA,0,0,0,FALSE,"748.9",FALSE,"F",13.4767,53.0006,2019,0.652173913,5,0,0,NA,FALSE
"536","AA_0728","5/27/2021","Tes","Quantstudio1",1,NA,0,0,0,FALSE,"432.9",TRUE,"F",13.4767,53.0006,2019,0.5217391304,5,0,0,NA,FALSE
"537","AA_0729","3/10/2021","Tes","Quantstudio1",1,NA,0,0,0,FALSE,"738.1",FALSE,"F",13.4767,53.0006,2019,0.5217391304,5,0,0,NA,FALSE
"538","AA_0730","5/27/2021","Tes","Quantstudio1",1,NA,0,0,0,FALSE,"273.5",FALSE,"F",13.0978,52.7989,2019,0.08695652174,1,0,0,NA,FALSE
"539","AA_0731","5/27/2021","Tes","Quantstudio1",1,NA,0,0,0,FALSE,"111.2",FALSE,"M",13.3269,53.2217,2019,0.9333333333,5,0,0,NA,FALSE
"540","AA_0732","5/27/2021","Tes","Quantstudio1",1,NA,0,0,0,FALSE,"181.9",FALSE,"M",13.3269,53.2217,2019,0.8823529412,5,0,0,NA,FALSE
"541","AA_0733","5/27/2021","Tes","Quantstudio1",1,NA,0,0,0,FALSE,"125.7",FALSE,"F",13.3269,53.2217,2019,0.9047619048,5,0,0,NA,FALSE
"542","AA_0734","3/10/2021","Tes","Quantstudio1",1,NA,0,0,0,FALSE,"316.2",FALSE,"F",13.3269,53.2217,2019,0.9523809524,5,0,0,NA,FALSE
"543","AA_0735","3/9/2021","Tes-Tes","7300_RealTimePCR + Quantstudio1",2,NA,0,0,0,FALSE,"261.3",FALSE,"M",13.3806,53.2242,2019,0.8333333333,3,0,0,NA,FALSE
"544","AA_0736","5/27/2021","Tes","Quantstudio1",1,NA,0,0,0,FALSE,"102.7",FALSE,"M",13.3806,53.2242,2019,0.9444444444,3,0,0,NA,FALSE
"545","AA_0737","5/27/2021","Tes-Tes","Quantstudio1 + Quantstudio1",2,NA,0,0,0,FALSE,"252.2",TRUE,"F",13.3806,53.2242,2019,0.8,3,0,0,NA,FALSE
"546","AA_0738","3/10/2021","Tes","Quantstudio1",1,NA,0,0,0,FALSE,"268.3",FALSE,"F",13.3269,53.2217,2019,1,5,0,0,NA,FALSE
"547","AA_0739","3/9/2021","Tes-Tes","7300_RealTimePCR + Quantstudio1",2,NA,33.71,33.71,522,TRUE,"162.9",FALSE,"M",14.1267,53.0897,2019,0.6470588235,7,1,0.142857142857143,NA,FALSE
"548","AA_0740","3/9/2021","Tes-Tes","7300_RealTimePCR + Quantstudio1",2,NA,0,0,0,FALSE,"348.7",FALSE,"M",14.1264,53.09,2019,0.7222222222,4,0,0,NA,FALSE
"549","AA_0741","3/8/2021","Tes-Tes","7300_RealTimePCR + Quantstudio1",2,NA,0,0,0,FALSE,"114.9",FALSE,"F",14.1264,53.09,2019,0.6666666667,4,0,0,NA,FALSE
"550","AA_0742","3/10/2021","Tes","Quantstudio1",1,NA,0,0,0,FALSE,"359.1",FALSE,"F",14.1264,53.09,2019,0.8,4,0,0,NA,FALSE
"551","AA_0743","3/9/2021","Tes-Tes","7300_RealTimePCR + Quantstudio1",2,NA,0,0,0,FALSE,"304.6",FALSE,"M",14.1147,53.0317,2019,0.8235294118,7,1,0.142857142857143,NA,FALSE
"552","AA_0744","5/27/2021","Tes","Quantstudio1",1,NA,0,0,0,FALSE,"161.3",FALSE,"M",14.1147,53.0317,2019,0.9444444444,7,1,0.142857142857143,NA,FALSE
"553","AA_0745","3/8/2021","Tes-Tes","7300_RealTimePCR + Quantstudio1",2,NA,0,0,0,FALSE,"576.5",FALSE,"F",14.1264,53.09,2019,0.8260869565,4,0,0,NA,FALSE
"554","AA_0746","6/1/2021","Tes","Quantstudio1",1,NA,0,0,0,FALSE,"244.0",FALSE,"F",14.1147,53.0317,2019,0.9130434783,7,1,0.142857142857143,NA,FALSE
"555","AA_0747","3/10/2021","Tes","Quantstudio1",1,NA,0,0,0,FALSE,"419.9",FALSE,"M",14.1147,53.0317,2019,0.9411764706,7,1,0.142857142857143,NA,FALSE
"556","AA_0748","5/27/2021","Tes","Quantstudio1",1,NA,0,0,0,FALSE,"408.2",FALSE,"M",14.1147,53.0317,2019,0.8888888889,7,1,0.142857142857143,NA,FALSE
"557","AA_0749","5/27/2021","Tes","Quantstudio1",1,NA,33.68,33.68,533,TRUE,"455.1",TRUE,"M",14.1147,53.0317,2019,1,7,1,0.142857142857143,NA,FALSE
"558","AA_0750","6/1/2021","Tes","Quantstudio1",1,NA,32.29,32.29,1367,TRUE,"533.4",FALSE,"F",13.2761,52.9722,2019,0,3,1,0.333333333333333,NA,FALSE
"559","AA_0752","6/1/2021","Tes","Quantstudio1",1,NA,31.95,31.95,1721,TRUE,"388.0",FALSE,"M",13.705,52.2578,2019,0.1666666667,1,1,1,NA,FALSE
"560","AA_0753","6/1/2021","Tes","Quantstudio1",1,NA,0,0,0,FALSE,"175.9",FALSE,"M",13.8867,52.2717,2019,0.1666666667,1,0,0,NA,FALSE
"561","AA_0754","6/1/2021","Tes","Quantstudio1",1,NA,0,0,0,FALSE,NA,NA,"M",13.3047,52.9936,2019,0.1666666667,21,3,0.142857142857143,"Mildenberger Str. 1, 16792 Zehdenick",TRUE
"562","AA_0755","3/9/2021","Tes-Tes","7300_RealTimePCR + Quantstudio1",2,NA,33.77666667,33.77666667,499,TRUE,NA,NA,"M",14.1125,53.1439,2019,0.7777777778,1,1,1,NA,FALSE
"563","AA_0756","5/27/2021","Tes","Quantstudio1",1,NA,0,0,0,FALSE,"202.0",FALSE,"M",14.1147,53.0317,2019,1,7,1,0.142857142857143,NA,FALSE
"564","AA_0757","3/10/2021","Tes","Quantstudio1",1,NA,0,0,0,FALSE,"292.9",FALSE,"F",13.1431,53.0014,2019,0.2666666667,1,0,0,NA,FALSE
"565","AA_0758","6/1/2021","Tes","Quantstudio1",1,NA,0,0,0,FALSE,"131.7",FALSE,"M",13.3047,52.9936,2019,0.1538461538,21,3,0.142857142857143,"Mildenberger Str. 1, 16792 Zehdenick",TRUE
"566","AA_0759","3/8/2021","Tes-Tes","7300_RealTimePCR + Quantstudio1",2,NA,30.55,30.55,4443,TRUE,"214.6",FALSE,"M",13.3047,52.9936,2019,0.1538461538,21,3,0.142857142857143,"Mildenberger Str. 1, 16792 Zehdenick",TRUE
"567","AA_0760","3/10/2021","Tes","Quantstudio1",1,NA,0,0,0,FALSE,"252.5",FALSE,"F",13.2761,52.9722,2019,0,3,1,0.333333333333333,NA,FALSE
"568","AA_0761","3/9/2021","Tes-Tes","7300_RealTimePCR + Quantstudio1",2,NA,0,0,0,FALSE,"342.4",FALSE,"M",13.2761,52.9722,2019,0.125,3,1,0.333333333333333,NA,FALSE
"569","AA_0762","6/1/2021","Tes","Quantstudio1",1,NA,0,0,0,FALSE,"102.2",FALSE,"M",13.3047,52.9936,2019,0.1111111111,21,3,0.142857142857143,"Mildenberger Str. 1, 16792 Zehdenick",TRUE
"570","AA_0763","3/10/2021","Tes","Quantstudio1",1,NA,0,0,0,FALSE,"301.9",FALSE,"M",13.8956,52.2675,2019,0.3529411765,1,0,0,NA,FALSE
"571","AA_0764","3/9/2021","Tes-Tes","7300_RealTimePCR + Quantstudio1",2,NA,0,0,0,FALSE,"288.1",FALSE,"M",13.6014,53.2639,2019,0.8888888889,1,0,0,NA,FALSE
"572","AA_0765","3/9/2021","Tes-Tes","7300_RealTimePCR + Quantstudio1",2,NA,0,0,0,FALSE,"295.9",FALSE,"M",13.5497,53.26,2019,0.8888888889,1,0,0,NA,FALSE
"573","AA_0766","6/1/2021","Tes","Quantstudio1",1,NA,0,0,0,FALSE,"173.9",FALSE,"F",13.2131,52.9461,2019,0.09523809524,16,0,0,NA,FALSE
"574","AA_0767","5/27/2021","Tes","Quantstudio1",1,NA,0,0,0,FALSE,"766.1",TRUE,"M",13.2131,52.9461,2019,0.1764705882,16,0,0,NA,FALSE
"575","AA_0768","3/9/2021","Tes-Tes","7300_RealTimePCR + Quantstudio1",2,NA,0,0,0,FALSE,"196.6",FALSE,"M",13.2131,52.9461,2019,0.2,16,0,0,NA,FALSE
"576","AA_0769","3/8/2021","Tes-Tes","7300_RealTimePCR + Quantstudio1",2,NA,0,0,0,FALSE,"728.2",FALSE,"F",13.2131,52.9461,2019,0.1578947368,16,0,0,NA,FALSE
"577","AA_0770","3/8/2021","Tes-Tes","7300_RealTimePCR + Quantstudio1",2,NA,0,0,0,FALSE,"244.1",FALSE,"F",13.7183,53.2978,2019,0.8571428571,2,0,0,NA,FALSE
"578","AA_0771","5/27/2021","Tes","Quantstudio1",1,NA,0,0,0,FALSE,"443.6",FALSE,"F",13.7183,53.2978,2019,0.8571428571,2,0,0,NA,FALSE
"579","AA_0772","3/8/2021","Tes-Tes","7300_RealTimePCR + Quantstudio1",2,NA,0,0,0,FALSE,"258.5",FALSE,"M",13.2131,52.9461,2019,0.2352941176,16,0,0,NA,FALSE
"580","AA_0773","5/27/2021","Tes","Quantstudio1",1,NA,0,0,0,FALSE,"423.2",FALSE,"M",13.2131,52.9461,2019,0.1111111111,16,0,0,NA,FALSE
"581","AA_0774","3/9/2021","Tes-Tes","7300_RealTimePCR + Quantstudio1",2,NA,0,0,0,FALSE,"609.9",FALSE,"F",13.2131,52.9461,2019,0.04347826087,16,0,0,NA,FALSE
"582","AA_0775","6/1/2021","Tes","Quantstudio1",1,NA,0,0,0,FALSE,"239.7",FALSE,"F",13.2131,52.9461,2019,0.1304347826,16,0,0,NA,FALSE
"583","AA_0780","3/10/2021","Tes","Quantstudio1",1,NA,0,0,0,FALSE,"219.9",TRUE,"M",13.2131,52.9461,2019,0.2222222222,16,0,0,NA,FALSE
"584","AA_0783","3/9/2021","Tes-Tes","7300_RealTimePCR + Quantstudio1",2,NA,0,0,0,FALSE,"226.1",FALSE,"M",13.6064,53.1922,2019,0.8823529412,1,0,0,NA,FALSE
"585","AA_0784","5/27/2021","Tes","Quantstudio1",1,NA,0,0,0,FALSE,"666.1",FALSE,"M",13.6069,53.1928,2019,0.7647058824,2,0,0,NA,FALSE
"586","AA_0786","5/27/2021","Tes","Quantstudio1",1,NA,0,0,0,FALSE,"331.1",FALSE,"F",13.6069,53.1928,2019,0.7826086957,2,0,0,NA,FALSE
"587","AA_0788","5/27/2021","Tes","Quantstudio1",1,NA,0,0,0,FALSE,"951.7",TRUE,"M",13.59694444,53.22861111,2019,0.7647058824,3,0,0,NA,FALSE
"588","AA_0789","3/8/2021","Tes-Tes","7300_RealTimePCR + Quantstudio1",2,NA,0,0,0,FALSE,"186.7",FALSE,"F",13.6478,53.1869,2019,0.8695652174,1,0,0,NA,FALSE
"589","AA_0790","3/9/2021","Tes-Tes","7300_RealTimePCR + Quantstudio1",2,NA,0,0,0,FALSE,"567.0",FALSE,"F",13.59694444,53.22861111,2019,0.7826086957,3,0,0,NA,FALSE
"590","AA_0791","3/8/2021","Tes-Tes","7300_RealTimePCR + Quantstudio1",2,NA,0,0,0,FALSE,"734.8",FALSE,"M",13.59694444,53.22861111,2019,0.75,3,0,0,NA,FALSE
"591","AA_0793","6/18/2021","Tes-Tes","Quantstudio1 + Quantstudio1",2,NA,29.23189459,29.23189459,10848,TRUE,"729.4",FALSE,"F",13.9533,53.1422,2019,0.8695652174,8,5,0.625,"Dorfstraße 28, 16278 Angermünde",TRUE
"592","AA_0794","3/10/2021","Tes","Quantstudio1",1,NA,31.17,31.17,2919,TRUE,"214.2",FALSE,"F",13.9533,53.1422,2019,0.8695652174,8,5,0.625,"Dorfstraße 28, 16278 Angermünde",TRUE
"593","AA_0799","3/10/2021","Tes","Quantstudio1",1,NA,0,0,0,FALSE,"643.1",FALSE,"M",13.9533,53.1422,2019,0.8333333333,8,5,0.625,"Dorfstraße 28, 16278 Angermünde",TRUE
"594","AA_0801","5/27/2021","Tes","Quantstudio1",1,NA,33.59,33.59,567,TRUE,"741.1",FALSE,"F",13.9533,53.1422,2019,0.7826086957,8,5,0.625,"Dorfstraße 28, 16278 Angermünde",TRUE
"595","AA_0804","3/9/2021","Tes-Tes","7300_RealTimePCR + Quantstudio1",2,NA,32.84666667,32.84666667,938,TRUE,"844.3",FALSE,"F",13.9533,53.1422,2019,0.9523809524,8,5,0.625,"Dorfstraße 28, 16278 Angermünde",TRUE
"596","AA_0805","3/8/2021","Tes-Tes","7300_RealTimePCR + Quantstudio1",2,NA,29.68846904,29.68846904,7963,TRUE,"476.0",FALSE,"F",13.9533,53.1422,2019,0.8095238095,8,5,0.625,"Dorfstraße 28, 16278 Angermünde",TRUE
"597","AA_0806","6/1/2021","Tes","Quantstudio1",1,NA,0,0,0,FALSE,"753.1",FALSE,"F",13.9533,53.1422,2019,0.8181818182,8,5,0.625,"Dorfstraße 28, 16278 Angermünde",TRUE
"598","AA_0807","6/1/2021","Tes","Quantstudio1",1,NA,0,0,0,FALSE,"967.6",FALSE,"F",13.9533,53.1422,2019,0.8695652174,8,5,0.625,"Dorfstraße 28, 16278 Angermünde",TRUE
"599","AA_0808","3/8/2021","Tes-Tes","7300_RealTimePCR + Quantstudio1",2,NA,0,0,0,FALSE,"207.6",FALSE,"M",13.9953,53.1886,2019,0.9444444444,1,0,0,NA,FALSE
"600","AA_0811","3/10/2021","Tes","Quantstudio1",1,NA,0,0,0,FALSE,"193.4",FALSE,"F",13.7586,53.1406,2019,0.8695652174,5,0,0,NA,FALSE
"601","AA_0815","6/1/2021","Tes","Quantstudio1",1,NA,0,0,0,FALSE,"368.4",FALSE,"F",13.7586,53.1406,2019,0.8695652174,5,0,0,NA,FALSE
"602","AA_0820","6/1/2021","Tes","Quantstudio1",1,NA,0,0,0,FALSE,"143.9",FALSE,"M",13.7586,53.1406,2019,0.8823529412,5,0,0,NA,FALSE
"603","AA_0821","3/9/2021","Tes-Tes","7300_RealTimePCR + Quantstudio1",2,NA,0,0,0,FALSE,NA,NA,"M",13.7586,53.1406,2019,0.8823529412,5,0,0,NA,FALSE
"604","AA_0823","6/1/2021","Tes","Quantstudio1",1,NA,0,0,0,FALSE,"311.7",FALSE,"F",13.1058,53.0656,2019,0.04347826087,1,0,0,NA,FALSE
"605","AA_0827","6/1/2021","Tes","Quantstudio1",1,NA,0,0,0,FALSE,"121.2",FALSE,"F",13.2281,53.0533,2019,0.08695652,2,0,0,NA,FALSE
"606","AA_0828","5/27/2021","Tes","Quantstudio1",1,NA,0,0,0,FALSE,"135.4",TRUE,"M",13.7586,53.1406,2019,0.8125,5,0,0,NA,FALSE
"607","AA_0830","5/27/2021","Tes","Quantstudio1",1,NA,0,0,0,FALSE,"372.8",TRUE,"F",13.2281,53.0533,2019,0.04347826,2,0,0,NA,FALSE
"608","AA_0837","3/10/2021","Tes","Quantstudio1",1,NA,0,0,0,FALSE,"319.3",FALSE,"M",13.6797,53.1161,2019,0.9333333333,1,0,0,NA,FALSE
"609","AA_0844","3/9/2021","Tes-Tes","7300_RealTimePCR + Quantstudio1",2,NA,0,0,0,FALSE,"694.2",FALSE,"M",13.1144,52.9208,2019,0.9411764706,2,0,0,NA,FALSE
"610","AA_0845","6/1/2021","Tes","Quantstudio1",1,NA,0,0,0,FALSE,"202.7",FALSE,"M",13.2131,52.9447,2019,0.125,16,0,0,NA,FALSE
"611","AA_0846","3/8/2021","Tes-Tes","7300_RealTimePCR + Quantstudio1",2,NA,0,0,0,FALSE,"208.5",FALSE,"M",13.1203,53.0072,2019,0.5882352941,1,0,0,NA,FALSE
"612","AA_0847","3/8/2021","Tes-Tes","7300_RealTimePCR + Quantstudio1",2,NA,0,0,0,FALSE,"247.4",FALSE,"F",13.2131,52.9447,2019,0.1428571429,16,0,0,NA,FALSE
"613","AA_0848","5/27/2021","Tes","Quantstudio1",1,NA,0,0,0,FALSE,"553.9",FALSE,"M",13.2131,52.9447,2019,0.125,16,0,0,NA,FALSE
"614","AA_0849","3/10/2021","Tes","Quantstudio1",1,NA,0,0,0,FALSE,"327.4",FALSE,"M",13.2131,52.9447,2019,0.1666666667,16,0,0,NA,FALSE
"615","AA_0850","3/9/2021","Tes-Tes","7300_RealTimePCR + Quantstudio1",2,NA,0,0,0,FALSE,"563.6",FALSE,"M",13.2131,52.9447,2019,0.2352941176,16,0,0,NA,FALSE
"616","AA_0851","3/9/2021","Tes-Tes","7300_RealTimePCR + Quantstudio1",2,NA,0,0,0,FALSE,"275.0",FALSE,"F",13.2131,52.9447,2019,0.1304347826,16,0,0,NA,FALSE
"617","AA_0852","3/10/2021","Tes","Quantstudio1",1,NA,0,0,0,FALSE,"838.0",FALSE,"F",13.2131,52.9447,2019,0.1304347826,16,0,0,NA,FALSE
"618","AA_0853","3/8/2021","Tes-Tes","7300_RealTimePCR + Quantstudio1",2,NA,0,0,0,FALSE,"404.8",FALSE,"M",14.0678,52.6203,2019,0.9333333333,6,1,0.166666666666667,NA,FALSE
"619","AA_0854","6/1/2021","Tes","Quantstudio1",1,NA,0,0,0,FALSE,"97.9",FALSE,"M",13.1144,52.9208,2019,0.7777777778,2,0,0,NA,FALSE
"620","AA_0855","3/10/2021","Tes","Quantstudio1",1,NA,0,0,0,FALSE,"770.2",FALSE,"F",13.7178,53.1267,2019,0.8260869565,2,0,0,NA,FALSE
"621","AA_0856","3/10/2021","Tes","Quantstudio1",1,NA,0,0,0,FALSE,"328.0",FALSE,"F",14.1011,52.9456,2018,0.8695652,2,0,0,NA,FALSE
"622","AA_0857","3/10/2021","Tes","Quantstudio1",1,NA,0,0,0,FALSE,"416.2",FALSE,"F",13.7178,53.1267,2019,0.8260869565,2,0,0,NA,FALSE
