Primer Pair,Locus,Locus Direction,Gene ID,CDS ID,Chr.,Size including Primers,Primer Length,Min binding position in genome,Max binding position in genome,Sequence,%GC,Tm,Hairpin Tm,Self-Dimer Tm,Pair Dimer Tm,"Pair binds to
 1...tyz 
 2...tyz+par 
 3...tyz+par+hom 
 4...tyz+hom",Exon,Target (nt),Identical Sites (nt),Pairwise Identity (nt) %,SNPs Outside ORF,SNPs in ORF (nt),Synonymous SNPs (nt),Non- Synonymous SNPs (nt),Indels in ORF Sum (nt),Indel distorts ORF TRUE,Insertions in ORF (nt),Deletions in ORF (nt),Indels outside ORF sum (nt),Insertions outside ORF (nt),Deletions outside ORF (nt),NNNNN (unknown nt),# aa amplified,Identical Sites with parvum (aa),Pairwise Identity (nt) %,aa inserted sum,aa deleted sum,aa inserted,aa deleted,aa changes sum,X = aa exchanges,B = D/N exchange,J = I/L exchange,Z = E/Q exchange,"??? 
(unknown aa)",Primer BLAST Search against Mouse genome --> Primer binds to mouse genome,# products with mouse genome (no length specification),Name,Basic Tm (C),Salt Adjusted Tm (C),Nearest Neighbor Tm (C),"Single Base Runs
Pass",Dinucleotide Base Runs Pass,"Length 
Pass","%GC 
Pass","Tm Nearest Neighbor
Pass","GC - Clamp
Pass","Self Annealing
Pass","Hairpin formation 
Pass"
1,gp40,Rev,CTYZ_00001283,TRY50836.1,6,283,20,"254,790","254,809",TGGCGTCCTGATTCAACGTA,50,59.4,None,11.4,None,1,1,244,233,95.50%,3,7,2,5,,,,,1,,1 x 1,,50,45,90.00%,,,,,5,5,,,,,T,1,1 F gp40,52,47,64.39,T,T,T,T,FALSE,T,T,T
1,gp40,Rev,CTYZ_00001283,TRY50836.1,6,283,20,"255,053","255,072",ACCGGCTCAAATAGTGGCTC,55,60.1,34.5,None,None,1,1,244,233,95.50%,3,7,2,5,,,,,1,,1 x 1,,50,45,90.00%,,,,,5,5,,,,,T,1,1 R gp40,54,49,64.81,T,T,T,T,FALSE,FALSE,FALSE,FALSE
2,gp40,Rev,CTYZ_00001283,TRY50836.1,6,296,20,"254,964","254,983",AAGCAGAGGAACCAGCATCC,55,60,37.2,5.9,None,1,1,259,223,86.10%,,33,14,19,3,,,1 x 3,,,,,87,68,78.20%,,,,,19,18,1,,,,T,8,2 F gp40,54,49,64.79,T,T,T,T,FALSE,T,T,T
2,gp40,Rev,CTYZ_00001283,TRY50836.1,6,296,20,"255,240","255,259",CGAATCCAGTGGTGCTCAGT,55,60,None,2.3,None,1,1,259,223,86.10%,,33,14,19,3,,,1 x 3,,,,,87,68,78.20%,,,,,19,18,1,,,,T,8,2 R gp40,54,49,65.03,T,T,T,T,FALSE,T,T,T
3,gp40,Rev,CTYZ_00001283,TRY50836.1,6,251,24,"255,207","255,230",CACCTTCCTCTGAGAGTGATCTTC,50,60.1,30.8,9.9,None,1,1,207,173,83.60%,,34,17,17,,,,,,,,,70,53,75.70%,,,,,17,16,1,,,,F,,3 F gp40,57,52,65.03,T,T,T,T,FALSE,T,T,T
3,gp40,Rev,CTYZ_00001283,TRY50836.1,6,251,20,"255,438","255,457",TGCGACCTTGAAGTGTGGTG,55,60.8,33.7,None,None,1,1,207,173,83.60%,,34,17,17,,,,,,,,,70,53,75.70%,,,,,17,16,1,,,,F,,3 R gp40,54,49,65.77,T,T,T,T,FALSE,T,T,T
4,gp40,Rev,CTYZ_00001283,TRY50836.1,6,261,20,"255,300","255,319",TGCTGAACTCCTTACCGTCG,55,59.8,None,None,11.1,1,1,221,197,89.10%,,24,12,12,,,,,,,,,74,62,83.80%,,,,,12,11,,,1,,T,9,4 F gp40,54,49,64.70,T,T,T,T,FALSE,FALSE,T,T
4,gp40,Rev,CTYZ_00001283,TRY50836.1,6,261,20,"255,541","255,560",CCCCAACTCAAGGTTCTGCT,55,59.9,35.7,None,11.1,1,1,221,197,89.10%,,24,12,12,,,,,,,,,74,62,83.80%,,,,,12,11,,,1,,T,9,4 R gp40,54,49,64.99,T,T,T,T,FALSE,T,T,T
5,gp40,Rev,CTYZ_00001283,TRY50836.1,6,250,22,"255,522","255,543",CTGTGGACTGAGTAGTGTCAGC,54.5,60.4,46.9,None,None,1,1,208,97,46.60%,,87,49,38,24,,"1 x 21
 1 x 3",,,,,,70,23,32.90%,9,,9,,47,35,,,3,,T,2,5 F gp40,57,52,65.09,T,T,T,T,FALSE,T,T,T
5,gp40,Rev,CTYZ_00001283,TRY50836.1,6,250,20,"255,752","255,771",ATCGCACCAGCAAATAAGGC,50,59.3,42.3,None,None,1,1,208,97,46.60%,,87,49,38,24,,"1 x 21
 1 x 3",,,,,,70,23,32.90%,9,,9,,47,35,,,3,,T,2,5 R gp40,52,47,63.61,T,T,T,T,FALSE,T,T,T
6,gp40,Rev,CTYZ_00001283,TRY50836.1,6,257,22,"255,623","255,644",TCCTGGGTAGCATTAGAATCGC,50,60,None,None,None,1,1,213,122,57.30%,,67,37,30,24,,"1 x 21
 1 x 2
 1 x 1",,,,,,72,37,51.40%,5,,5,,35,29,,,1,,F,,6 F gp40,55,50,64.49,T,T,T,T,FALSE,T,T,T
6,gp40,Rev,CTYZ_00001283,TRY50836.1,6,257,22,"255,858","255,879",CTCTCCGTTATAGTCTCCGCTG,54.5,59.8,None,None,None,1,1,213,122,57.30%,,67,37,30,24,,"1 x 21
 1 x 2
 1 x 1",,,,,,72,37,51.40%,5,,5,,35,29,,,1,,F,,6 R gp40,57,52,64.49,T,T,T,T,FALSE,FALSE,T,T
7,gp40,Rev,CTYZ_00001283,TRY50836.1,6,253,20,"255,822","255,841",AAGTGCCTCTGAGTGGAACG,55,60,30.6,None,None,2,1,213,209,98.10%,3,1,1,0,,,,,,,,,22,22,100.00%,,,,,0,0,,,,,F,,7 F gp40,54,49,64.96,T,T,T,T,FALSE,T,FALSE,T
7,gp40,Rev,CTYZ_00001283,TRY50836.1,6,253,20,"256,055","256,074",CGTGGACAGGGTGTATCCAC,60,60.1,40.2,7.5,None,2,1,213,209,98.10%,3,1,1,0,,,,,,,,,22,22,100.00%,,,,,0,0,,,,,F,,7 R gp40,56,51,65.40,T,T,T,T,FALSE,T,T,T
8,MSC6-7,Rev,CTYZ_00001179,TRY50827.1,6,257,20,"5,072","5,091",CGCCGCAAATGTACAAAAGC,50,59.3,None,6.7,None,1,1,259,200,77.20%,,14,6,8,45,,,1 x 45,,,,,73,50,68.50%,,15,,1 x 15,23,8,,,,,F,,1 F MSC6-7,52,47,63.49,T,T,T,T,FALSE,T,FALSE,T
8,MSC6-7,Rev,CTYZ_00001179,TRY50827.1,6,257,23,"5,306","5,328",GGGCTATCAATCAGAAGGTGAGG,52.2,60.5,39.1,None,None,1,1,259,200,77.20%,,14,6,8,45,,,1 x 45,,,,,73,50,68.50%,,15,,1 x 15,23,8,,,,,F,,1 R MSC6-7,57,52,65.24,T,T,T,T,FALSE,T,T,T
9,MSC6-7,Rev,CTYZ_00001179,TRY50827.1,6,250,21,"5,281","5,301",GTGCCATCGTTGCCTTCATTG,52.4,60.7,None,None,None,2,1,218,180,82.60%,,23,2,21,15,,1 x 6,1 x 9,,,,,73,47,64.40%,2,3,2,1 x 3,26,21,,,,,T,1,2 F MSC6-7,54,49,65.22,T,T,T,T,FALSE,T,T,T
9,MSC6-7,Rev,CTYZ_00001179,TRY50827.1,6,250,20,"5,511","5,530",GCGGTGGTGGATTTTGCAAG,55,60.7,None,None,None,2,1,218,180,82.60%,,23,2,21,15,,1 x 6,1 x 9,,,,,73,47,64.40%,2,3,2,1 x 3,26,21,,,,,T,1,2 R MSC6-7,54,49,65.26,T,T,T,T,FALSE,T,FALSE,T
10,MSC6-7,Rev,CTYZ_00001179,TRY50827.1,6,309,21,"5,521","5,541",CCACCACCGCATTTAACCTTG,52.4,60.1,None,None,2.3,2,1,267,263,98.50%,3,1,0,1,,,,,,,,,40,39,97.50%,,,,,1,1,,,,,F,,3 F MSC6-7,54,49,64.91,T,T,T,T,FALSE,T,T,T
10,MSC6-7,Rev,CTYZ_00001179,TRY50827.1,6,309,21,"5,809","5,829",GGGAGGTGATACTGGACGTTG,57.1,60.1,None,None,2.3,2,1,267,263,98.50%,3,1,0,1,,,,,,,,,40,39,97.50%,,,,,1,1,,,,,F,,3 R MSC6-7,56,51,65.31,T,T,T,T,FALSE,T,T,T
11,Hsp90,Fwd,CTYZ_00003102,TRY52403.1,3,252,20,"929,794","929,813",GGTATCGGTGAGACGGGTAC,60,59.3,None,None,5.7,2,1,212,203,95.80%,9,0,0,0,,,,,,,,,0,0,#DIV/0!,,,,,0,0,,,,,T,13,1 F Hsp90,56,51,64.58,T,T,T,T,FALSE,T,FALSE,T
11,Hsp90,Fwd,CTYZ_00003102,TRY52403.1,3,252,20,"930,026","930,045",TCTCTTCTCTCACCTGCCCC,60,60.6,None,None,5.7,2,1,212,203,95.80%,9,0,0,0,,,,,,,,,0,0,#DIV/0!,,,,,0,0,,,,,T,13,1 R Hsp90,56,51,65.74,T,T,T,T,FALSE,FALSE,T,T
12,Hsp90,Fwd,CTYZ_00003102,TRY52403.1,3,243,22,"930,021","930,042",AATTAGGGGCAGGTGAGAGAAG,50,59.5,None,None,None,2,1,199,199,100.00%,,0,0,0,,,,,,,,,36,36,100.00%,,,,,0,0,,,,,F,,2 F Hsp90,55,50,64.40,T,T,T,T,FALSE,T,FALSE,T
12,Hsp90,Fwd,CTYZ_00003102,TRY52403.1,3,243,22,"930,242","930,263",TCTTGTCTAAAGCATCGGAGGC,50,60.4,35.7,6.5,None,2,1,199,199,100.00%,,0,0,0,,,,,,,,,36,36,100.00%,,,,,0,0,,,,,F,,2 R Hsp90,55,50,64.92,T,T,T,T,FALSE,FALSE,T,T
13,Hsp90,Fwd,CTYZ_00003102,TRY52403.1,3,230,22,"930,241","930,262",TGCCTCCGATGCTTTAGACAAG,50,60.7,35.3,None,None,2,1,187,187,100.00%,,0,0,0,,,,,,,,,63,63,100.00%,,,,,0,0,,,,,T,3,3 F Hsp90,55,50,65.17,T,T,T,T,FALSE,T,T,T
13,Hsp90,Fwd,CTYZ_00003102,TRY52403.1,3,230,21,"930,450","930,470",CATCACCACCAGCTTGGATTG,52.4,59.5,39.2,4.4,None,2,1,187,187,100.00%,,0,0,0,,,,,,,,,63,63,100.00%,,,,,0,0,,,,,T,3,3 R Hsp90,54,49,64.40,T,T,T,T,FALSE,T,FALSE,T
14,Hsp90,Fwd,CTYZ_00003102,TRY52403.1,3,182,20,"930,419","930,438",GCTCGTTCAGGTACAAAGGC,55,59.2,None,None,0.2,2,1,140,139,99.30%,,1,1,0,,,,,,,,,48,48,100.00%,,,,,0,0,,,,,T,1,4 F Hsp90,54,49,63.79,T,T,T,T,FALSE,T,T,T
14,Hsp90,Fwd,CTYZ_00003102,TRY52403.1,3,182,22,"930,579","930,600",GTGAATGAACCACCAGCTGATG,50,59.8,None,None,0.2,2,1,140,139,99.30%,,1,1,0,,,,,,,,,48,48,100.00%,,,,,0,0,,,,,T,1,4 R Hsp90,55,50,64.58,T,T,T,T,FALSE,T,FALSE,T
15,Hsp90,Fwd,CTYZ_00003102,TRY52403.1,3,255,20,"930,572","930,591",TGGGAATCATCAGCTGGTGG,55,59.7,None,26.4,None,2,1,213,209,98.10%,,4,3,1,,,,,,,,,72,71,98.60%,,,,,1,1,,,,,T,403,5 F Hsp90,54,49,64.84,T,T,T,T,FALSE,FALSE,FALSE,T
15,Hsp90,Fwd,CTYZ_00003102,TRY52403.1,3,255,22,"930,805","930,826",TTCACCCTCCTTCTTCTCTTCC,50,59.1,None,None,None,2,1,213,209,98.10%,,4,3,1,,,,,,,,,72,71,98.60%,,,,,1,1,,,,,T,403,5 R Hsp90,55,50,64.28,T,T,T,T,FALSE,T,T,T
16,Hsp90,Fwd,CTYZ_00003102,TRY52403.1,3,250,21,"930,780","930,800",TCACCGATTCTGATGTCGACG,52.4,60.2,40.1,11.6,None,2,1,207,205,99.00%,,2,2,0,,,,,,,,,70,70,100.00%,,,,,0,0,,,,,T,1,6 F Hsp90,54,49,65.28,T,T,T,T,FALSE,FALSE,FALSE,T
16,Hsp90,Fwd,CTYZ_00003102,TRY52403.1,3,250,22,"931,008","931,029",TTAACTGCGAGAGGATCTTCCC,50,59.6,40.1,None,None,2,1,207,205,99.00%,,2,2,0,,,,,,,,,70,70,100.00%,,,,,0,0,,,,,T,1,6 R Hsp90,55,50,64.39,T,T,T,T,FALSE,T,FALSE,T
17,Hsp90,Fwd,CTYZ_00003102,TRY52403.1,3,673,20,"931,006","931,025",TTGGGAAGATCCTCTCGCAG,55,59.2,38.9,3.1,None,2,1,631,624,98.90%,,7,7,0,,,,,,,,,211,211,100.00%,,,,,0,0,,,,,T,1,7 F Hsp90,54,49,64.21,T,T,T,T,FALSE,FALSE,FALSE,T
17,Hsp90,Fwd,CTYZ_00003102,TRY52403.1,3,673,22,"931,657","931,678",GCATCTCAACTTCTTGCCATCG,50,60.2,None,None,None,2,1,631,624,98.90%,,7,7,0,,,,,,,,,211,211,100.00%,,,,,0,0,,,,,T,1,7 R Hsp90,55,50,64.63,T,T,T,T,FALSE,T,T,T
18,Hsp90,Fwd,CTYZ_00003102,TRY52403.1,3,248,22,"931,657","931,678",CGATGGCAAGAAGTTGAGATGC,50,60.2,35.5,None,5.5,2,1,204,202,99.00%,,2,2,0,,,,,,,,,68,68,100.00%,,,,,0,0,,,,,T,1,8 F Hsp90,55,50,64.63,T,T,T,T,FALSE,T,T,T
18,Hsp90,Fwd,CTYZ_00003102,TRY52403.1,3,248,22,"931,883","931,904",GAGCTTGAGCCTTCATGATACG,50,59.2,43.4,None,5.5,2,1,204,202,99.00%,,2,2,0,,,,,,,,,68,68,100.00%,,,,,0,0,,,,,T,1,8 R Hsp90,55,50,63.63,T,T,T,T,FALSE,T,FALSE,T
19,Hsp90,Fwd,CTYZ_00003102,TRY52403.1,3,251,22,"931,826","931,847",TCTGACTCACCATGTGTACTCG,50,59.5,34.8,None,None,2,1,207,203,98.10%,,4,4,0,,,,,,,,,128,128,100.00%,,,,,0,0,,,,,T,20,9 F Hsp90,55,50,64.56,T,T,T,T,FALSE,T,T,T
19,Hsp90,Fwd,CTYZ_00003102,TRY52403.1,3,251,22,"932,055","932,076",AAACCAGAAGTAAGGAGGGAGG,50,59.1,None,None,None,2,1,207,203,98.10%,,4,4,0,,,,,,,,,128,128,100.00%,,,,,0,0,,,,,T,20,9 R Hsp90,55,50,64.31,T,T,T,T,FALSE,FALSE,T,T
20,Hsp90,Fwd,CTYZ_00003102,TRY52403.1,3,237,22,"931,980","932,001",CTGAGCTCAAGACCAAGATTGC,50,59.6,None,12.3,22.8,2,1,193,189,97.90%,,4,4,0,,,,,,,,,65,65,100.00%,,,,,0,0,,,,,T,1,10 F HSP90,55,50,64.03,T,T,T,T,FALSE,T,FALSE,FALSE
20,Hsp90,Fwd,CTYZ_00003102,TRY52403.1,3,237,22,"932,195","932,216",TCTTAGATGCTTGGAGCTCTGC,50,60.2,45.6,16.1,22.8,2,1,193,189,97.90%,,4,4,0,,,,,,,,,65,65,100.00%,,,,,0,0,,,,,T,1,10 R HSP90,55,50,64.39,T,T,T,T,FALSE,T,T,T
21,TRAP-C1,Rev,CTYZ_00003946,TRY53495.1,1,228,22,"762,980","763,001",TGTCTCAACTAGCCCAGTTCTG,50,59.7,44.5,None,13.1,3,1,185,182,98.40%,,3,2,1,,,,,,,,,67,66,98.50%,,,,,1,1,,,,,T,1,1 F TRAP-C1,55,50,64.53,T,T,T,T,FALSE,T,FALSE,FALSE
21,TRAP-C1,Rev,CTYZ_00003946,TRY53495.1,1,228,21,"763,187","763,207",CAGATTCTGGAGACGCAACAC,52.4,59.3,None,5.7,13.1,3,1,185,182,98.40%,,3,2,1,,,,,,,,,67,66,98.50%,,,,,1,1,,,,,T,1,1 R TRAP-C1,54,49,64.05,T,T,T,T,FALSE,T,FALSE,FALSE
22,TRAP-C1,Rev,CTYZ_00003946,TRY53495.1,1,251,22,"763,163","763,184",CTGGTAATCCAACAGCAATGGC,50,60.2,43.8,None,None,3,1,208,204,98.10%,,4,3,1,,,,,,,,,70,69,98.60%,,,,,1,1,,,,,F,,2 F TRAP-C1,55,50,64.64,T,T,T,T,FALSE,T,T,T
22,TRAP-C1,Rev,CTYZ_00003946,TRY53495.1,1,251,21,"763,393","763,413",AGAAGAGGAGCCATGCACTTC,52.4,60.1,32.3,7.5,None,3,1,208,204,98.10%,,4,3,1,,,,,,,,,70,69,98.60%,,,,,1,1,,,,,F,,2 R TRAP-C1,54,49,64.70,T,T,T,T,FALSE,T,FALSE,T
23,TRAP-C1,Rev,CTYZ_00003946,TRY53495.1,1,155,22,"763,324","763,345",CCAGAACAATCACAGCTTGACC,50,59.8,36.9,None,None,3,1,111,107,96.40%,,4,3,1,,,,,,,,,38,37,97.40%,,,,,1,1,,,,,F,,3 F TRAP-C1,55,50,64.52,T,T,T,T,FALSE,T,T,T
23,TRAP-C1,Rev,CTYZ_00003946,TRY53495.1,1,155,22,"763,457","763,478",AATCCACCCGGTACATCAGAAG,50,59.8,None,None,None,3,1,111,107,96.40%,,4,3,1,,,,,,,,,38,37,97.40%,,,,,1,1,,,,,F,,3 R TRAP-C1,55,50,64.97,T,T,T,T,FALSE,T,T,T
24,TRAP-C1,Rev,CTYZ_00003946,TRY53495.1,1,291,21,"763,455","763,475",TTCTTCTGATGTACCGGGTGG,52.4,59.4,42.8,None,None,3,1,247,242,98.00%,,5,3,2,,,,,,,,,83,81,97.60%,,,,,2,2,,,,,F,,4 F TRAP-C1,54,49,64.69,T,T,T,T,FALSE,FALSE,T,T
24,TRAP-C1,Rev,CTYZ_00003946,TRY53495.1,1,291,23,"763,723","763,745",GGAGAATGGTCTTCTTGGTCACC,52.2,60.9,44.4,None,None,3,1,247,242,98.00%,,5,3,2,,,,,,,,,83,81,97.60%,,,,,2,2,,,,,F,,4 R TRAP-C1,57,52,65.88,T,T,T,T,FALSE,T,T,T
25,TRAP-C1,Rev,CTYZ_00003946,TRY53495.1,1,290,21,"763,719","763,739",ACAAGGTGACCAAGAAGACCA,47.6,59.2,None,1.7,25.2,4,1,247,238,96.40%,,9,3,6,,,,,,,,,83,77,92.80%,,,,,6,6,,,,,T,6,5 F TRAP-C1,52,47,64.48,T,T,T,T,FALSE,T,T,T
25,TRAP-C1,Rev,CTYZ_00003946,TRY53495.1,1,290,22,"763,987","764,008",GGGCAAATACACCTTGTAGGGA,50,60,43.7,None,25.2,4,1,247,238,96.40%,,9,3,6,,,,,,,,,83,77,92.80%,,,,,6,6,,,,,T,6,5 R TRAP-C1,55,50,64.92,T,T,T,T,FALSE,T,T,T
26,TRAP-C1,Rev,CTYZ_00003946,TRY53495.1,1,266,22,"763,987","764,008",TCCCTACAAGGTGTATTTGCCC,50,60,35.4,None,2.7,4,1,223,215,96.40%,,8,5,3,,,,,,,,,75,72,96.00%,,,,,3,3,,,,,F,,6 F TRAP-C1,55,50,64.92,T,T,T,T,FALSE,FALSE,T,T
26,TRAP-C1,Rev,CTYZ_00003946,TRY53495.1,1,266,21,"764,232","764,252",GAAGGGCCAGATTCTGTTGGA,52.4,60,None,12.5,2.7,4,1,223,215,96.40%,,8,5,3,,,,,,,,,75,72,96.00%,,,,,3,3,,,,,F,,6 R TRAP-C1,54,49,64.98,T,T,T,T,FALSE,T,T,T
27,TRAP-C1,Rev,CTYZ_00003946,TRY53495.1,1,250,20,"764,158","764,177",ACCCATCCTGGTGCTAAAGC,55,60,37.2,None,24.6,3,1,208,205,98.60%,,3,2,1,,,,,,,,,70,69,98.60%,,,,,1,1,,,,,T,1,7 F TRAP-C1,54,49,64.80,T,T,T,T,FALSE,T,T,T
27,TRAP-C1,Rev,CTYZ_00003946,TRY53495.1,1,250,22,"764,386","764,407",GGGTTTCAATATTGGGATGGGG,50,59,None,3.4,24.6,3,1,208,205,98.60%,,3,2,1,,,,,,,,,70,69,98.60%,,,,,1,1,,,,,T,1,7 R TRAP-C1,55,50,64.21,T,T,T,T,FALSE,FALSE,T,T
28,TRAP-C1,Rev,CTYZ_00003946,TRY53495.1,1,260,21,"764,232","764,252",TCCAACAGAATCTGGCCCTTC,52.4,60,35.5,15.4,None,2,1,217,212,97.70%,,5,3,2,,,,,,,,,73,71,97.30%,,,,,2,1,,,1,,T,1,8 F TRAP-C1,54,49,64.98,T,T,T,T,FALSE,T,T,T
28,TRAP-C1,Rev,CTYZ_00003946,TRY53495.1,1,260,22,"764,470","764,491",ACGATCATGAATATTGTCCGCA,40.9,58.3,None,None,None,2,1,217,212,97.70%,,5,3,2,,,,,,,,,73,71,97.30%,,,,,2,1,,,1,,T,1,8 R TRAP-C1,51,46,63.05,T,T,T,T,FALSE,FALSE,FALSE,T
29,TRAP-C1,Rev,CTYZ_00003946,TRY53495.1,1,251,20,"764,411","764,430",ACTGTGGGCAATTTTCTGGA,45,57.6,None,None,None,2,1,207,200,96.60%,,7,3,4,,,,,,,,,70,66,94.30%,,,,,4,3,,,1,,T,5,9 F TRAP-C1,50,45,62.73,T,T,T,T,FALSE,T,T,T
29,TRAP-C1,Rev,CTYZ_00003946,TRY53495.1,1,251,24,"764,638","764,661",TGACTGTATGAAGTCTCCAGATGG,45.8,59.6,45.7,10.1,None,2,1,207,200,96.60%,,7,3,4,,,,,,,,,70,66,94.30%,,,,,4,3,,,1,,T,5,9 R TRAP-C1,56,51,64.53,T,T,T,T,FALSE,T,FALSE,T
30,TRAP-C1,Rev,CTYZ_00003946,TRY53495.1,1,253,24,"764,638","764,661",CCATCTGGAGACTTCATACAGTCA,45.8,59.6,45.1,6.3,1.1,2,1,206,197,95.60%,,9,4,5,,,,,,,,,69,64,92.80%,,,,,5,5,,,,,F,,10 F TRAP-C1,56,51,64.53,T,T,T,T,FALSE,T,T,FALSE
30,TRAP-C1,Rev,CTYZ_00003946,TRY53495.1,1,253,23,"764,868","764,890",GTGGCGATTTTAATGTACCAGGA,43.5,59.1,None,None,1.1,2,1,206,197,95.60%,,9,4,5,,,,,,,,,69,64,92.80%,,,,,5,5,,,,,F,,10 R TRAP-C1,53,48,63.76,T,T,T,T,FALSE,T,T,T
31,TRAP-C1,Rev,CTYZ_00003946,TRY53495.1,1,257,22,"764,814","764,835",ACAACCAAATCCTCTTGGGTCT,45.5,59.6,43.1,None,None,3,1,221,206,93.20%,,3,3,0,12,,,1 x 12,,,,,71,67,94.40%,,4,,1 x 4,4,0,,,,,F,,11 F TRAP-C1,53,48,64.80,T,T,T,T,FALSE,T,FALSE,FALSE
31,TRAP-C1,Rev,CTYZ_00003946,TRY53495.1,1,257,26,"765,045","765,070",AGAATTGTGGTGGATTATAATAACGT,30.8,57,None,5.2,None,3,1,221,206,93.20%,,3,3,0,12,,,1 x 12,,,,,71,67,94.40%,,4,,1 x 4,4,0,,,,,F,,11 R TRAP-C1,52,47,61.77,T,T,T,FALSE,FALSE,T,FALSE,T
32,TRAP-C1,Rev,CTYZ_00003946,TRY53495.1,1,268,26,"765,058","765,083",CCACCACAATTCTTCACTTATTGTAT,34.6,57.9,None,None,None,1,1,223,218,97.80%,4,0,0,0,,,,,1,,1 x 1,,0,0,#DIV/0!,,,,,0,0,,,,,T,2,12 F TRAP-C1,53,48,62.67,T,T,T,FALSE,FALSE,T,T,T
32,TRAP-C1,Rev,CTYZ_00003946,TRY53495.1,1,268,20,"765,306","765,325",CATTGGCCCACACATGCAAA,50,60,None,None,None,1,1,223,218,97.80%,4,0,0,0,,,,,1,,1 x 1,,0,0,#DIV/0!,,,,,0,0,,,,,T,2,12 R TRAP-C1,52,47,64.66,T,T,T,T,FALSE,T,T,T
33,GST1,Fwd,CTYZ_00001095,TRY50269.1,7,168,20,#######,#######,AAGGTTGCTGCTGGTAGACC,55,60,None,0.2,None,3,1,126,126,100.00%,,0,-4,4,,,,,,,,,16,12,75.00%,,,,,4,4,,,,,T,2,1 F GST1,54,49,64.70,T,T,T,T,FALSE,T,T,T
33,GST1,Fwd,CTYZ_00001095,TRY50269.1,7,168,22,#######,#######,GAACTTGTTGAAACTCGGGCTG,50,60.3,None,None,None,3,1,126,126,100.00%,,0,-4,4,,,,,,,,,16,12,75.00%,,,,,4,4,,,,,T,2,1 R GST1,55,50,64.98,T,T,T,T,FALSE,FALSE,T,T
34,GST1,Fwd,CTYZ_00001095,TRY50269.1,7,342,22,#######,#######,CAGCCCGAGTTTCAACAAGTTC,50,60.3,None,None,None,3,1,298,294,98.70%,,4,2,2,,,,,,,,,100,98,98.00%,,,,,2,2,,,,,F,,2 F GST1,55,50,64.98,T,T,T,T,FALSE,T,T,T
34,GST1,Fwd,CTYZ_00001095,TRY50269.1,7,342,22,#######,#######,AGCCCAGACTCCTTGTTCAATC,50,60.3,None,None,None,3,1,298,294,98.70%,,4,2,2,,,,,,,,,100,98,98.00%,,,,,2,2,,,,,F,,2 R GST1,55,50,65.15,T,T,T,T,FALSE,T,T,T
35,GST1,Fwd,CTYZ_00001095,TRY50269.1,7,336,24,#######,#######,CAAGGAGTCTGGGCTCTAGAATAC,50,60,35.9,None,1.2,4,1,290,284,97.90%,4,2,2,0,,,,,,,,,54,54,100.00%,,,,,0,0,,,,,F,,3 F GST1,57,52,64.60,T,T,T,T,FALSE,T,T,T
35,GST1,Fwd,CTYZ_00001095,TRY50269.1,7,336,22,#######,#######,TGGGTTGTAAGTGAGCGAGATC,50,60.1,None,None,1.2,4,1,290,284,97.90%,4,2,2,0,,,,,,,,,54,54,100.00%,,,,,0,0,,,,,F,,3 R GST1,55,50,64.88,T,T,T,T,FALSE,T,FALSE,T
36,GST2,Fwd,CTYZ_00000322,TRY49858.1,8,191,20,"757,446","757,465",ACAAGCACAATTCCGTCACC,50,59,None,None,None,3,1,145,143,98.60%,,2,1,1,,,,,,,,,49,48,98.00%,,,,,1,1,,,,,T,2,1 F GST2,52,47,64.00,T,T,T,T,FALSE,T,T,T
36,GST2,Fwd,CTYZ_00000322,TRY49858.1,8,191,26,"757,611","757,636",GATAGATCCCCAATATCACGGACTGG,50,62.3,None,1,None,3,1,145,143,98.60%,,2,1,1,,,,,,,,,49,48,98.00%,,,,,1,1,,,,,T,2,1 R GST2,60,54,67.08,T,T,T,T,FALSE,T,T,T
37,GST2,Fwd,CTYZ_00000322,TRY49858.1,8,251,20,"757,566","757,585",AACCGAGTTATGGCCCCTTC,55,59.7,None,None,2.8,3,1,211,210,99.50%,,1,1,0,,,,,,,,,71,71,100.00%,,,,,0,0,,,,,F,,2 F GST2,54,49,64.83,T,T,T,T,FALSE,T,T,T
37,GST2,Fwd,CTYZ_00000322,TRY49858.1,8,251,20,"757,797","757,816",CCCAGCTTTACAACCGGAAG,55,58.8,None,1,2.8,3,1,211,210,99.50%,,1,1,0,,,,,,,,,71,71,100.00%,,,,,0,0,,,,,F,,2 R GST2,54,49,63.79,T,T,T,T,FALSE,T,T,T
38,GST2,Fwd,CTYZ_00000322,TRY49858.1,8,314,20,"757,802","757,821",GGTTGTAAAGCTGGGGGATC,55,58.2,None,None,None,3,1,272,265,97.40%,,7,4,3,,,,,,,,,91,88,96.70%,,,,,3,3,,,,,T,1,3 F GST2,54,49,63.28,FALSE,T,T,T,FALSE,T,FALSE,T
38,GST2,Fwd,CTYZ_00000322,TRY49858.1,8,314,22,"758,094","758,115",CGATAAAAGGCCCCTTATCACC,50,58.9,34.8,24.1,None,3,1,272,265,97.40%,,7,4,3,,,,,,,,,91,88,96.70%,,,,,3,3,,,,,T,1,3 R GST2,55,50,63.65,T,T,T,T,FALSE,T,FALSE,FALSE
39,GST2,Fwd,CTYZ_00000322,TRY49858.1,8,257,19,"758,100","758,118",AAGGGGCCTTTTATCGCAG,52.6,57.8,31.3,None,None,2,1,218,216,99.10%,,2,2,0,,,,,,,,,73,73,100.00%,,,,,0,0,,,,,T,1,4 F GST2,51,46,62.65,T,T,T,T,FALSE,FALSE,FALSE,T
39,GST2,Fwd,CTYZ_00000322,TRY49858.1,8,257,20,"758,337","758,356",CCGCTTTCACCCTCTATCTG,55,57.8,None,None,None,2,1,218,216,99.10%,,2,2,0,,,,,,,,,73,73,100.00%,,,,,0,0,,,,,T,1,4 R GST2,54,49,62.73,T,T,T,T,FALSE,T,T,T
40,GST2,Fwd,CTYZ_00000322,TRY49858.1,8,195,21,"758,336","758,356",ACAGATAGAGGGTGAAAGCGG,52.4,59.5,None,None,None,2,1,154,149,96.80%,,5,2,3,,,,,,,,,52,49,94.20%,,,,,3,3,,,,,F,,5 F GST2,54,49,64.45,T,T,T,T,FALSE,FALSE,T,T
40,GST2,Fwd,CTYZ_00000322,TRY49858.1,8,195,20,"758,511","758,530",GGGAAAAATCGCACTCCTGC,55,59.8,40.4,None,None,2,1,154,149,96.80%,,5,2,3,,,,,,,,,52,49,94.20%,,,,,3,3,,,,,F,,5 R GST2,54,49,64.44,FALSE,T,T,T,FALSE,FALSE,T,T
41,GST2,Fwd,CTYZ_00000322,TRY49858.1,8,294,22,"758,640","758,661",CCCCTCCTAAATATCTATGGCC,50,57.2,None,None,None,3,1,248,237,95.60%,,11,5,6,,,,,,,,,83,77,92.80%,,,,,6,6,,,,,T,169,6 F GST2,55,50,62.11,T,T,T,T,FALSE,FALSE,FALSE,T
41,GST2,Fwd,CTYZ_00000322,TRY49858.1,8,294,24,"758,368","758,391",CTCCTCCTGCTTCTCTATCTACTC,50,59,None,None,None,3,1,248,237,95.60%,,11,5,6,,,,,,,,,83,77,92.80%,,,,,6,6,,,,,T,169,6 R GST2,57,52,63.64,T,T,T,T,FALSE,T,T,T
42,GST3,Rev,CTYZ_00002625,TRY52903.1,2,130,21,"825,377","825,397",TTAGGACTACAAAGCTGCCCC,52.4,59.7,None,None,None,4,1,224,216,96.40%,4,4,3,1,,,,,,,,,40,39,97.50%,,,,,1,1,,,,,T,1,1 F GST3,54,49,64.39,T,T,T,T,FALSE,FALSE,T,T
42,GST3,Rev,CTYZ_00002625,TRY52903.1,2,257,24,"825,622","825,645",CTCTCAACGTTAGTTCTATCCCCC,50,60.2,38.8,5.2,None,4,1,224,216,96.40%,4,4,3,1,,,,,,,,,40,39,97.50%,,,,,1,1,,,,,T,1,1 R GST3,57,52,65.09,FALSE,T,T,T,FALSE,FALSE,T,T
43,GST3,Rev,CTYZ_00002625,TRY52903.1,2,295,24,"825,623","825,646",GGGGATAGAACTAACGTTGAGAGC,50,60.7,32.4,4,None,4,1,249,244,98.00%,,5,2,3,,,,,,,,,83,80,96.40%,,,,,3,3,,,,,T,1,2 F GST3,57,52,65.33,T,T,T,T,FALSE,T,T,T
43,GST3,Rev,CTYZ_00002625,TRY52903.1,2,295,22,"825,896","825,917",CCAGCTTTCTTCCATTGCTAGG,50,59.3,None,None,None,4,1,249,244,98.00%,,5,2,3,,,,,,,,,83,80,96.40%,,,,,3,3,,,,,T,1,2 R GST3,55,50,63.82,T,T,T,T,FALSE,T,FALSE,T
44,GST3,Rev,CTYZ_00002625,TRY52903.1,2,792,20,"825,988","826,007",AAACCGCTTCATCAGTGCTG,50,59.1,None,None,7.7,1,1,750,724,96.50%,16,10,4,6,,,,,,,,,100,94,94.00%,,,,,6,5,1,,,,T,1,3 F GST3,52,47,63.76,T,T,T,T,FALSE,T,T,T
44,GST3,Rev,CTYZ_00002625,TRY52903.1,2,792,22,"826,758","826,779",GAGCAAAGCGAAAGTAGTGGAG,50,59.6,None,None,7.7,1,1,750,724,96.50%,16,10,4,6,,,,,,,,,100,94,94.00%,,,,,6,5,1,,,,T,1,3 R GST3,55,50,64.00,T,T,T,T,FALSE,T,T,T
45,CP47,Fwd,CTYZ_00001339,TRY51276.1,6,224,20,"360,087","360,106",GCGACAGCACAGGCAATAAC,55,60.2,44.6,None,None,3,1,182,177,97.30%,,5,1,4,,,,,,,,,61,57,93.40%,,,,,4,3,1,,,,T,4,1 F CP47,54,49,64.42,T,T,T,T,FALSE,T,T,T
45,CP47,Fwd,CTYZ_00001339,TRY51276.1,6,224,22,"360,289","360,310",ATATGTACCACCCACTCGGTAC,50,59,46.1,11,None,3,1,182,177,97.30%,,5,1,4,,,,,,,,,61,57,93.40%,,,,,4,3,1,,,,T,4,1 R CP47,55,50,64.17,T,T,T,T,FALSE,T,FALSE,T
46,CP47,Fwd,CTYZ_00001339,TRY51276.1,6,309,22,"360,171","360,192",CAGATGCTCAGGAGTTTAAGCC,50,59.1,None,None,None,1,1,267,260,97.40%,,7,4,3,,,,,,,,,90,87,96.70%,,,,,3,1,2,,,,T,1,2 F CP47,55,50,63.54,T,T,T,T,FALSE,T,T,T
46,CP47,Fwd,CTYZ_00001339,TRY51276.1,6,309,20,"360,460","360,479",TATCGGCGCAGACTGGTTTC,55,60.5,None,7.7,None,1,1,267,260,97.40%,,7,4,3,,,,,,,,,90,87,96.70%,,,,,3,1,2,,,,T,1,2 R CP47,54,49,65.08,T,T,T,T,FALSE,T,T,T
47,CP47,Fwd,CTYZ_00001339,TRY51276.1,6,253,19,"360,462","360,480",AACCAGTCTGCGCCGATAC,57.9,60.2,None,None,None,1,1,213,209,98.10%,,4,4,0,,,,,,,,,72,72,100.00%,,,,,0,0,,,,,T,1,3 F CP47,53,48,64.88,T,T,T,T,FALSE,T,T,T
47,CP47,Fwd,CTYZ_00001339,TRY51276.1,6,253,21,"360,694","360,714",GCCTTCTGGGGTGATAGATCC,57.1,59.7,35.1,None,None,1,1,213,209,98.10%,,4,4,0,,,,,,,,,72,72,100.00%,,,,,0,0,,,,,T,1,3 R CP47,56,51,64.62,T,T,T,T,FALSE,T,T,T
48,CP47,Fwd,CTYZ_00001339,TRY51276.1,6,157,22,"360,597","360,618",GTTCTCCGCCACAGAATGTAAC,50,59.6,None,None,None,3,1,113,110,97.30%,,3,3,0,,,,,,,,,39,39,100.00%,,,,,0,0,,,,,F,,4 F CP47,55,50,64.29,T,T,T,T,FALSE,T,FALSE,T
48,CP47,Fwd,CTYZ_00001339,TRY51276.1,6,157,22,"360,732","360,753",GACAGTTTGTTAGAAGCCGGAC,50,59.5,None,None,None,3,1,113,110,97.30%,,3,3,0,,,,,,,,,39,39,100.00%,,,,,0,0,,,,,F,,4 R CP47,55,50,64.22,T,T,T,T,FALSE,FALSE,T,T
49,CP47,Fwd,CTYZ_00001339,TRY51276.1,6,557,22,"360,732","360,753",GTCCGGCTTCTAACAAACTGTC,50,59.5,None,None,None,3,1,516,461,89.30%,,13,5,8,42,,"1 x 24
 1 x 18",,,,,,173,151,87.30%,14,,"1 x 1
 1 x 13",,22,6,2,,,,T,4,5 F CP47,55,50,64.22,T,T,T,T,FALSE,T,T,T
49,CP47,Fwd,CTYZ_00001339,TRY51276.1,6,557,19,"361,270","361,288",TTTGAGTCTCTGCGCCCAG,57.9,60,40.5,0.7,None,3,1,516,461,89.30%,,13,5,8,42,,"1 x 24
 1 x 18",,,,,,173,151,87.30%,14,,"1 x 1
 1 x 13",,22,6,2,,,,T,4,5 R CP47,53,48,64.77,T,T,T,T,FALSE,FALSE,T,T
50,CP47,Fwd,CTYZ_00001339,TRY51276.1,6,192,20,"361,272","361,291",GGGCGCAGAGACTCAAAAAC,55,59.8,None,None,11.7,3,1,150,146,97.30%,,4,0,4,,,,,,,,,50,46,92.00%,,,,,4,4,,,,,T,4,6 F CP47,54,49,64.34,FALSE,T,T,T,FALSE,T,T,T
50,CP47,Fwd,CTYZ_00001339,TRY51276.1,6,192,22,"361,442","361,463",CTTTTGAGGAGCCTCCAGTTTG,50,59.4,42.1,6.7,11.7,3,1,150,146,97.30%,,4,0,4,,,,,,,,,50,46,92.00%,,,,,4,4,,,,,T,4,6 R CP47,55,50,64.23,T,T,T,T,FALSE,T,T,T
51,CP47,Fwd,CTYZ_00001339,TRY51276.1,6,283,22,"361,442","361,463",CAAACTGGAGGCTCCTCAAAAG,50,59.4,44.4,32.3,None,3,1,239,229,95.80%,,10,5,5,,,,,,,,,80,75,93.80%,,,,,5,4,,1,,,T,10,7 F CP47,55,50,64.23,T,T,T,T,FALSE,T,T,T
51,CP47,Fwd,CTYZ_00001339,TRY51276.1,6,283,22,"361,703","361,724",CTTTGGGACAGTCGAAAGCTAC,50,59.3,42.4,9.6,None,3,1,239,229,95.80%,,10,5,5,,,,,,,,,80,75,93.80%,,,,,5,4,,1,,,T,10,7 R CP47,55,50,63.97,T,T,T,T,FALSE,T,FALSE,T
52,CP47,Fwd,CTYZ_00001339,TRY51276.1,6,264,22,"361,719","361,740",CCAAAGAGGAAAAGACTGCCAC,50,59.7,41.2,None,5.9,3,1,220,213,96.80%,,7,5,2,,,,,,,,,74,72,97.30%,,,,,2,2,,,,,T,3,8 F CP47,55,50,64.48,T,T,T,T,FALSE,FALSE,T,T
52,CP47,Fwd,CTYZ_00001339,TRY51276.1,6,264,22,"361,961","361,982",GGCCGTAATTTCCAGTTTCACG,50,60.4,None,None,5.9,3,1,220,213,96.80%,,7,5,2,,,,,,,,,74,72,97.30%,,,,,2,2,,,,,T,3,8 R CP47,55,50,65.10,T,T,T,T,FALSE,T,FALSE,T
53,CP47,Fwd,CTYZ_00001339,TRY51276.1,6,250,20,"361,901","361,920",CATCGTGGCAGAGGATGGTC,60,60.5,41.4,12.8,0.5,3,1,209,204,97.60%,,5,5,0,,,,,,,,,71,71,100.00%,,,,,0,0,,,,,T,5,9 F CP47,56,51,65.49,T,T,T,T,FALSE,T,FALSE,FALSE
53,CP47,Fwd,CTYZ_00001339,TRY51276.1,6,250,21,"362,130","362,150",CAACCCAACTTTCCGCAGAAC,52.4,60.3,None,None,0.5,3,1,209,204,97.60%,,5,5,0,,,,,,,,,71,71,100.00%,,,,,0,0,,,,,T,5,9 R CP47,54,49,65.08,T,T,T,T,FALSE,T,T,T
54,CP47,Fwd,CTYZ_00001339,TRY51276.1,6,296,21,"362,130","362,150",GTTCTGCGGAAAGTTGGGTTG,52.4,60.3,32.8,None,None,3,1,255,253,99.20%,,2,2,0,,,,,,,,,86,86,100.00%,,,,,0,0,,,,,F,,10 F CP47,54,49,65.08,T,T,T,T,FALSE,T,T,T
54,CP47,Fwd,CTYZ_00001339,TRY51276.1,6,296,20,"362,406","362,425",ACGCCTGGTCTCTATGGTTG,55,59.5,None,None,None,3,1,255,253,99.20%,,2,2,0,,,,,,,,,86,86,100.00%,,,,,0,0,,,,,F,,10 R CP47,54,49,64.49,T,T,T,T,FALSE,T,T,T
55,CP47,Fwd,CTYZ_00001339,TRY51276.1,6,227,22,"362,365","362,386",TGAGCTCTGTGATAAGCTACGC,50,60.2,None,16.2,3.2,3,1,183,182,99.50%,,1,0,1,,,,,,,,,61,60,98.40%,,,,,1,1,,,,,T,1,11 F CP47,55,50,64.39,T,T,T,T,FALSE,T,FALSE,T
55,CP47,Fwd,CTYZ_00001339,TRY51276.1,6,227,22,"362,570","362,591",CCTTTTTGCGGACTAAGCTAGC,50,59.9,35.3,6.6,3.2,3,1,183,182,99.50%,,1,0,1,,,,,,,,,61,60,98.40%,,,,,1,1,,,,,T,1,11 R CP47,55,50,64.05,FALSE,T,T,T,FALSE,T,FALSE,T
56,CP47,Fwd,CTYZ_00001339,TRY51276.1,6,259,21,"362,444","362,464",CAGGAGCTGTTTGTGGAGAAC,52.4,59.1,None,None,7.8,3,1,216,215,99.50%,,1,0,1,,,,,,,,,72,71,98.60%,,,,,1,1,,,,,T,5,12 F CP47,54,49,63.97,T,T,T,T,FALSE,T,T,T
56,CP47,Fwd,CTYZ_00001339,TRY51276.1,6,259,22,"362,681","362,702",CTAAAAACGGCCCTACATGGTG,50,59.6,None,None,7.8,3,1,216,215,99.50%,,1,0,1,,,,,,,,,72,71,98.60%,,,,,1,1,,,,,T,5,12 R CP47,55,50,64.33,FALSE,T,T,T,FALSE,T,FALSE,T
57,CP47,Fwd,CTYZ_00001339,TRY51276.1,6,250,22,"362,681","362,702",CACCATGTAGGGCCGTTTTTAG,50,59.6,43.9,None,None,1,1,206,205,99.50%,,1,1,0,,,,,,,,,69,69,100.00%,,,,,0,0,,,,,T,1,13 F CP47,55,50,64.33,FALSE,T,T,T,FALSE,T,FALSE,T
57,CP47,Fwd,CTYZ_00001339,TRY51276.1,6,250,22,"362,909","362,930",TTGAGCTACCTCCTGACTCTCC,54.5,60.6,37.3,None,None,1,1,206,205,99.50%,,1,1,0,,,,,,,,,69,69,100.00%,,,,,0,0,,,,,T,1,13 R CP47,57,52,65.51,T,T,T,T,FALSE,T,T,T
58,CP47,Fwd,CTYZ_00001339,TRY51276.1,6,252,21,"362,905","362,925",ACGTGGAGAGTCAGGAGGTAG,57.1,60.3,None,None,None,2,1,209,201,96.20%,,8,4,4,,,,,,,,,71,67,94.40%,,,,,4,4,,,,,T,1,14 F CP47,56,51,65.60,T,T,T,T,FALSE,T,FALSE,T
58,CP47,Fwd,CTYZ_00001339,TRY51276.1,6,252,22,"363,135","363,156",GCGTCATGAGTTGAATGGCTAG,50,59.7,35.7,None,None,2,1,209,201,96.20%,,8,4,4,,,,,,,,,71,67,94.40%,,,,,4,4,,,,,T,1,14 R CP47,55,50,64.12,T,T,T,T,FALSE,T,FALSE,T
59,CP47,Fwd,CTYZ_00001339,TRY51276.1,6,361,22,"363,135","363,156",CTAGCCATTCAACTCATGACGC,50,59.7,37.9,None,None,2,1,317,314,99.10%,,3,2,1,,,,,,,,,107,106,99.10%,,,,,1,1,,,,,T,2,15 F CP47,55,50,64.12,T,T,T,T,FALSE,FALSE,FALSE,T
59,CP47,Fwd,CTYZ_00001339,TRY51276.1,6,361,22,"363,474","363,495",TGGAGAGCCATTTGGATTCCTG,50,60.4,39.9,13.5,None,2,1,317,314,99.10%,,3,2,1,,,,,,,,,107,106,99.10%,,,,,1,1,,,,,T,2,15 R CP47,55,50,65.25,T,T,T,T,FALSE,T,T,T
60,CP56,Rev,CTYZ_00001753,TRY52037.1,4,253,20,"1,259","1,278",TTTGAGTGGGGGAGAACCAG,55,59.2,42.9,None,None,4,1,223,97,43.50%,,116,74,42,10,,,"1 x 3
 2 x 1
 1 x 5",,,,,72,21,29.20%,9,,"1 x 8
 1 x 1",,51,42,,,,,,,1 F CP56,54,49,64.68,FALSE,T,T,T,FALSE,T,T,T
60,CP56,Rev,CTYZ_00001753,TRY52037.1,4,244,20,"1,492","1,511",TGGCTCCTCGTTAGCTGTTG,55,60,40,6.4,None,4,1,223,97,43.50%,,116,74,42,10,,,"1 x 3
 2 x 1
 1 x 5",,,,,72,21,29.20%,9,,"1 x 8
 1 x 1",,51,42,,,,,,,1 R CP56,54,49,64.70,T,T,T,T,FALSE,T,T,T
61,CP56,Rev,CTYZ_00001753,TRY52037.1,4,249,22,"1,372","1,393",TTCTTGGAGAGCCAGCAGATAC,50,59.8,46.9,None,3.9,1,1,232,91,39.20%,,114,74,40,27,,,"3 x 1
 1 x 5
 1 x 8
 1 x 7
 1 x 4",,,,,74,21,28.40%,8,5,8,"2 x 1 
 1 x 3",53,37,1,2,,,,,2 F CP56,55,50,64.38,T,T,T,T,FALSE,T,T,T
61,CP56,Rev,CTYZ_00001753,TRY52037.1,4,249,22,"1,599","1,620",AGTTGAAGTCTGGTTCCCCTAG,50,59.1,None,None,3.9,1,1,232,91,39.20%,,114,74,40,27,,,"3 x 1
 1 x 5
 1 x 8
 1 x 7
 1 x 4",,,,,74,21,28.40%,8,5,8,"2 x 1 
 1 x 3",53,37,1,2,,,,,2 R CP56,55,50,64.28,T,T,T,T,FALSE,T,FALSE,T
62,CP56,Rev,CTYZ_00001753,TRY52037.1,4,273,20,"1,554","1,573",ACAACGGTTGGATTCCCACC,55,60.5,43.4,23.5,None,1,1,243,209,86.00%,2,20,8,12,11,,,"1 x 7
 1 x 4",1,1 x 1,,,76,50,65.80%,,14,,1 x 14,26,11,,1,,,,,3 F CP56,54,49,65.93,T,T,T,T,FALSE,FALSE,FALSE,T
62,CP56,Rev,CTYZ_00001753,TRY52037.1,4,273,21,"1,806","1,826",CTCTAACTGTTTCTCGCTGGC,52.4,59,None,None,None,1,1,243,209,86.00%,2,20,8,12,11,,,"1 x 7
 1 x 4",1,1 x 1,,,76,50,65.80%,,14,,1 x 14,26,11,,1,,,,,3 R CP56,54,49,63.50,T,T,T,T,FALSE,FALSE,T,T
63,Mucin-1,Rev,CTYZ_00001745,TRY51251.1,6,250,22,"1,269,223","1,269,244",CGAAACTTCATCATAGCCGGTC,50,59.5,None,None,None,2,1,208,201,96.60%,7,0,0,0,,,,,,,,,0,0,#DIV/0!,,,,,0,0,,,,,,,1 F Mucin-1,55,50,64.14,T,T,T,T,FALSE,FALSE,T,T
63,Mucin-1,Rev,CTYZ_00001745,TRY51251.1,6,250,20,"1,269,453","1,269,472",AGACCATCCCGTTTCCCAAG,55,59.7,None,None,None,2,1,208,201,96.60%,7,0,0,0,,,,,,,,,0,0,#DIV/0!,,,,,0,0,,,,,,,1 R Mucin-1,54,49,65.08,T,T,T,T,FALSE,T,T,T
64,Mucin-1,Rev,CTYZ_00001745,TRY51251.1,6,191,21,"1,269,448","1,269,468",CCAATCTTGGGAAACGGGATG,52.4,59.2,45.9,0.7,2.8,2,1,150,138,92.00%,12,0,0,0,,,,,,,,,0,0,#DIV/0!,,,,,0,0,,,,,,,2 F Mucin-1,54,49,64.44,T,T,T,T,FALSE,T,FALSE,FALSE
64,Mucin-1,Rev,CTYZ_00001745,TRY51251.1,6,191,20,"1,269,619","1,269,638",AACCACCACAACTGAACCCG,55,60.8,None,None,2.8,2,1,150,138,92.00%,12,0,0,0,,,,,,,,,0,0,#DIV/0!,,,,,0,0,,,,,,,2 R Mucin-1,54,49,66.10,T,T,T,T,FALSE,FALSE,T,T
65,Mucin-1,Rev,CTYZ_00001745,TRY51251.1,6,503,19,"1,269,618","1,269,636",ACGGGTTCAGTTGTGGTGG,57.9,60.2,None,None,None,1,1,463,376,81.20%,1,86,71,15,,,,,,,,57,151,87,57.60%,,30,,"1 x 12
 1 x 18",45,12,,3,,19,,,3 F Mucin-1,53,48,65.64,T,T,T,T,FALSE,FALSE,T,T
65,Mucin-1,Rev,CTYZ_00001745,TRY51251.1,6,503,21,"1,270,100","1,270,120",AGTTCCCATAACCTCTCAGCC,52.4,59.2,39,None,None,1,1,463,376,81.20%,1,86,71,15,,,,,,,,57,151,87,57.60%,,30,,"1 x 12
 1 x 18",45,12,,3,,,,,3 R Mucin-1,54,49,64.16,T,T,T,T,FALSE,FALSE,T,T
66,Mucin-1,Rev,CTYZ_00001745,TRY51251.1,6,238,22,"1,270,095","1,270,116",TTGTAGGCTGAGAGGTTATGGG,50,59.2,None,None,4.1,2,1,194,187,96.40%,,7,1,6,,,,,,,,,65,59,90.80%,,,,,6,6,,,,,,,4 F Mucin-1,55,50,64.12,T,T,T,T,FALSE,T,T,T
66,Mucin-1,Rev,CTYZ_00001745,TRY51251.1,6,238,22,"1,270,311","1,270,332",GAAGAACTGACACCAGCAACTC,50,59.5,44.2,None,4.1,2,1,194,187,96.40%,,7,1,6,,,,,,,,,65,59,90.80%,,,,,6,6,,,,,,,4 R Mucin-1,55,50,64.17,T,T,T,T,FALSE,T,T,T
67,Mucin-1,Rev,CTYZ_00001745,TRY51251.1,6,236,21,"1,270,189","1,270,209",GCCTTCTTCGGCCATTAATGC,52.4,60.3,44.4,5.7,None,2,1,196,183,93.40%,,7,1,6,6,,1 x 3,1 x 3,,,,,66,59,89.40%,,1,1,1 x 1,7,6,,,,,,,5 F Mucin-1,54,49,64.50,T,T,T,T,FALSE,T,FALSE,FALSE
67,Mucin-1,Rev,CTYZ_00001745,TRY51251.1,6,236,22,"1,270,403","1,270,424",CTGGTTCATCCTGTGCTTCTTG,50,59.5,37.1,None,None,2,1,196,183,93.40%,,7,1,6,6,,1 x 3,1 x 3,,,,,66,59,89.40%,,1,1,1 x 1,7,6,,,,,,,5 R Mucin-1,55,50,64.27,T,T,T,T,FALSE,T,T,T
68,Mucin-1,Rev,CTYZ_00001745,TRY51251.1,6,275,22,"1,270,403","1,270,424",CAAGAAGCACAGGATGAACCAG,50,59.5,42,None,9.4,2,1,422,220,52.10%,,13,10,3,189,,,1 x 189,,,,,142,76,53.50%,,63,,1 x 63,66,2,1,,,,,,6 F Mucin-1,55,50,64.27,T,T,T,T,FALSE,T,T,T
68,Mucin-1,Rev,CTYZ_00001745,TRY51251.1,6,275,20,"1,270,658","1,270,677",TGCGCTTGTTGTTCTTGCTC,50,60,None,9.7,9.4,2,1,422,220,52.10%,,13,10,3,189,,,1 x 189,,,,,142,76,53.50%,,63,,1 x 63,66,2,1,,,,,,6 R Mucin-1,52,47,64.24,T,T,T,T,FALSE,T,FALSE,T
69,Mucin-1,Rev,CTYZ_00001745,TRY51251.1,6,205,20,"1,270,657","1,270,676",TGAGCAAGAACAACAAGCGC,50,60,None,None,None,2,1,168,161,95.80%,,4,0,4,3,,,1 x 3,,,,,57,52,91.20%,,1,,1 x 1,5,3,1,,,,,,7 F Mucin-1,52,47,64.24,T,T,T,T,FALSE,FALSE,FALSE,T
69,Mucin-1,Rev,CTYZ_00001745,TRY51251.1,6,205,20,"1,270,842","1,270,861",GACTGATGTGTCAAGTGGCG,55,59.2,37,None,None,2,1,168,161,95.80%,,4,0,4,3,,,1 x 3,,,,,57,52,91.20%,,1,,1 x 1,5,3,1,,,,,,7 R Mucin-1,54,49,64.08,T,T,T,T,FALSE,FALSE,T,T
70,Mucin-1,Rev,CTYZ_00001745,TRY51251.1,6,255,20,"1,270,842","1,270,861",CGCCACTTGACACATCAGTC,55,59.2,35.8,None,None,2,1,213,196,92.00%,,17,7,10,,,,,,,,,72,62,86.10%,,,,,10,10,,,,,,,8 F Mucin-1,54,49,64.08,T,T,T,T,FALSE,T,T,T
70,Mucin-1,Rev,CTYZ_00001745,TRY51251.1,6,255,22,"1,271,075","1,271,096",GCTTGAAACATTCCTCCACTCC,50,59.5,None,None,None,2,1,213,196,92.00%,,17,7,10,,,,,,,,,72,62,86.10%,,,,,10,10,,,,,,,8 R Mucin-1,55,50,64.29,T,T,T,T,FALSE,T,T,T
71,Mucin-1,Rev,CTYZ_00001745,TRY51251.1,6,171,22,"1,271,075","1,271,096",GGAGTGGAGGAATGTTTCAAGC,50,59.5,None,None,None,2,1,127,109,85.80%,,18,4,14,,,,,,,,,43,29,67.40%,,,,,14,13,,1,,,,,9 F Mucin-1,55,50,64.29,T,T,T,T,FALSE,T,T,T
71,Mucin-1,Rev,CTYZ_00001745,TRY51251.1,6,171,22,"1,271,224","1,271,245",GTTCTGCTCTGTCTCAAGCAAC,50,59.8,31.4,None,None,2,1,127,109,85.80%,,18,4,14,,,,,,,,,43,29,67.40%,,,,,14,13,,1,,,,,9 R Mucin-1,55,50,64.19,T,T,T,T,FALSE,T,T,T
72,Mucin-1,Rev,CTYZ_00001745,TRY51251.1,6,251,22,"1,271,224","1,271,245",GTTGCTTGAGACAGAGCAGAAC,50,59.8,32.6,None,None,2,1,211,201,95.30%,7,1,0,1,,,,,2,,2,,15,14,93.30%,,,,,1,1,,,,,,,10 F Mucin-1,55,50,64.19,T,T,T,T,FALSE,T,T,T
72,Mucin-1,Rev,CTYZ_00001745,TRY51251.1,6,251,20,"1,271,455","1,271,474",CCGCGGTTTAGACACGTAAC,55,59.3,None,19.5,None,2,1,211,201,95.30%,7,1,0,1,,,,,2,,2,,15,14,93.30%,,,,,1,1,,,,,,,10 R Mucin-1,54,49,64.09,T,T,T,T,FALSE,T,FALSE,T
73,Mucin-1,Rev,CTYZ_00001745,TRY51251.1,6,250,20,"1,271,404","1,271,423",CTGGCGCCATATGGTTACCC,60,60.9,37.6,31.1,None,2,1,209,198,94.70%,11,0,0,0,,,,,,,,,0,0,#DIV/0!,,,,,0,0,,,,,,,11 F Mucin-1,56,51,65.57,T,T,T,T,FALSE,T,FALSE,FALSE
73,Mucin-1,Rev,CTYZ_00001745,TRY51251.1,6,250,21,"1,271,633","1,271,653",GGATTTAGATCGCAACGCTGG,52.4,59.7,32.8,None,None,2,1,209,198,94.70%,11,0,0,0,,,,,,,,,0,0,#DIV/0!,,,,,0,0,,,,,,,11 R Mucin-1,54,49,64.21,T,T,T,T,FALSE,FALSE,T,T
74,COWP 3,Rev,CTYZ_00001833,TRY52169.1,4,267,22,"185,421","185,442",GGAGCAAATTCAAGAGCAGCAC,50,60.7,None,None,1.1,3,1,224,221,98.70%,,3,2,1,,,,,,,,,76,75,98.70%,,,,,1,1,,,,,,,1 F COWP3,55,50,64.82,T,T,T,T,FALSE,T,T,T
74,COWP 3,Rev,CTYZ_00001833,TRY52169.1,4,267,21,"185,667","185,687",AGAGCTTGTTCCAACTGAGGG,52.4,59.9,None,None,1.1,3,1,224,221,98.70%,,3,2,1,,,,,,,,,76,75,98.70%,,,,,1,1,,,,,,,1 R COWP3,54,49,64.89,T,T,T,T,FALSE,FALSE,T,T
75,COWP 3,Rev,CTYZ_00001833,TRY52169.1,4,408,22,"185,494","185,515",GTCCAAAACCGCTAGTACTTGC,50,59.8,None,17.9,None,3,1,365,360,98.60%,,5,4,1,,,,,,,,,122,121,99.20%,,,,,1,1,,,,,,,2 F COWP3,55,50,64.25,T,T,T,T,FALSE,T,FALSE,T
75,COWP 3,Rev,CTYZ_00001833,TRY52169.1,4,408,21,"185,881","185,901",CCTGTCCAATTGAAGGCTGTG,52.4,59.5,None,2.8,None,3,1,365,360,98.60%,,5,4,1,,,,,,,,,122,121,99.20%,,,,,1,1,,,,,,,2 R COWP3,54,49,64.33,T,T,T,T,FALSE,T,T,T
76,COWP 3,Rev,CTYZ_00001833,TRY52169.1,4,261,21,"185,881","185,901",CACAGCCTTCAATTGGACAGG,52.4,59.5,None,7.7,None,3,1,219,215,98.20%,,4,3,1,,,,,,,,,74,73,98.60%,,,,,1,1,,,,,,,3 F COWP3,54,49,64.33,T,T,T,T,FALSE,T,T,T
76,COWP 3,Rev,CTYZ_00001833,TRY52169.1,4,261,21,"186,121","186,141",GGAAATGCCCTTTCGGAAGTG,52.4,59.8,43.6,3.6,None,3,1,219,215,98.20%,,4,3,1,,,,,,,,,74,73,98.60%,,,,,1,1,,,,,,,3 R COWP3,54,49,64.65,T,T,T,T,FALSE,T,T,T
77,COWP 3,Rev,CTYZ_00001833,TRY52169.1,4,289,22,"186,127","186,148",CGAAAGGGCATTTCCATTCAGG,50,60.2,43.8,17.9,None,3,1,248,236,95.20%,,9,5,4,3,,,1 x 3,,,,,83,78,94.00%,,1,,1 x 1,5,4,,,,,,,4 F COWP3,55,50,64.93,T,T,T,T,FALSE,T,FALSE,FALSE
77,COWP 3,Rev,CTYZ_00001833,TRY52169.1,4,289,22,"186,394","186,415",AGAAGTGGTAGATGTGAGCAGC,50,60.1,None,None,None,3,1,248,236,95.20%,,9,5,4,3,,,1 x 3,,,,,83,78,94.00%,,1,,1 x 1,5,4,,,,,,,4 R COWP3,55,50,64.61,T,T,T,T,FALSE,FALSE,T,T
78,COWP 3,Rev,CTYZ_00001833,TRY52169.1,4,218,22,"186,320","186,341",TGGAAGTCTGGTTGTTGAGCTC,50,60.5,None,6.8,None,3,1,174,173,99.40%,,1,1,0,,,,,,,,,59,59,100.00%,,,,,0,0,,,,,,,5 F COWP3,55,50,65.30,T,T,T,T,FALSE,T,FALSE,T
78,COWP 3,Rev,CTYZ_00001833,TRY52169.1,4,218,22,"186,516","186,537",ACGTAGAAACTGCTCCAGCTAC,50,60.1,42.7,1,None,3,1,174,173,99.40%,,1,1,0,,,,,,,,,59,59,100.00%,,,,,0,0,,,,,,,5 R COWP3,55,50,64.57,T,T,T,T,FALSE,T,FALSE,T
79,COWP 3,Rev,CTYZ_00001833,TRY52169.1,4,451,22,"186,514","186,535",ACGTAGCTGGAGCAGTTTCTAC,50,60.1,45.2,None,None,3,1,407,401,98.50%,,6,5,1,,,,,,,,,136,135,99.30%,,,,,1,1,,,,,,,6 F COWP3,55,50,64.57,T,T,T,T,FALSE,T,FALSE,T
79,COWP 3,Rev,CTYZ_00001833,TRY52169.1,4,451,22,"186,943","186,964",CCAGATGCAGTTATTGTTGGCC,50,60.2,None,None,None,3,1,407,401,98.50%,,6,5,1,,,,,,,,,136,135,99.30%,,,,,1,1,,,,,,,6 R COWP3,55,50,64.64,T,T,T,T,FALSE,FALSE,FALSE,T
80,COWP 3,Rev,CTYZ_00001833,TRY52169.1,4,401,22,"187,044","187,065",CCGTCATTGCAACGAGGAATTG,50,60.7,42.6,10.4,None,3,1,357,352,98.60%,,5,3,2,,,,,,,,,120,118,98.30%,,,,,2,2,,,,,,,7 F COWP3,55,50,65.39,T,T,T,T,FALSE,T,FALSE,T
80,COWP 3,Rev,CTYZ_00001833,TRY52169.1,4,401,22,"187,423","187,444",GACGATGGTTCAAAGTCTCCAG,50,59,None,1.1,None,3,1,357,352,98.60%,,5,3,2,,,,,,,,,120,118,98.30%,,,,,2,2,,,,,,,7 R COWP3,55,50,64.01,T,T,T,T,FALSE,T,T,T
81,COWP 3,Rev,CTYZ_00001833,TRY52169.1,4,307,22,"187,423","187,444",CTGGAGACTTTGAACCATCGTC,50,59,None,None,None,3,1,265,260,98.10%,,5,2,3,,,,,,,,,89,86,96.60%,,,,,3,3,,,,,,,8 F COWP3,55,50,64.01,T,T,T,T,FALSE,T,T,T
81,COWP 3,Rev,CTYZ_00001833,TRY52169.1,4,307,20,"187,710","187,729",TATGACAAGCGCACTCAGGC,55,60.7,None,9,None,3,1,265,260,98.10%,,5,2,3,,,,,,,,,89,86,96.60%,,,,,3,3,,,,,,,8 R COWP3,54,49,65.09,T,T,T,T,FALSE,FALSE,T,T
82,COWP 3,Rev,CTYZ_00001833,TRY52169.1,4,199,21,"187,711","187,731",CCTGAGTGCGCTTGTCATATC,52.4,59.1,None,8.4,None,3,1,156,154,98.70%,,2,1,1,,,,,,,,,53,52,98.10%,,,,,1,1,,,,,,,9 F COWP3,54,49,63.63,T,T,T,T,FALSE,T,FALSE,T
82,COWP 3,Rev,CTYZ_00001833,TRY52169.1,4,199,22,"187,888","187,909",GTTAGCCCTGTTCCAAACTGTC,50,59.4,None,None,None,3,1,156,154,98.70%,,2,1,1,,,,,,,,,53,52,98.10%,,,,,1,1,,,,,,,9 R COWP3,55,50,64.21,T,T,T,T,FALSE,T,T,T
83,COWP 4,Fwd,CTYZ_00000367,TRY49793.1,8,275,23,"834,885","834,907",AGTTTCATTATCTCGAGAGTGCT,39.1,57.4,None,10.4,None,3,1,231,227,98.30%,1,2,2,0,,,,,1,1,,,23,23,100.00%,,,,,0,0,,,,,,,1 F COWP4,52,47,62.13,T,T,T,FALSE,FALSE,T,T,T
83,COWP 4,Fwd,CTYZ_00000367,TRY49793.1,8,275,21,"835,139","835,159",TGTGATGCCGAAATTCCAGGT,47.6,60.3,None,None,None,3,1,231,227,98.30%,1,2,2,0,,,,,1,1,,,23,23,100.00%,,,,,0,0,,,,,,,1 R COWP4,52,47,65.24,T,T,T,T,FALSE,T,T,T
84,COWP 4,Fwd,CTYZ_00000367,TRY49793.1,8,252,21,"835,139","835,159",ACCTGGAATTTCGGCATCACA,47.6,60.3,None,None,None,3,1,211,206,97.60%,,5,3,2,,,,,,,,,71,69,97.20%,,,,,2,2,,,,,,,2 F COWP4,52,47,65.24,T,T,T,T,FALSE,T,T,T
84,COWP 4,Fwd,CTYZ_00000367,TRY49793.1,8,252,20,"835,371","835,390",CCCTCCGGACACTCAATGTT,55,59.7,43.6,None,None,3,1,211,206,97.60%,,5,3,2,,,,,,,,,71,69,97.20%,,,,,2,2,,,,,,,2 R COWP4,54,49,65.05,T,T,T,T,FALSE,T,T,T
85,COWP 4,Fwd,CTYZ_00000367,TRY49793.1,8,252,20,"835,367","835,386",TGCAAACATTGAGTGTCCGG,50,59,41.1,None,5.5,3,1,208,206,99.00%,,2,0,2,,,,,,,,,70,68,97.10%,,,,,2,2,,,,,,,3 F COWP4,52,47,64.00,T,T,T,T,FALSE,FALSE,FALSE,T
85,COWP 4,Fwd,CTYZ_00000367,TRY49793.1,8,252,24,"835,595","835,618",TCCAAACATTTCAAAGTTGGAGGT,37.5,59.3,None,7.3,5.5,3,1,208,206,99.00%,,2,0,2,,,,,,,,,70,68,97.10%,,,,,2,2,,,,,,,3 R COWP4,52,47,64.26,T,T,T,FALSE,FALSE,T,FALSE,T
86,COWP 4,Fwd,CTYZ_00000367,TRY49793.1,8,284,24,"835,595","835,618",ACCTCCAACTTTGAAATGTTTGGA,37.5,59.3,None,9,4.8,3,1,239,233,97.50%,,6,4,2,,,,,,,,,81,79,97.50%,,,,,2,2,,,,,,,4 F COWP4,52,47,64.26,T,T,T,FALSE,FALSE,T,T,FALSE
86,COWP 4,Fwd,CTYZ_00000367,TRY49793.1,8,284,21,"835,858","835,878",CCAATGTGGGGATTTCTTGCA,47.6,59.1,None,None,4.8,3,1,239,233,97.50%,,6,4,2,,,,,,,,,81,79,97.50%,,,,,2,2,,,,,,,4 R COWP4,52,47,64.06,T,T,T,T,FALSE,T,FALSE,T
87,COWP 4,Fwd,CTYZ_00000367,TRY49793.1,8,274,21,"835,858","835,878",TGCAAGAAATCCCCACATTGG,47.6,59.1,37.5,None,None,3,1,230,224,97.40%,,3,0,3,3,,,1 x 3,,,,,77,73,94.80%,,1,,1 x 1,4,2,1,,,,,,5 F COWP4,52,47,64.06,T,T,T,T,FALSE,T,FALSE,T
87,COWP 4,Fwd,CTYZ_00000367,TRY49793.1,8,274,26,"836,106","836,131",TCTCGTAAATTTGAAACAGAATCCGA,34.6,59.4,None,1.3,None,3,1,230,224,97.40%,,3,0,3,3,,,1 x 3,,,,,77,73,94.80%,,1,,1 x 1,4,2,1,,,,,,5 R COWP4,53,48,64.05,T,T,T,FALSE,FALSE,T,T,T
88,COWP 4,Fwd,CTYZ_00000367,TRY49793.1,8,267,23,"836,057","836,079",TGGCCAAATTAAATTGCCATCTA,34.8,57.1,34.1,15.5,None,3,1,227,221,97.40%,,3,1,2,3,,,1 x 3,,,,,76,73,96.10%,,1,,1 x 1,3,1,1,,,,,,6 F COWP4,50,45,61.57,T,T,T,FALSE,FALSE,T,FALSE,T
88,COWP 4,Fwd,CTYZ_00000367,TRY49793.1,8,267,20,"836,304","836,323",AGTCCTGGAGGGCACTCTAC,60,60.3,43.8,9.3,None,3,1,227,221,97.40%,,3,1,2,3,,,1 x 3,,,,,76,73,96.10%,,1,,1 x 1,3,1,1,,,,,,6 R COWP4,56,51,65.45,T,T,T,T,FALSE,T,T,T
89,COWP 4,Fwd,CTYZ_00000367,TRY49793.1,8,261,25,"836,194","836,218",AGGCACTGTATGATTCAAGTAGAGA,40,59.3,37.2,None,None,3,1,216,211,97.70%,,5,3,2,,,,,,,,,73,71,97.30%,,,,,2,2,,,,,,,7 F COWP4,54,49,63.96,T,T,T,T,FALSE,T,T,T
89,COWP 4,Fwd,CTYZ_00000367,TRY49793.1,8,261,20,"836,435","836,454",ATTCAACCTCTGCGGGAAGT,50,59.3,37,None,None,3,1,216,211,97.70%,,5,3,2,,,,,,,,,73,71,97.30%,,,,,2,2,,,,,,,7 R COWP4,52,47,64.41,T,T,T,T,FALSE,T,T,T
90,COWP 4,Fwd,CTYZ_00000367,TRY49793.1,8,287,20,"836,435","836,454",ACTTCCCGCAGAGGTTGAAT,50,59.3,38.7,None,13.8,3,1,247,243,98.40%,,4,2,2,,,,,,,,,83,81,97.60%,,,,,2,2,,,,,,,8 F COWP4,52,47,64.41,T,T,T,T,FALSE,T,T,T
90,COWP 4,Fwd,CTYZ_00000367,TRY49793.1,8,287,20,"836,702","836,721",ATGGTAGCTGTGCGTCCTTC,55,60.1,None,7.3,13.8,3,1,247,243,98.40%,,4,2,2,,,,,,,,,83,81,97.60%,,,,,2,2,,,,,,,8 R COWP4,54,49,64.78,T,T,T,T,FALSE,T,T,T
91,COWP 4,Fwd,CTYZ_00000367,TRY49793.1,8,252,20,"836,702","836,721",GAAGGACGCACAGCTACCAT,55,60.1,None,4.7,None,3,1,214,213,99.50%,,1,0,1,,,,,,,,,72,71,98.60%,,,,,1,1,,,,,,,9 F COWP4,54,49,64.78,T,T,T,T,FALSE,T,T,T
91,COWP 4,Fwd,CTYZ_00000367,TRY49793.1,8,252,18,"836,936","836,953",ACAGGTCCTCTCCCAGCC,66.7,60.3,None,None,None,3,1,214,213,99.50%,,1,0,1,,,,,,,,,72,71,98.60%,,,,,1,1,,,,,,,9 R COWP4,55,50,65.71,T,T,T,FALSE,FALSE,FALSE,T,T
92,COWP 4,Fwd,CTYZ_00000367,TRY49793.1,8,256,18,"836,936","836,953",GGCTGGGAGAGGACCTGT,66.7,60.3,None,None,1,3,1,218,212,97.20%,,6,1,5,,,,,,,,,74,69,93.20%,,,,,5,5,,,,,,,10 F COWP4,55,50,65.71,T,T,T,FALSE,FALSE,T,T,T
92,COWP 4,Fwd,CTYZ_00000367,TRY49793.1,8,256,20,"837,172","837,191",TCCCCATCCAAAACAGACCA,50,58.8,None,None,1,3,1,218,212,97.20%,,6,1,5,,,,,,,,,74,69,93.20%,,,,,5,5,,,,,,,10 R COWP4,52,47,64.36,T,T,T,T,FALSE,T,T,T
93,COWP 4,Fwd,CTYZ_00000367,TRY49793.1,8,261,20,"837,172","837,191",TGGTCTGTTTTGGATGGGGA,50,58.8,None,None,6.3,3,1,221,219,99.10%,,2,2,0,,,,,,,,,74,74,100.00%,,,,,0,0,,,,,,,11 F COWP4,52,47,64.36,T,T,T,T,FALSE,FALSE,T,T
93,COWP 4,Fwd,CTYZ_00000367,TRY49793.1,8,261,20,"837,413","837,432",CAGGCTCCCTCCTACTTCCA,60,60.3,34,None,6.3,3,1,221,219,99.10%,,2,2,0,,,,,,,,,74,74,100.00%,,,,,0,0,,,,,,,11 R COWP4,56,51,65.49,T,T,T,T,FALSE,T,T,T
94,COWP 4,Fwd,CTYZ_00000367,TRY49793.1,8,270,20,"837,413","837,432",TGGAAGTAGGAGGGAGCCTG,60,60.3,39.1,None,20.3,3,1,226,219,96.90%,,7,5,2,,,,,,,,,76,74,97.40%,,,,,2,2,,,,,,,12 F COWP4,56,51,65.49,T,T,T,T,FALSE,FALSE,T,T
94,COWP 4,Fwd,CTYZ_00000367,TRY49793.1,8,270,24,"837,659","837,682",TCATCTCGTTCTCTTACTTCATGA,37.5,57.2,None,None,20.3,3,1,226,219,96.90%,,7,5,2,,,,,,,,,76,74,97.40%,,,,,2,2,,,,,,,12 R COWP4,52,47,62.13,T,T,T,FALSE,FALSE,T,FALSE,T
95,COWP 4,Fwd,CTYZ_00000367,TRY49793.1,8,286,20,"837,582","837,601",ATCAAGCCCACACCTAGCTG,55,59.7,None,None,None,3,2,246,242,98.40%,,4,4,0,,,,,,,,,43,43,100.00%,,,,,0,0,,,,,,,13 F COWP4,54,49,64.50,T,T,T,T,FALSE,T,FALSE,T
95,COWP 4,Fwd,CTYZ_00000367,TRY49793.1,8,286,21,"837,847","837,867",CTTGCGAGAGTCCAAGCTCTA,52.4,59.5,45,4.2,None,3,2,246,242,98.40%,,4,4,0,,,,,,,,,43,43,100.00%,,,,,0,0,,,,,,,13 R COWP4,54,49,64.10,T,T,T,T,FALSE,T,T,T
96,COWP 6,Fwd,CTYZ_00002073,TRY51937.1,4,254,19,"700,858","700,876",CGAACAGGAGCGATGCTTG,57.9,59.3,39.9,None,None,3,1,215,211,98.10%,1,3,2,1,,,,,,,,,32,31,96.90%,,,,,1,1,,,,,,,1 F COWP6,53,48,63.91,T,T,T,T,FALSE,T,T,T
96,COWP 6,Fwd,CTYZ_00002073,TRY51937.1,4,254,19,"701,093","701,111",ATTACATGGTGGCCGTGGC,57.9,60.8,44.2,11.5,None,3,1,215,211,98.10%,1,3,2,1,,,,,,,,,32,31,96.90%,,,,,1,1,,,,,,,1 R COWP6,53,48,65.56,T,T,T,T,FALSE,FALSE,T,T
97,COWP 6,Fwd,CTYZ_00002073,TRY51937.1,4,251,20,"701,064","701,083",ACAGCACGGTCAACATTTGC,50,60,None,None,19,3,1,210,203,96.70%,,7,5,2,,,,,,,,,71,69,97.20%,,,,,2,2,,,,,,,2 F COWP6,52,47,64.57,T,T,T,T,FALSE,T,T,T
97,COWP 6,Fwd,CTYZ_00002073,TRY51937.1,4,251,21,"701,294","701,314",GTTCGCAAACTAGGACAGCTG,52.4,59.5,32.4,13.5,19,3,1,210,203,96.70%,,7,5,2,,,,,,,,,71,69,97.20%,,,,,2,2,,,,,,,2 R COWP6,54,49,64.02,T,T,T,T,FALSE,T,T,T
98,COWP 6,Fwd,CTYZ_00002073,TRY51937.1,4,251,22,"701,138","701,159",CAAATACAGACGTTCTCGCTCC,50,59.4,41.2,None,None,3,1,208,202,97.10%,,6,4,2,,,,,,,,,70,68,97.10%,,,,,2,2,,,,,,,3 F COWP6,55,50,64.05,T,T,T,T,FALSE,FALSE,T,T
98,COWP 6,Fwd,CTYZ_00002073,TRY51937.1,4,251,21,"701,368","701,388",TCCATGCGGACAGATTCTCTC,52.4,59.6,35.9,None,None,3,1,208,202,97.10%,,6,4,2,,,,,,,,,70,68,97.10%,,,,,2,2,,,,,,,3 R COWP6,54,49,64.49,T,T,T,T,FALSE,T,T,T
99,COWP 6,Fwd,CTYZ_00002073,TRY51937.1,4,243,20,"701,329","701,348",ATTGGTGGCCGTTGCATTAC,50,59.5,40.1,None,3.8,3,1,201,199,99.00%,,2,2,0,,,,,,,,,68,68,100.00%,,,,,0,0,,,,,,,4 F COWP6,52,47,64.14,T,T,T,T,FALSE,T,T,T
99,COWP 6,Fwd,CTYZ_00002073,TRY51937.1,4,243,22,"701,550","701,571",TCTAGTGCACTGAACCATCCTC,50,59.5,None,20.8,3.8,3,1,201,199,99.00%,,2,2,0,,,,,,,,,68,68,100.00%,,,,,0,0,,,,,,,4 R COWP6,55,50,64.34,T,T,T,T,FALSE,T,FALSE,FALSE
100,COWP 6,Fwd,CTYZ_00002073,TRY51937.1,4,250,20,"701,506","701,525",TTGGAAAGTTGCCCTCCTGG,55,60.2,37.1,None,None,3,1,210,204,97.10%,,6,3,3,,,,,,,,,71,68,95.80%,,,,,3,3,,,,,,,5 F COWP6,54,49,65.29,T,T,T,T,FALSE,FALSE,T,T
100,COWP 6,Fwd,CTYZ_00002073,TRY51937.1,4,250,20,"701,736","701,755",GGATGGAACCTGCTGGACAC,60,60.7,37,7.1,None,3,1,210,204,97.10%,,6,3,3,,,,,,,,,71,68,95.80%,,,,,3,3,,,,,,,5 R COWP6,56,51,65.69,T,T,T,T,FALSE,T,T,T
101,COWP 6,Fwd,CTYZ_00002073,TRY51937.1,4,254,21,"701,702","701,722",GCAACAGACTTCTCCAGGTTG,52.4,59.1,31.5,3.8,None,3,1,212,209,98.60%,,3,3,0,,,,,,,,,71,71,100.00%,,,,,0,0,,,,,,,6 F COWP6,54,49,63.97,T,T,T,T,FALSE,T,T,T
101,COWP 6,Fwd,CTYZ_00002073,TRY51937.1,4,254,21,"701,935","701,955",TGGGCAAGAAACCTCTGGTTC,52.4,60.5,46.2,None,None,3,1,212,209,98.60%,,3,3,0,,,,,,,,,71,71,100.00%,,,,,0,0,,,,,,,6 R COWP6,54,49,65.45,T,T,T,T,FALSE,T,FALSE,FALSE
102,COWP 6,Fwd,CTYZ_00002073,TRY51937.1,4,250,22,"701,889","701,910",GGGATTCAAACTCGAATCTGGG,50,59.1,46.9,12.1,None,3,1,207,203,98.10%,,4,3,1,,,,,,,,,69,68,98.60%,,,,,1,1,,,,,,,7 F COWP6,55,50,64.12,T,T,T,T,FALSE,FALSE,FALSE,FALSE
102,COWP 6,Fwd,CTYZ_00002073,TRY51937.1,4,250,21,"702,118","702,138",CTTTACGCACTGGCTTCCTTG,52.4,59.8,38.1,None,None,3,1,207,203,98.10%,,4,3,1,,,,,,,,,69,68,98.60%,,,,,1,1,,,,,,,7 R COWP6,54,49,64.30,T,T,T,T,FALSE,T,T,T
103,COWP 6,Fwd,CTYZ_00002073,TRY51937.1,4,250,20,"701,969","701,988",CCCATGGGCATCACAACAAG,55,59.5,None,20.4,None,3,1,208,204,98.10%,,4,3,1,,,,,,,,,70,69,98.60%,,,,,1,1,,,,,,,8 F COWP6,54,49,64.47,T,T,T,T,FALSE,T,FALSE,FALSE
103,COWP 6,Fwd,CTYZ_00002073,TRY51937.1,4,250,22,"702,197","702,218",GGAGCTGTCTCAAATGAAACGC,50,60.4,41.1,2.5,None,3,1,208,204,98.10%,,4,3,1,,,,,,,,,70,69,98.60%,,,,,1,1,,,,,,,8 R COWP6,55,50,64.81,T,T,T,T,FALSE,T,T,T
104,COWP 6,Fwd,CTYZ_00002073,TRY51937.1,4,254,23,"702,154","702,176",CCGTCTAAGAGTTGTCCATCAGG,52.2,60.4,None,None,None,3,1,212,210,99.10%,,2,2,0,,,,,,,,,72,72,100.00%,,,,,0,0,,,,,,,9 F COWP6,57,52,65.39,T,T,T,T,FALSE,T,T,T
104,COWP 6,Fwd,CTYZ_00002073,TRY51937.1,4,254,19,"702,389","702,407",CATTTTCCGTGGCCATCGC,57.9,60.2,None,18.6,None,3,1,212,210,99.10%,,2,2,0,,,,,,,,,72,72,100.00%,,,,,0,0,,,,,,,9 R COWP6,53,48,64.88,T,T,T,T,FALSE,T,T,T
105,COWP 7,Fwd,CTYZ_00001816,TRY51894.1,4,394,20,"135,319","135,338",TCGTCATCGAGTGCTGATGC,55,60.5,41.4,3.5,None,3,2-Jan,354,351,99.20%,1,1,0,1,1,,,1 x 1,,,,,50,24,48.00%,,25,,1 x 25,26,1,,,,,,,1 F COWP7,54,49,65.10,T,T,T,T,FALSE,T,T,T
105,COWP 7,Fwd,CTYZ_00001816,TRY51894.1,4,394,21,"135,692","135,712",AGGGGTATGATGATGCGAGTG,52.4,59.7,None,None,None,3,2-Jan,354,351,99.20%,1,1,0,1,1,,,1 x 1,,,,,50,24,48.00%,,25,,1 x 25,26,1,,,,,,,1 R COWP7,54,49,64.59,T,T,T,T,FALSE,T,T,T
106,COWP 7,Fwd,CTYZ_00001816,TRY51894.1,4,182,22,"135,689","135,710",CATCACTCGCATCATCATACCC,50,59,None,None,None,3,2,140,138,98.60%,,2,2,0,,,,,,,,,47,47,100.00%,,,,,0,0,,,,,,,2 F COWP7,55,50,63.73,T,T,T,T,FALSE,T,T,T
106,COWP 7,Fwd,CTYZ_00001816,TRY51894.1,4,182,20,"135,851","135,870",GGATGGCCTGTTTCAACCAC,55,59.4,None,0.9,None,3,2,140,138,98.60%,,2,2,0,,,,,,,,,47,47,100.00%,,,,,0,0,,,,,,,2 R COWP7,54,49,64.39,T,T,T,T,FALSE,T,T,T
107,COWP 7,Fwd,CTYZ_00001816,TRY51894.1,4,299,20,"135,851","135,870",GTGGTTGAAACAGGCCATCC,55,59.4,None,None,2.3,3,3-Feb,259,255,98.50%,2,2,1,1,,,,,,,,,63,62,98.40%,,,,,1,1,,,,,,,3 F COWP7,54,49,64.39,T,T,T,T,FALSE,T,T,T
107,COWP 7,Fwd,CTYZ_00001816,TRY51894.1,4,299,20,"136,130","136,149",TGCTGTTAAAACTCCCGTGC,50,59.1,None,None,2.3,3,3-Feb,259,255,98.50%,2,2,1,1,,,,,,,,,63,62,98.40%,,,,,1,1,,,,,,,3 R COWP7,52,47,63.69,T,T,T,T,FALSE,FALSE,T,T
108,COWP 7,Fwd,CTYZ_00001816,TRY51894.1,4,252,20,"136,144","136,163",ACAGCAGATGCACAGAAAGC,50,59.1,45.2,3.4,6.6,3,3,213,211,99.10%,,2,2,0,,,,,,,,,72,72,100.00%,,,,,0,0,,,,,,,4 F COWP7,52,47,63.46,T,T,T,T,FALSE,T,T,T
108,COWP 7,Fwd,CTYZ_00001816,TRY51894.1,4,252,19,"136,377","136,395",AGGACATTCCAGTGCTGCG,57.9,60.4,38.8,None,6.6,3,3,213,211,99.10%,,2,2,0,,,,,,,,,72,72,100.00%,,,,,0,0,,,,,,,4 R COWP7,53,48,65.15,T,T,T,T,FALSE,FALSE,T,T
109,COWP 7,Fwd,CTYZ_00001816,TRY51894.1,4,413,22,"137,066","137,087",CCAGCTGGATCTATCCCACAAG,54.5,60.2,46.6,29.9,14.4,3,8-Jun,372,365,98.10%,1,6,4,2,,,,,,,2,,81,79,97.50%,,,,,2,1,,1,,,,,5 F COWP7,57,52,65.06,T,T,T,T,FALSE,T,FALSE,FALSE
109,COWP 7,Fwd,CTYZ_00001816,TRY51894.1,4,413,21,"137,458","137,478",TGGGGATCCGCTTGTATTCTG,52.4,59.9,35.2,27.3,14.4,3,8-Jun,372,365,98.10%,1,6,4,2,,,,,,,2,,81,79,97.50%,,,,,2,1,,1,,,,,5 R COWP7,54,49,64.81,T,T,T,T,FALSE,T,FALSE,T
110,COWP 7,Fwd,CTYZ_00001816,TRY51894.1,4,197,21,"137,584","137,604",TAGGGTCATCTGCTACTCCCC,57.1,60.1,None,None,None,3,9,155,152,98.10%,,3,3,0,,,,,,,,,57,57,100.00%,,,,,0,0,,,,,,,6 F COWP7,56,51,65.18,T,T,T,T,FALSE,FALSE,T,T
110,COWP 7,Fwd,CTYZ_00001816,TRY51894.1,4,197,21,"137,760","137,780",CCCAGTATCAGAGGCTGTCAC,57.1,59.9,32.6,4,None,3,9,155,152,98.10%,,3,3,0,,,,,,,,,57,57,100.00%,,,,,0,0,,,,,,,6 R COWP7,56,51,64.76,T,T,T,T,FALSE,T,T,T
111,COWP 7,Fwd,CTYZ_00001816,TRY51894.1,4,542,21,"137,760","137,780",GTGACAGCCTCTGATACTGGG,57.1,59.9,35.2,10.6,None,3,9,498,489,98.20%,,3,0,3,,,,,,,,,166,163,98.20%,,,,,3,2,1,,,,,,7 F COWP7,56,51,64.76,T,T,T,T,FALSE,FALSE,T,T
111,COWP 7,Fwd,CTYZ_00001816,TRY51894.1,4,542,23,"138,279","138,301",GGGAGCATTCTCTGATATGGAGG,52.2,60.1,39.3,3.4,None,3,9,498,489,98.20%,,3,0,3,,,,,,,,,166,163,98.20%,,,,,3,2,1,,,,,,7 R COWP7,57,52,64.81,T,T,T,T,FALSE,FALSE,T,T
112,COWP 7,Fwd,CTYZ_00001816,TRY51894.1,4,219,23,"138,279","138,301",CCTCCATATCAGAGAATGCTCCC,52.2,60.1,42.3,1.5,4,3,9,176,172,97.70%,,4,4,0,,,,,,,,,60,60,100.00%,,,,,0,0,,,,,,,8 F COWP7,57,52,64.81,T,T,T,T,FALSE,FALSE,T,T
112,COWP 7,Fwd,CTYZ_00001816,TRY51894.1,4,219,20,"138,478","138,497",TGTAAACCTTGGAGCAGGCG,55,60.6,None,None,4,3,9,176,172,97.70%,,4,4,0,,,,,,,,,60,60,100.00%,,,,,0,0,,,,,,,8 R COWP7,54,49,65.29,T,T,T,T,FALSE,FALSE,T,T
113,COWP 8,Rev,CTYZ_00001196,TRY51096.1,6,258,20,"42,880","42,899",TGATGATGACGTCCACCAGT,50,58.7,None,None,3.4,3,1,216,216,100.00%,,0,0,0,,,,,,,,,72,72,100.00%,,,,,0,0,,,,,,,1 F COWP8,52,47,64.12,T,T,T,T,FALSE,T,T,T
113,COWP 8,Rev,CTYZ_00001196,TRY51096.1,6,258,22,"43,116","43,137",TCCAGTTATTCAGGAAGTCCCA,45.5,58.5,37.4,None,3.4,3,1,216,216,100.00%,,0,0,0,,,,,,,,,72,72,100.00%,,,,,0,0,,,,,,,1 R COWP8,53,48,63.72,T,T,T,T,FALSE,T,T,T
114,COWP 8,Rev,CTYZ_00001196,TRY51096.1,6,282,22,"43,116","43,137",TGGGACTTCCTGAATAACTGGA,45.5,58.5,43.3,None,None,3,1,240,240,100.00%,,0,0,0,,,,,,,,,81,81,100.00%,,,,,0,0,,,,,,,2 F COWP8,53,48,63.72,T,T,T,T,FALSE,T,T,T
114,COWP 8,Rev,CTYZ_00001196,TRY51096.1,6,282,20,"43,378","43,397",GAATGTCCAAACCCAACCCC,55,59,None,None,None,3,1,240,240,100.00%,,0,0,0,,,,,,,,,81,81,100.00%,,,,,0,0,,,,,,,2 R COWP8,54,49,64.40,T,T,T,T,FALSE,FALSE,T,T
115,COWP 8,Rev,CTYZ_00001196,TRY51096.1,6,265,20,"43,379","43,398",GGGTTGGGTTTGGACATTCC,55,59,39.6,None,None,3,1,223,222,99.60%,1,0,0,0,,,,,,,,,49,49,100.00%,,,,,0,0,,,,,,,3 F COWP8,54,49,64.40,T,T,T,T,FALSE,T,T,T
115,COWP 8,Rev,CTYZ_00001196,TRY51096.1,6,265,22,"43,622","43,643",CATGGACATGGACATGGACATC,50,59.1,42.9,18.8,None,3,1,223,222,99.60%,1,0,0,0,,,,,,,,,49,49,100.00%,,,,,0,0,,,,,,,3 R COWP8,55,50,64.19,T,T,T,T,FALSE,T,FALSE,FALSE
116,COWP 9,Rev,CTYZ_00001197,TRY51095.1,6,775,22,"45,425","45,446",CTGGTGGCAAGAGTAATAAGGC,50,59.1,None,None,2.3,3,1,729,717,98.40%,,12,5,7,,,,,,,,,243,236,97.10%,,,,,7,7,,,,,,,1 F COWP9,55,50,63.55,T,T,T,T,FALSE,T,T,T
116,COWP 9,Rev,CTYZ_00001197,TRY51095.1,6,775,24,"46,176","46,199",GATCCTCCTATAGTATACCGGCAC,50,59.4,None,None,2.3,3,1,729,717,98.40%,,12,5,7,,,,,,,,,243,236,97.10%,,,,,7,7,,,,,,,1 R COWP9,57,52,64.05,T,T,T,T,FALSE,FALSE,FALSE,T
117,COWP 9,Rev,CTYZ_00001197,TRY51095.1,6,203,23,"46,174","46,196",TCGTGCCGGTATACTATAGGAGG,52.2,60.6,None,4.6,None,3,1,158,156,98.70%,,2,2,0,,,,,,,,,53,53,100.00%,,,,,0,0,,,,,,,2 F COWP9,57,52,65.36,T,T,T,T,FALSE,FALSE,FALSE,T
117,COWP 9,Rev,CTYZ_00001197,TRY51095.1,6,203,22,"46,355","46,376",GGTATTGGTGCTCCATTCTGTC,50,59.1,43.9,4.2,None,3,1,158,156,98.70%,,2,2,0,,,,,,,,,53,53,100.00%,,,,,0,0,,,,,,,2 R COWP9,55,50,63.83,T,T,T,T,FALSE,T,T,T
118,COWP 9,Rev,CTYZ_00001197,TRY51095.1,6,244,22,"46,620","46,641",TTGTGCTGTATATCCTTCCGGG,50,59.9,None,None,None,3,1,198,196,99.00%,,2,1,1,,,,,,,,,67,66,98.50%,,,,,1,1,,,,,,,3 F COWP9,55,50,64.74,T,T,T,T,FALSE,FALSE,T,T
118,COWP 9,Rev,CTYZ_00001197,TRY51095.1,6,244,24,"46,840","46,863",GTTATGGGGTTCACATAGAGGTGG,50,60.7,39.3,None,None,3,1,198,196,99.00%,,2,1,1,,,,,,,,,67,66,98.50%,,,,,1,1,,,,,,,3 R COWP9,57,52,65.63,T,T,T,T,FALSE,FALSE,T,T
119,COWP 9,Rev,CTYZ_00001197,TRY51095.1,6,256,22,"46,706","46,727",CTTCAGCACATCCTGGAAATCC,50,59.3,33.6,None,None,3,1,212,210,99.10%,,2,1,1,,,,,,,,,71,70,98.60%,,,,,1,1,,,,,,,4 F COWP9,55,50,64.10,T,T,T,T,FALSE,T,T,T
119,COWP 9,Rev,CTYZ_00001197,TRY51095.1,6,256,22,"46,940","46,961",GGCCTGAATTCAGTGTATGACC,50,59.1,42.3,11.6,None,3,1,212,210,99.10%,,2,1,1,,,,,,,,,71,70,98.60%,,,,,1,1,,,,,,,4 R COWP9,55,50,63.83,T,T,T,T,FALSE,T,FALSE,FALSE
120,COWP 9,Rev,CTYZ_00001197,TRY51095.1,6,205,22,"46,816","46,837",CTTTGTTTAGCATGGCAGCCTC,50,60.4,34.2,None,None,3,1,159,159,100.00%,,0,0,0,,,,,,,,,54,54,100.00%,,,,,0,0,,,,,,,5 F COWP9,55,50,64.59,T,T,T,T,FALSE,FALSE,T,T
120,COWP 9,Rev,CTYZ_00001197,TRY51095.1,6,205,24,"46,997","47,020",CCTATTGTAGCAGACCAACAGGAG,50,60.7,None,None,None,3,1,159,159,100.00%,,0,0,0,,,,,,,,,54,54,100.00%,,,,,0,0,,,,,,,5 R COWP9,57,52,65.31,T,T,T,T,FALSE,T,T,T
121,COWP 9,Rev,CTYZ_00001197,TRY51095.1,6,868,20,"46,995","47,014",TGCTCCTGTTGGTCTGCTAC,55,59.7,34.2,1.4,None,3,1,827,822,99.40%,,5,2,3,,,,,,,,,277,274,98.90%,,,,,3,2,1,,,,,,6 F COWP9,54,49,64.39,T,T,T,T,FALSE,T,T,T
121,COWP 9,Rev,CTYZ_00001197,TRY51095.1,6,868,21,"47,842","47,862",GCCTCCAAACTGTGATTGGTC,52.4,59.5,46.1,0.4,None,3,1,827,822,99.40%,,5,2,3,,,,,,,,,277,274,98.90%,,,,,3,2,1,,,,,,6 R COWP9,54,49,64.32,T,T,T,T,FALSE,T,T,T
122,COWP 9,Rev,CTYZ_00001197,TRY51095.1,6,373,21,"47,851","47,871",CAGTTTGGAGGCAAATCAGGG,52.4,59.5,None,None,None,3,1,333,321,96.40%,,12,6,6,,,,,,,,,112,106,94.60%,,,,,6,1,3,,2,,,,7 F COWP9,54,49,64.35,T,T,T,T,FALSE,FALSE,T,T
122,COWP 9,Rev,CTYZ_00001197,TRY51095.1,6,373,19,"48,205","48,223",CTGCACAAAAGCTTCCGGC,57.9,60.4,42.2,4.4,None,3,1,333,321,96.40%,,12,6,6,,,,,,,,,112,106,94.60%,,,,,6,1,3,,2,,,,7 R COWP9,53,48,64.72,T,T,T,T,FALSE,FALSE,FALSE,T
123,MEDLE 1,Fwd,CTYZ_00002702,TRY52803.1,2,265,22,"6,070","6,091",ATGCCATCAGATGACCCTAGTC,50,59.4,43.8,None,None,3,1,223,162,72.60%,,40,18,22,21,,"1 x 9
 1 x 12",,,,,,75,46,61.30%,7,,"1 x 4 
 1 x 3",,29,22,,,,,,,1 F Medle1,55,50,64.24,T,T,T,T,FALSE,T,T,T
123,MEDLE 1,Fwd,CTYZ_00002702,TRY52803.1,2,265,20,"5,827","5,846",GCTTTCCAGAACCTCTTGGC,55,59.1,36.6,None,None,3,1,223,162,72.60%,,40,18,22,21,,"1 x 9
 1 x 12",,,,,,75,46,61.30%,7,,"1 x 4 
 1 x 3",,29,22,,,,,,,1 R Medle1,54,49,63.78,T,T,T,T,FALSE,T,T,T
123,MEDLE 2,Rev,CTYZ_00003166,TRY51801.1,5,265,22,"6,070","6,091",ATGCCATCAGATGACCCTAGTC,50,59.4,43.8,None,None,3,1,223,162,72.60%,,40,18,22,21,,"1 x 9
 1 x 12",,,,,,75,46,61.30%,7,,"1 x 4 
 1 x 3",,29,22,,,,,,,1 F Medle1,55,50,64.24,T,T,T,T,FALSE,T,T,T
123,MEDLE 2,Rev,CTYZ_00003166,TRY51801.1,5,265,20,"5,827","5,846",GCTTTCCAGAACCTCTTGGC,55,59.1,36.6,None,None,3,1,223,162,72.60%,,40,18,22,21,,"1 x 9
 1 x 12",,,,,,75,46,61.30%,7,,"1 x 4 
 1 x 3",,29,22,,,,,,,1 R Medle1,54,49,63.78,T,T,T,T,FALSE,T,T,T
124,MEDLE 2,Rev,CTYZ_00003166,TRY51801.1,5,233,22,"6,126","6,147",TTCATTGGTAGAGACGGGATGC,50,60.2,None,None,None,1,1,189,152,80.40%,,26,10,16,11,,"1 x 6
 1 x 5",,,,,,64,42,65.60%,6,,"1 x 4
 1 x 2",,22,15,1,,,,,,2 F Medle2,55,50,64.97,T,T,T,T,FALSE,T,T,T
124,MEDLE 2,Rev,CTYZ_00003166,TRY51801.1,5,233,22,"6,337","6,358",TCTGAAGGTTTGAGTAGGGGTG,50,59.4,None,None,None,1,1,189,152,80.40%,,26,10,16,11,,"1 x 6
 1 x 5",,,,,,64,42,65.60%,6,,"1 x 4
 1 x 2",,22,15,1,,,,,,2 R Medle2,55,50,64.54,T,T,T,T,FALSE,FALSE,T,T
125,MEDLE 2,Rev,CTYZ_00003166,TRY51801.1,5,361,22,"6,336","6,357",CCACCCCTACTCAAACCTTCAG,54.5,60.3,None,None,None,1,1,323,279,86.40%,27,13,4,9,,,,,4,,"1 x 3
 1 x 1",,53,44,83.00%,,,,,9,8,1,,,,,,3 F Medle2,57,52,65.43,T,T,T,T,FALSE,T,T,T
125,MEDLE 2,Rev,CTYZ_00003166,TRY51801.1,5,361,20,"6,677","6,696",TGGAAAGAGCGGACTTACCC,55,59.4,39,8.4,None,1,1,323,279,86.40%,27,13,4,9,,,,,4,,"1 x 3
 1 x 1",,53,44,83.00%,,,,,9,8,1,,,,,,3 R Medle2,54,49,64.43,T,T,T,T,FALSE,T,FALSE,T
126,"SKSR 1
 +
 SKSR 2",Rev,"CTYZ_00003595 
 + 
 CTYZ_00003594","TRY53192.1
 +
 TRY53369.1",1,252,22,"38,090","38,069",GTGGCGATGAAGAGACTTGTTC,50,59.6,None,None,None,3,2,211,204,96.70%,,4,2,2,3,,,1 x 3,,,,,71,68,95.80%,,1,,1 x 1,3,2,,,,,,,1 F SKSR1 2,55,50,64.27,T,T,T,T,FALSE,T,T,T
126,"SKSR 1
 +
 SKSR 2",Rev,"CTYZ_00003595 
 + 
 CTYZ_00003594","TRY53192.1
 +
 TRY53369.1",1,252,22,"38,320","38,299",TGACCAATGGAGTATCACTGGG,50,59.5,None,None,None,3,2,211,204,96.70%,,4,2,2,3,,,1 x 3,,,,,71,68,95.80%,,1,,1 x 1,3,2,,,,,,,1 R SKSR1 2,55,50,64.68,T,T,T,T,FALSE,FALSE,T,T
127,"SKSR 1
 +
 SKSR 2",Rev,"CTYZ_00003595 
 + 
 CTYZ_00003594","TRY53192.1
 +
 TRY53369.1",1,380,24,"38,575","38,552",GAGGAGGCTCAGATAAAGCTCTTC,50,60.5,39.8,10.9,None,3,2,334,319,95.50%,,15,4,11,,,,,,,,,112,101,90.20%,,,,,11,10,1,,,,,,2 F SKSR1 2,57,52,64.86,T,T,T,T,FALSE,T,FALSE,T
127,"SKSR 1
 +
 SKSR 2",Rev,"CTYZ_00003595 
 + 
 CTYZ_00003594","TRY53192.1
 +
 TRY53369.1",1,380,22,"38,217","38,196",CCAACAAAGCAAAGGAGAAGGC,50,60.5,None,None,None,3,2,334,319,95.50%,,15,4,11,,,,,,,,,112,101,90.20%,,,,,11,10,1,,,,,,2 R SKSR1 2,55,50,65.02,T,T,T,T,FALSE,T,T,T
128,"SKSR 1
 +
 SKSR 2",Rev,"CTYZ_00003595 
 + 
 CTYZ_00003594","TRY53192.1
 +
 TRY53369.1",1,210,22,"38,402","38,381",GAGGAACTATGGAAGGAGCTGC,54.5,60.5,41.6,None,None,3,2,166,157,94.60%,,9,2,7,,,,,,,,,56,49,87.50%,,,,,7,6,1,,,,,,3 F SKSR1 2,57,52,65.00,T,T,T,T,FALSE,FALSE,FALSE,T
128,"SKSR 1
 +
 SKSR 2",Rev,"CTYZ_00003595 
 + 
 CTYZ_00003594","TRY53192.1
 +
 TRY53369.1",1,210,22,"38,590","38,569",TTGGCTTATTTCTCGGAGGAGG,50,59.8,40.9,1.2,None,3,2,166,157,94.60%,,9,2,7,,,,,,,,,56,49,87.50%,,,,,7,6,1,,,,,,3 R SKSR1 2,55,50,64.68,T,T,T,T,FALSE,FALSE,T,T
129,"SKSR 1
 +
 SKSR 2",Rev,"CTYZ_00003595 
 + 
 CTYZ_00003594","TRY53192.1
 +
 TRY53369.1",1,428,21,"38,588","38,568",GCCTCCTCCGAGAAATAAGCC,57.1,60.5,38.5,None,None,3,2,399,375,94.00%,,12,3,9,12,,,1 x 12,,,,,134,121,90.30%,,4,,1 x 4,13,9,,,,,,,4 F SKSR1 2,56,51,65.12,T,T,T,T,FALSE,T,T,T
129,"SKSR 1
 +
 SKSR 2",Rev,"CTYZ_00003595 
 + 
 CTYZ_00003594","TRY53192.1
 +
 TRY53369.1",1,428,20,"38,995","38,976",TGCCTGTCAATAGCGGTAGG,55,59.5,None,None,None,3,2,399,375,94.00%,,12,3,9,12,,,1 x 12,,,,,134,121,90.30%,,4,,1 x 4,13,9,,,,,,,4 R SKSR1 2,54,49,64.24,T,T,T,T,FALSE,T,T,T
130,SKSR 3,Rev,CTYZ_00003596,TRY53371.1,1,446,22,"42,142","42,121",GCCGACTGAAACGTGAGAAAAG,50,60.3,None,None,3,3,1,403,393,97.50%,,10,1,9,,,,,,,,,135,126,93.30%,,,,,9,7,2,,,,,,1 F SKSR3,55,50,64.99,T,T,T,T,FALSE,T,T,T
130,SKSR 3,Rev,CTYZ_00003596,TRY53371.1,1,446,21,"41,717","41,697",GTCAAATTGGTCCTACGGCTG,52.4,59.3,None,None,3,3,1,403,393,97.50%,,10,1,9,,,,,,,,,135,126,93.30%,,,,,9,7,2,,,,,,1 R SKSR3,54,49,64.09,T,T,T,T,FALSE,FALSE,FALSE,T
131,SKSR 3,Rev,CTYZ_00003596,TRY53371.1,1,545,21,"41,402","41,382",TCTCTCGCTGTTCCTCATGAG,52.4,59.3,32.9,16.2,9.2,3,1,505,492,97.40%,,13,3,10,,,,,,,,,169,159,94.10%,,,,,10,10,,,,,,,2 F SKSR3,54,49,64.13,T,T,T,T,FALSE,T,FALSE,FALSE
131,SKSR 3,Rev,CTYZ_00003596,TRY53371.1,1,545,19,"40,876","40,858",AGGGGAAAGCGGTGGAAAG,57.9,59.9,None,None,9.2,3,1,505,492,97.40%,,13,3,10,,,,,,,,,169,159,94.10%,,,,,10,10,,,,,,,2 R SKSR3,53,48,65.13,T,T,T,T,FALSE,T,T,T
132,SKSR 3,Rev,CTYZ_00003596,TRY53371.1,1,333,19,"40,875","40,857",TTTCCACCGCTTTCCCCTG,57.9,60.2,None,None,None,3,1,294,292,99.30%,,2,1,1,,,,,,,,,99,98,99.00%,,,,,1,1,,,,,,,3 F SKSR3,53,48,65.41,T,T,T,T,FALSE,FALSE,T,T
132,SKSR 3,Rev,CTYZ_00003596,TRY53371.1,1,333,20,"40,562","40,543",AGGTCTTGCTGCCATGAACC,55,60.6,34.3,2.2,None,3,1,294,292,99.30%,,2,1,1,,,,,,,,,99,98,99.00%,,,,,1,1,,,,,,,3 R SKSR3,54,49,65.34,T,T,T,T,FALSE,T,T,T
133,SKSR 3,Rev,CTYZ_00003596,TRY53371.1,1,381,20,"40,563","40,544",AGGTTCATGGCAGCAAGACC,55,60.6,None,None,None,3,1,339,334,98.50%,,5,2,3,,,,,,,,,113,110,97.30%,,,,,3,3,,,,,,,4 F SKSR3,54,49,65.34,T,T,T,T,FALSE,T,T,T
133,SKSR 3,Rev,CTYZ_00003596,TRY53371.1,1,381,22,"40,204","40,183",TGGGGTTTCTAATGACTGCCTC,50,60,None,None,None,3,1,339,334,98.50%,,5,2,3,,,,,,,,,113,110,97.30%,,,,,3,3,,,,,,,4 R SKSR3,55,50,64.90,T,T,T,T,FALSE,FALSE,T,T
134,SKSR 3,Rev,CTYZ_00003596,TRY53371.1,1,512,22,"40,205","40,184",TGAGGCAGTCATTAGAAACCCC,50,60,None,None,2.7,3,1,468,452,96.60%,1,15,5,10,,,,,,,,,131,121,92.40%,,,,,10,10,,,,,,,5 F SKSR3,55,50,64.90,T,T,T,T,FALSE,FALSE,T,T
134,SKSR 3,Rev,CTYZ_00003596,TRY53371.1,1,512,22,"39,715","39,694",CCAGGTAAAAGAACAAGACGCC,50,59.8,None,None,2.7,3,1,468,452,96.60%,1,15,5,10,,,,,,,,,131,121,92.40%,,,,,10,10,,,,,,,5 R SKSR3,55,50,64.50,T,T,T,T,FALSE,FALSE,T,T
135,SKSR 4,Rev,CTYZ_00003983,TRY53360.1,1,250,20,"862,772","862,791",TTGGGCCGATTGGTTGAGAG,55,60.3,37.7,None,None,2,1,226,200,88.50%,11,0,0,0,,,,,15,,1 x 15,,0,0,#DIV/0!,,,,,0,0,,,,,,,1 F SKSR4,54,49,65.37,T,T,T,T,FALSE,T,T,T
135,SKSR 4,Rev,CTYZ_00003983,TRY53360.1,1,250,19,"863,003","863,021",CGTTTTTCCCTTCCGCTGG,57.9,59.4,None,None,None,2,1,226,200,88.50%,11,0,0,0,,,,,15,,1 x 15,,0,0,#DIV/0!,,,,,0,0,,,,,,,1 R SKSR4,53,48,64.44,T,T,T,T,FALSE,FALSE,T,T
136,SKSR 4,Rev,CTYZ_00003983,TRY53360.1,1,226,21,"862,989","863,009",AGCAATAGAGACATCCAGCGG,52.4,59.9,None,None,None,2,1,184,170,92.40%,8,0,0,0,,,,,6,"1 x 1
 1 x 2
 1 x 3",,,0,0,#DIV/0!,,,,,0,0,,,,,,,2 F SKSR4,54,49,64.53,T,T,T,T,FALSE,FALSE,T,T
136,SKSR 4,Rev,CTYZ_00003983,TRY53360.1,1,226,21,"863,194","863,214",CAGCCAATTCATGTCAGGTGG,52.4,59.5,None,None,None,2,1,184,170,92.40%,8,0,0,0,,,,,6,"1 x 1
 1 x 2
 1 x 3",,,0,0,#DIV/0!,,,,,0,0,,,,,,,2 R SKSR4,54,49,64.40,T,T,T,T,FALSE,FALSE,T,T
137,SKSR 4,Rev,CTYZ_00003983,TRY53360.1,1,142,22,"863,191","863,212",TCTCCACCTGACATGAATTGGC,50,60.6,None,None,None,2,1,103,90,87.40%,10,0,0,0,,,,,3,,"1 x 1
 1 x 2",,0,0,#DIV/0!,,,,,0,0,,,,,,,3 F SKSR4,55,50,65.47,T,T,T,T,FALSE,T,T,T
137,SKSR 4,Rev,CTYZ_00003983,TRY53360.1,1,142,20,"863,313","863,332",TTGTTTGGCGCCGAAAGTAG,50,59.4,None,14.6,None,2,1,103,90,87.40%,10,0,0,0,,,,,3,,"1 x 1
 1 x 2",,0,0,#DIV/0!,,,,,0,0,,,,,,,3 R SKSR4,52,47,64.01,T,T,T,T,FALSE,T,FALSE,T
138,SKSR 4,Rev,CTYZ_00003983,TRY53360.1,1,233,22,"863,305","863,326",AATCTCTACTACTTTCGGCGCC,50,60.2,None,19.1,None,3,1,189,177,93.70%,8,4,3,1,,,,,,,,,30,29,96.70%,,,,,1,1,,,,,,,4 F SKSR4,55,50,64.69,T,T,T,T,FALSE,FALSE,FALSE,T
138,SKSR 4,Rev,CTYZ_00003983,TRY53360.1,1,233,22,"863,516","863,537",CTGAAGAATTGTCACCAGGTGC,50,59.8,33,10.7,None,3,1,189,177,93.70%,8,4,3,1,,,,,,,,,30,29,96.70%,,,,,1,1,,,,,,,4 R SKSR4,55,50,64.52,T,T,T,T,FALSE,FALSE,FALSE,FALSE
139,SKSR 4,Rev,CTYZ_00003983,TRY53360.1,1,286,22,"863,516","863,537",GCACCTGGTGACAATTCTTCAG,50,59.8,42.1,21,None,2,1,240,189,78.80%,,51,16,35,,,,,,,,,81,46,56.80%,,,,,35,30,4,1,,,,,5 F SKSR4,55,50,64.52,T,T,T,T,FALSE,T,FALSE,FALSE
139,SKSR 4,Rev,CTYZ_00003983,TRY53360.1,1,286,24,"863,778","863,801",CCATACTAGCCCTTCTCTCAAACG,50,60.7,None,None,None,2,1,240,189,78.80%,,51,16,35,,,,,,,,,81,46,56.80%,,,,,35,30,4,1,,,,,5 R SKSR4,57,52,65.34,T,T,T,T,FALSE,T,T,T
140,SKSR 4,Rev,CTYZ_00003983,TRY53360.1,1,456,24,"863,778","863,801",CGTTTGAGAGAAGGGCTAGTATGG,50,60.7,None,None,0,2,1,410,325,79.30%,,85,32,53,,,,,,,,,137,84,61.30%,,,,,53,50,2,,1,,,,6 F SKSR4,57,52,65.34,T,T,T,T,FALSE,T,T,T
140,SKSR 4,Rev,CTYZ_00003983,TRY53360.1,1,456,22,"864,212","864,233",GGCTTGTAACTTGATCTCGAGC,50,59.4,None,7.8,0,2,1,410,325,79.30%,,85,32,53,,,,,,,,,137,84,61.30%,,,,,53,50,2,,1,,,,6 R SKSR4,55,50,63.81,T,T,T,T,FALSE,FALSE,FALSE,T
141,SKSR 4,Rev,CTYZ_00003983,TRY53360.1,1,808,22,"864,212","864,233",GCTCGAGATCAAGTTACAAGCC,50,59.4,None,18.8,None,2,1,765,656,85.80%,,109,28,81,,,,,,,,,256,175,68.40%,,,,,81,76,2,1,2,,,,7 F SKSR4,55,50,63.81,T,T,T,T,FALSE,T,FALSE,T
141,SKSR 4,Rev,CTYZ_00003983,TRY53360.1,1,808,21,"864,999","865,019",CCTTTGAAATATCGGCTGCGC,52.4,60.6,None,None,None,2,1,765,656,85.80%,,109,28,81,,,,,,,,,256,175,68.40%,,,,,81,76,2,1,2,,,,7 R SKSR4,54,49,64.77,T,T,T,T,FALSE,FALSE,FALSE,T
142,SKSR 4,Rev,CTYZ_00003983,TRY53360.1,1,196,22,"865,420","865,441",AAGTAGAGCTGGCATATCGAGC,50,60,45.5,2.5,None,3,1,153,145,94.80%,,7,5,2,,,,,1,,1 x 1,,51,12,23.50%,,,,,2,2,,,,,,,8 F SKSR4,55,50,64.24,T,T,T,T,FALSE,FALSE,T,T
142,SKSR 4,Rev,CTYZ_00003983,TRY53360.1,1,196,22,"865,594","865,615",TGGTCTTGCTCCTAACTCCATC,50,59.5,None,None,None,3,1,153,145,94.80%,,7,5,2,,,,,1,,1 x 1,,51,12,23.50%,,,,,2,2,,,,,,,8 R SKSR4,55,50,64.36,T,T,T,T,FALSE,T,T,T
143,SKSR 5,Fwd,CTYZ_00002705,TRY52348.1,3,299,20,503,522,AACACCCGGTGACACTTCAG,55,60.2,37,24.8,None,3,1,258,222,86.00%,,36,13,23,,,,,,,,,87,64,73.60%,,,,,23,22,,1,,,,,1 F SKSR5,54,49,65.51,T,T,T,T,FALSE,T,FALSE,FALSE
143,SKSR 5,Fwd,CTYZ_00002705,TRY52348.1,3,299,21,781,801,GAGGAACCCCACAAAACCAAG,52.4,59.3,33.9,None,None,3,1,258,222,86.00%,,36,13,23,,,,,,,,,87,64,73.60%,,,,,23,22,,1,,,,,1 R SKSR5,54,49,64.53,T,T,T,T,FALSE,T,T,T
144,SKSR 5,Fwd,CTYZ_00002705,TRY52348.1,3,195,21,781,801,CTTGGTTTTGTGGGGTTCCTC,52.4,59.3,None,None,8.6,3,1,170,138,81.20%,,14,5,9,18,,,1 x 18,,,,,58,43,74.10%,,6,,1 x 6,15,9,,,,,,,2 F SKSR5,54,49,64.53,T,T,T,T,FALSE,T,T,T
144,SKSR 5,Fwd,CTYZ_00002705,TRY52348.1,3,195,22,954,975,AATCCAGGTCAAGGTCCAAGTC,50,60,None,None,8.6,3,1,170,138,81.20%,,14,5,9,18,,,1 x 18,,,,,58,43,74.10%,,6,,1 x 6,15,9,,,,,,,2 R SKSR5,55,50,65.14,T,T,T,T,FALSE,T,T,T
145,SKSR 5,Fwd,CTYZ_00002705,TRY52348.1,3,250,22,945,966,CTTGTTCTGGACTTGGACCTTG,50,59.1,None,None,1.7,3,1,208,208,100.00%,,0,0,0,,,,,,,,,70,70,100.00%,,,,,0,0,,,,,,,3 F SKSR5,55,50,64.18,T,T,T,T,FALSE,T,T,T
145,SKSR 5,Fwd,CTYZ_00002705,TRY52348.1,3,250,20,"1,175","1,194",ATGCTCCTACTCGTCCAACC,55,59.2,None,None,1.7,3,1,208,208,100.00%,,0,0,0,,,,,,,,,70,70,100.00%,,,,,0,0,,,,,,,3 R SKSR5,54,49,64.21,T,T,T,T,FALSE,T,T,T
146,SKSR 5,Fwd,CTYZ_00002705,TRY52348.1,3,224,22,"1,170","1,191",TCAATGGTTGGACGAGTAGGAG,50,59.5,None,None,None,3,1,221,220,99.50%,,1,0,1,,,,,,,,,75,74,98.70%,,,,,1,1,,,,,,,4 F SKSR5,55,50,64.61,T,T,T,T,FALSE,T,T,T
146,SKSR 5,Fwd,CTYZ_00002705,TRY52348.1,3,255,20,"1,413","1,432",GCTACTGGAGGTGCTGAAGG,60,60.1,None,None,None,3,1,221,220,99.50%,,1,0,1,,,,,,,,,75,74,98.70%,,,,,1,1,,,,,,,4 R SKSR5,56,51,64.79,T,T,T,T,FALSE,T,T,T
147,SKSR 5,Fwd,CTYZ_00002705,TRY52348.1,3,551,23,"1,422","1,444",CCTCCAGTAGCTTCATCTTCACC,52.2,60.4,None,None,14.5,3,1,506,503,99.40%,,3,0,3,,,,,,,,,169,166,98.20%,,,,,3,3,,,,,,,5 F SKSR5,57,52,65.15,T,T,T,T,FALSE,T,T,T
147,SKSR 5,Fwd,CTYZ_00002705,TRY52348.1,3,551,22,"1,951","1,972",GAAGAGGAAAGGCTGCTTCAAG,50,59.5,31.5,8.5,14.5,3,1,506,503,99.40%,,3,0,3,,,,,,,,,169,166,98.20%,,,,,3,3,,,,,,,5 R SKSR5,55,50,63.99,T,T,T,T,FALSE,T,T,T
148,SKSR 5,Fwd,CTYZ_00002705,TRY52348.1,3,"1,104",21,"1,956","1,976",AGCAGCCTTTCCTCTTCTTCC,52.4,60,None,None,None,1,1,1063,909,85.50%,,154,43,111,,,,,,,,,355,244,68.70%,,,,,111,111,4,4,5,,,,6 F SKSR5,54,49,64.66,T,T,T,T,FALSE,T,T,T
148,SKSR 5,Fwd,CTYZ_00002705,TRY52348.1,3,"1,104",20,"3,040","3,059",TTCGCAGGATGTCAGCAGAG,55,60.1,None,None,None,1,1,1063,909,85.50%,,154,43,111,,,,,,,,,355,244,68.70%,,,,,111,111,4,4,5,,,,6 R SKSR5,54,49,64.73,T,T,T,T,FALSE,T,T,T
149,SKSR 6,Rev,CTYZ_00001847,TRY51940.1,4,276,20,"219,708","219,727",CCATGGCTCGGTGTCATTTG,55,59.5,39.3,None,None,3,1,237,231,97.50%,6,0,0,0,,,,,,,,,0,0,#DIV/0!,,,,,0,0,,,,,,,1 F SKSR6,54,49,64.48,T,T,T,T,FALSE,T,FALSE,T
149,SKSR 6,Rev,CTYZ_00001847,TRY51940.1,4,276,20,"219,964","219,983",GTGGAAAGAGGAAACTGGCG,55,59.1,44.4,None,None,3,1,237,231,97.50%,6,0,0,0,,,,,,,,,0,0,#DIV/0!,,,,,0,0,,,,,,,1 R SKSR6,54,49,64.05,T,T,T,T,FALSE,FALSE,T,T
150,SKSR 6,Rev,CTYZ_00001847,TRY51940.1,4,947,20,"219,964","219,983",CGCCAGTTTCCTCTTTCCAC,55,59.1,None,None,10.5,3,1,906,864,95.40%,19,22,8,14,1,,,1 x 1,,,,,183,169,92.30%,,,,,14,14,,,,,,,2 F SKSR6,54,49,64.05,T,T,T,T,FALSE,T,T,T
150,SKSR 6,Rev,CTYZ_00001847,TRY51940.1,4,947,22,"220,889","220,910",GGCCAGAGAGAATTGGAACTTG,50,59.2,None,None,10.5,3,1,906,864,95.40%,19,22,8,14,1,,,1 x 1,,,,,183,169,92.30%,,,,,14,14,,,,,,,2 R SKSR6,55,50,64.03,T,T,T,T,FALSE,T,FALSE,T
151,SKSR 6,Rev,CTYZ_00001847,TRY51940.1,4,563,22,"220,907","220,928",GGCCAAAAAGAACTTCTACGCC,50,60.4,None,1.1,None,3,1,520,501,96.30%,8,11,3,8,,,,,,,,,95,87,91.60%,,,,,8,7,,1,,,,,3 F SKSR6,55,50,64.79,FALSE,T,T,T,FALSE,FALSE,FALSE,T
151,SKSR 6,Rev,CTYZ_00001847,TRY51940.1,4,563,21,"221,449","221,469",TGGTGATCCGTCCATAGACAC,52.4,59.2,43.7,3.4,None,3,1,520,501,96.30%,8,11,3,8,,,,,,,,,95,87,91.60%,,,,,8,7,,1,,,,,3 R SKSR6,54,49,64.46,T,T,T,T,FALSE,T,T,T
152,SKSR 6,Rev,CTYZ_00001847,TRY51940.1,4,105,23,"221,446","221,468",GTAGTGTCTATGGACGGATCACC,52.2,60,44.8,None,None,2,1,62,60,96.80%,2,0,0,0,,,,,,,,,0,0,#DIV/0!,,,,,0,0,,,,,,,4 F SKSR6,57,52,64.95,T,T,T,T,FALSE,T,T,T
152,SKSR 6,Rev,CTYZ_00001847,TRY51940.1,4,105,20,"221,531","221,550",TGAGCGTTGTTTTGCTTCCG,50,60,42.6,None,None,2,1,62,60,96.80%,2,0,0,0,,,,,,,,,0,0,#DIV/0!,,,,,0,0,,,,,,,4 R SKSR6,52,47,64.53,T,T,T,T,FALSE,T,T,T
153,SKSR 6,Rev,CTYZ_00001847,TRY51940.1,4,432,20,"221,530","221,549",TCGGAAGCAAAACAACGCTC,50,59.7,37.5,None,None,3,1,391,373,95.40%,16,0,0,0,,,,,2,1,1,,0,0,#DIV/0!,,,,,0,0,,,,,,,5 F SKSR6,52,47,64.26,T,T,T,T,FALSE,FALSE,T,T
153,SKSR 6,Rev,CTYZ_00001847,TRY51940.1,4,432,22,"221,940","221,961",CCGCAAGTTCTCATCATGCATG,50,60.5,None,21.1,None,3,1,391,373,95.40%,16,0,0,0,,,,,2,1,1,,0,0,#DIV/0!,,,,,0,0,,,,,,,5 R SKSR6,55,50,64.95,T,T,T,T,FALSE,T,FALSE,FALSE
154,SKSR 7,Rev,CTYZ_00000002,TRY49675.1,8,251,23,"2,761","2,783",CGGAGATCTGCCTCTAGATCTAC,52.2,59.1,32.7,8.9,None,3,1,212,150,70.80%,,56,42,14,6,,"1 x 1
 1 x 2",1 x 3,,,,,79,49,62.00%,8,8,1 x 8,1 x 8,30,14,,,,,,,1 F SKSR7,57,52,63.74,T,T,T,T,FALSE,T,FALSE,FALSE
154,SKSR 7,Rev,CTYZ_00000002,TRY49675.1,8,251,19,"2,993","3,011",GCTCTGCATCAGGCTTTGC,57.9,59.9,45.2,11.3,None,3,1,212,150,70.80%,,56,42,14,6,,"1 x 1
 1 x 2",1 x 3,,,,,79,49,62.00%,8,8,1 x 8,1 x 8,30,14,,,,,,,1 R SKSR7,53,48,63.92,T,T,T,T,FALSE,T,T,T
155,SKSR 7,Rev,CTYZ_00000002,TRY49675.1,8,248,22,"2,818","2,839",TGACCTTAACCTAGTGCGAGAG,50,59.2,None,None,None,3,1,209,147,70.30%,,56,41,15,6,,"1 x 1
 1 x 2",1 x 3,,,,,77,46,59.70%,8,8,1 x 8,1 x 8,31,15,,,,,,,2 F SKSR7,55,50,64.04,T,T,T,T,FALSE,T,T,T
155,SKSR 7,Rev,CTYZ_00000002,TRY49675.1,8,248,20,"3,046","3,065",CAGGTGCCTTTGCTTCACTC,55,59.4,38.7,None,None,3,1,209,147,70.30%,,56,41,15,6,,"1 x 1
 1 x 2",1 x 3,,,,,77,46,59.70%,8,8,1 x 8,1 x 8,31,15,,,,,,,2 R SKSR7,54,49,64.04,T,T,T,T,FALSE,T,T,T
156,SKSR 7,Rev,CTYZ_00000002,TRY49675.1,8,301,20,"3,046","3,065",GAGTGAAGCAAAGGCACCTG,55,59.4,44.6,None,None,3,1,259,256,98.80%,,3,1,2,,,,,,,,,89,87,97.80%,,,,,2,2,,,,,,,3 F SKSR7,54,49,64.04,T,T,T,T,FALSE,T,T,T
156,SKSR 7,Rev,CTYZ_00000002,TRY49675.1,8,301,22,"3,325","3,346",GCAGGGTGAAAGAAGGACAAAG,50,59.7,None,None,None,3,1,259,256,98.80%,,3,1,2,,,,,,,,,89,87,97.80%,,,,,2,2,,,,,,,3 R SKSR7,55,50,64.48,T,T,T,T,FALSE,T,T,T
157,SKSR 7,Rev,CTYZ_00000002,TRY49675.1,8,356,21,"3,330","3,350",TCCTTCTTTCACCCTGCCTTC,52.4,59.9,None,None,0.2,2,1,315,283,89.80%,,32,10,22,,,,,,,,,106,84,79.20%,,,,,22,21,1,,,,,,4 F SKSR7,54,49,64.91,T,T,T,T,FALSE,T,T,T
157,SKSR 7,Rev,CTYZ_00000002,TRY49675.1,8,356,20,"3,666","3,685",AGCGGATAGAGAACGTAGCG,55,59.4,None,None,0.2,2,1,315,283,89.80%,,32,10,22,,,,,,,,,106,84,79.20%,,,,,22,21,1,,,,,,4 R SKSR7,54,49,64.00,T,T,T,T,FALSE,T,T,T
158,SKSR 7,Rev,CTYZ_00000002,TRY49675.1,8,253,20,"3,665","3,684",TCGCTACGTTCTCTATCCGC,55,59.4,None,None,7.9,3,1,212,195,92.00%,,17,5,12,,,,,,,,,71,59,83.10%,,,,,12,12,,,,,,,5 F SKSR7,54,49,63.99,T,T,T,T,FALSE,FALSE,T,T
158,SKSR 7,Rev,CTYZ_00000002,TRY49675.1,8,253,21,"3,897","3,917",GCGTAGTTTCAGCGTATGAGG,52.4,59.1,39.7,None,7.9,3,1,212,195,92.00%,,17,5,12,,,,,,,,,71,59,83.10%,,,,,12,12,,,,,,,5 R SKSR7,54,49,63.60,T,T,T,T,FALSE,T,T,T
159,SKSR 7,Rev,CTYZ_00000002,TRY49675.1,8,"1,147",21,"3,897","3,917",CCTCATACGCTGAAACTACGC,52.4,59.1,32.1,None,None,3,1,1107,1034,93.40%,,70,11,59,3,,,1 x 3,,,,,370,311,84.10%,,,,,59,57,2,,,,,,6 F SKSR7,54,49,63.60,T,T,T,T,FALSE,T,T,T
159,SKSR 7,Rev,CTYZ_00000002,TRY49675.1,8,"1,147",22,"5,022","5,043",CCTCACAGTTCTGATGAAAGCG,50,59.6,33.5,None,None,3,1,1107,1034,93.40%,,70,11,59,3,,,1 x 3,,,,,370,311,84.10%,,,,,59,57,2,,,,,,6 R SKSR7,55,50,64.28,T,T,T,T,FALSE,T,T,T
160,"SKSR 8
 +
 SKSR 9",Rev,"CTYZ_00000003
 +
 CTYZ_00000004","TRY49676.1
 +
 TRY49680.1",8,196,22,"7,387","7,408",AATCTGTCCCTTTTAGGCTCGG,50,60.1,36,0.5,None,3,1,150,140,93.30%,,10,3,7,,,,,,,,,50,43,86.00%,,,,,7,5,,1,1,,,,1 F SKSR9,55,50,64.95,T,T,T,T,FALSE,FALSE,T,T
160,"SKSR 8
 +
 SKSR 9",Rev,"CTYZ_00000003
 +
 CTYZ_00000004","TRY49676.1
 +
 TRY49680.1",8,196,24,"7,559","7,582",CCTAGTGGAAGCTCTAATTCAGGC,50,60.7,34.6,0.5,None,3,1,150,140,93.30%,,10,3,7,,,,,,,,,50,43,86.00%,,,,,7,5,,1,1,,,,1 R SKSR9,57,52,65.11,T,T,T,T,FALSE,FALSE,FALSE,T
161,"SKSR 8
 +
 SKSR 9",Rev,"CTYZ_00000003
 +
 CTYZ_00000004","TRY49676.1
 +
 TRY49680.1",8,388,24,"7,559","7,582",GCCTGAATTAGAGCTTCCACTAGG,50,60.7,None,None,None,2,1,381,324,85.00%,,21,6,15,36,,,1 x 36,,,,,127,100,78.70%,,12,,1 x 12,27,14,1,,,,,,2 F SKSR9,57,52,65.11,T,T,T,T,FALSE,T,T,T
161,"SKSR 8
 +
 SKSR 9",Rev,"CTYZ_00000003
 +
 CTYZ_00000004","TRY49676.1
 +
 TRY49680.1",8,388,19,"7,928","7,946",AGGTCATGCTGGCGTTTCC,57.9,60.7,None,None,None,2,1,381,324,85.00%,,21,6,15,36,,,1 x 36,,,,,127,100,78.70%,,12,,1 x 12,27,14,1,,,,,,2 R SKSR9,53,48,65.46,T,T,T,T,FALSE,T,FALSE,T
162,"SKSR 8
 +
 SKSR 9",Rev,"CTYZ_00000003
 +
 CTYZ_00000004","TRY49676.1
 +
 TRY49680.1",8,168,20,"7,908","7,927",AAATCTTCGCTGTCAGCTGC,50,59.2,42.5,17.2,15.8,3,1,126,121,96.00%,,5,2,3,,,,,,,,,42,39,92.90%,,,,,3,3,,,,,,,3 F SKSR9,52,47,63.51,T,T,T,T,FALSE,FALSE,T,T
162,"SKSR 8
 +
 SKSR 9",Rev,"CTYZ_00000003
 +
 CTYZ_00000004","TRY49676.1
 +
 TRY49680.1",8,168,22,"8,054","8,075",GGCTGAAGAAGATCTTGCAAGC,50,60.2,39.1,17.2,22,3,1,126,121,96.00%,,5,2,3,,,,,,,,,42,39,92.90%,,,,,3,3,,,,,,,3 R SKSR9,55,50,64.32,T,T,T,T,FALSE,T,FALSE,FALSE
163,"SKSR 8
 +
 SKSR 9",Rev,"CTYZ_00000003
 +
 CTYZ_00000004","TRY49676.1
 +
 TRY49680.1",8,215,20,"7,980","7,999",TTTGTTGCACTTTCTGCCCC,50,59.5,46.5,None,None,3,1,172,165,95.90%,,7,4,3,,,,,,,,,58,55,94.80%,,,,,3,3,,,,,,,4 F SKSR9,52,47,64.24,T,T,T,T,FALSE,FALSE,T,T
163,"SKSR 8
 +
 SKSR 9",Rev,"CTYZ_00000003
 +
 CTYZ_00000004","TRY49676.1
 +
 TRY49680.1",8,215,23,"8,172","8,194",AGTTCGGTGGAGTCTATAGAGGG,52.2,60.4,None,None,None,3,1,172,165,95.90%,,7,4,3,,,,,,,,,58,55,94.80%,,,,,3,3,,,,,,,4 R SKSR9,57,52,65.51,T,T,T,T,FALSE,FALSE,FALSE,FALSE
164,"SKSR 8
 +
 SKSR 9",Rev,"CTYZ_00000003
 +
 CTYZ_00000004","TRY49676.1
 +
 TRY49680.1",8,343,22,"8,172","8,193",CCCTCTATAGACTCCACCGAAC,54.5,59.1,None,None,None,3,1,297,281,94.60%,,16,5,11,,,,,,,,,100,89,89.00%,,,,,11,10,,1,,,,,5 F SKSR9,57,52,64.20,T,T,T,T,FALSE,T,FALSE,FALSE
164,"SKSR 8
 +
 SKSR 9",Rev,"CTYZ_00000003
 +
 CTYZ_00000004","TRY49676.1
 +
 TRY49680.1",8,343,24,"8,491","8,514",CTAGATCTACTTCACCTGGAGGAC,50,59.2,38.9,None,None,3,1,297,281,94.60%,,16,5,11,,,,,,,,,100,89,89.00%,,,,,11,10,,1,,,,,5 R SKSR9,57,52,64.09,T,T,T,T,FALSE,T,FALSE,FALSE
165,"SKSR 8
 +
 SKSR 9",Rev,"CTYZ_00000003
 +
 CTYZ_00000004","TRY49676.1
 +
 TRY49680.1",8,183,24,"8,491","8,514",GTCCTCCAGGTGAAGTAGATCTAG,50,59.2,36.3,None,2.9,3,1,137,126,92.00%,,5,0,5,6,,1 x 6,,,,,,47,40,85.10%,2,,,1 x 2,7,5,,,,,,,6 F SKSR9,57,52,64.09,T,T,T,T,FALSE,T,FALSE,FALSE
165,"SKSR 8
 +
 SKSR 9",Rev,"CTYZ_00000003
 +
 CTYZ_00000004","TRY49676.1
 +
 TRY49680.1",8,183,22,"8,652","8,673",AGTTGAAAGAGGAGAAAGCCGG,50,60.6,None,None,None,3,1,137,126,92.00%,,5,0,5,6,,1 x 6,,,,,,47,40,85.10%,2,,,1 x 2,7,5,,,,,,,6 R SKSR9,55,50,65.37,T,T,T,T,FALSE,FALSE,FALSE,T
166,SKSR 9,Rev,CTYZ_00000004,TRY49680.1,8,529,21,"8,652","8,672",CCGGCTTTCTCCTCTTTCAAC,52.4,59.2,None,None,None,3,1,484,456,94.20%,,28,7,21,,,,,,,,,162,141,87.00%,,,,,21,21,,,,,,,7 F SKSR9,54,49,64.03,T,T,T,T,FALSE,T,FALSE,T
166,SKSR 9,Rev,CTYZ_00000004,TRY49680.1,8,529,24,"9,157","9,180",GAGGAACACCTCTGAGAGTTGAAG,50,60.6,44.7,None,9.8,3,1,484,456,94.20%,,28,7,21,,,,,,,,,162,141,87.00%,,,,,21,21,,,,,,,7 R SKSR9,57,52,65.44,T,T,T,T,FALSE,T,FALSE,FALSE
167,SKSR 9,Rev,CTYZ_00000004,TRY49680.1,8,340,19,"9,661","9,679",CAAGCTGCGCAAACCCTTC,57.9,60.4,None,None,7.8,3,1,299,275,92.00%,,24,7,17,,,,,,,,,100,83,83.00%,,,,,17,17,,,,,,,8 F SKSR9,53,48,64.72,T,T,T,T,FALSE,T,T,T
167,SKSR 9,Rev,CTYZ_00000004,TRY49680.1,8,340,22,"9,979","10,000",GTGTTGGAAGCAATGTTACGGC,50,60.9,None,None,None,3,1,299,275,92.00%,,24,7,17,,,,,,,,,100,83,83.00%,,,,,17,17,,,,,,,8 R SKSR9,55,50,65.32,T,T,T,T,FALSE,FALSE,T,T
168,SKSR 10,Rev,CTYZ_00000005,TRY49681.1,8,250,23,"12,165","12,187",GATGGAGCCCCTACTCTTGTTAC,52.2,60.2,36.9,None,None,3,1,207,196,94.70%,,11,4,7,,,,,,,,,69,62,89.90%,,,,,7,7,,,,,,,1 F SKSR10,57,52,64.92,T,T,T,T,FALSE,T,T,T
168,SKSR 10,Rev,CTYZ_00000005,TRY49681.1,8,250,20,"12,395","12,414",ATCGACATGGTTTGGGAGCC,55,60.4,None,None,None,3,1,207,196,94.70%,,11,4,7,,,,,,,,,69,62,89.90%,,,,,7,7,,,,,,,1 R SKSR10,54,49,65.44,T,T,T,T,FALSE,FALSE,T,T
169,SKSR 10,Rev,CTYZ_00000005,TRY49681.1,8,217,21,"12,391","12,411",TCATGGCTCCCAAACCATGTC,52.4,60.6,37,18.7,None,2,1,175,167,95.40%,,8,2,6,,,,,,,,,59,53,89.80%,,,,,6,6,,,,,,,2 F SKSR10,54,49,65.59,T,T,T,T,FALSE,T,FALSE,FALSE
169,SKSR 10,Rev,CTYZ_00000005,TRY49681.1,8,217,21,"12,587","12,607",AGAAGGCAGGGTGAAAGAAGG,52.4,59.9,None,None,None,2,1,175,167,95.40%,,8,2,6,,,,,,,,,59,53,89.80%,,,,,6,6,,,,,,,2 R SKSR10,54,49,64.92,T,T,T,T,FALSE,T,T,T
170,SKSR 10,Rev,CTYZ_00000005,TRY49681.1,8,250,22,"12,581","12,602",CTTTGTCCTTCTTTCACCCTGC,50,59.7,None,None,2.7,2,1,206,180,87.40%,,26,10,16,,,,,,,,,69,53,76.80%,,,,,16,15,,1,,,,,3 F SKSR10,55,50,64.48,T,T,T,T,FALSE,FALSE,T,T
170,SKSR 10,Rev,CTYZ_00000005,TRY49681.1,8,250,22,"12,809","12,830",GCAAAGTAGGGAAGGTTCAGTG,50,59.2,None,None,2.7,2,1,206,180,87.40%,,26,10,16,,,,,,,,,69,53,76.80%,,,,,16,15,,1,,,,,3 R SKSR10,55,50,63.96,T,T,T,T,FALSE,T,T,T
171,SKSR 10,Rev,CTYZ_00000005,TRY49681.1,8,304,22,"12,815","12,836",ACCTTCCCTACTTTGCAGATGC,50,60.6,42.5,None,None,3,1,261,220,84.30%,,41,13,28,,,,,,,,,88,60,68.20%,,,,,28,28,,,,,,,4 F SKSR10,55,50,65.18,T,T,T,T,FALSE,T,T,T
171,SKSR 10,Rev,CTYZ_00000005,TRY49681.1,8,304,21,"13,098","13,118",AAGGAGGTGGGAAAGAGACAC,52.4,59.3,None,None,None,3,1,261,220,84.30%,,41,13,28,,,,,,,,,88,60,68.20%,,,,,28,28,,,,,,,4 R SKSR10,54,49,64.60,T,T,T,T,FALSE,T,T,T
172,SKSR 10,Rev,CTYZ_00000005,TRY49681.1,8,444,21,"13,096","13,116",ATGTGTCTCTTTCCCACCTCC,52.4,59.4,None,None,None,3,1,401,329,82.00%,,72,24,48,,,,,,,,,134,86,64.20%,,,,,48,46,,,2,,,,5 F SKSR10,54,49,64.67,T,T,T,T,FALSE,FALSE,T,T
172,SKSR 10,Rev,CTYZ_00000005,TRY49681.1,8,444,22,"13,518","13,539",CCGAGTCTGGTGCAAAATCAAG,50,60.1,None,None,None,3,1,401,329,82.00%,,72,24,48,,,,,,,,,134,86,64.20%,,,,,48,46,,,2,,,,5 R SKSR10,55,50,64.80,T,T,T,T,FALSE,T,T,T
173,SKSR 10,Rev,CTYZ_00000005,TRY49681.1,8,250,20,"13,662","13,681",CTGGCCGCTGTTTCAACTTC,55,60,None,None,1.8,1,1,208,167,80.30%,,41,12,29,,,,,,,,,70,41,58.60%,,,,,29,26,,3,,,,,6 F SKSR10,54,49,64.62,T,T,T,T,FALSE,T,T,T
173,SKSR 10,Rev,CTYZ_00000005,TRY49681.1,8,250,22,"13,890","13,911",TTGAAGGAGAGTCGGAAAAGGG,50,60,None,None,1.8,1,1,208,167,80.30%,,41,12,29,,,,,,,,,70,41,58.60%,,,,,29,26,,3,,,,,6 R SKSR10,55,50,65.10,T,T,T,T,FALSE,T,T,T
174,SKSR 10,Rev,CTYZ_00000005,TRY49681.1,8,388,21,"13,889","13,909",ACCCTTTTCCGACTCTCCTTC,52.4,59.4,None,None,7.6,3,1,347,281,81.00%,,66,20,46,,,,,,,,,116,70,60.30%,,,,,46,43,1,2,,,,,7 F SKSR10,54,49,64.64,T,T,T,T,FALSE,T,T,T
174,SKSR 10,Rev,CTYZ_00000005,TRY49681.1,8,388,20,"14,257","14,276",GGCTGCAGAGGGTGGTAAAG,60,60.7,None,20.4,7.6,3,1,347,281,81.00%,,66,20,46,,,,,,,,,116,70,60.30%,,,,,46,43,1,2,,,,,7 R SKSR10,56,51,65.37,T,T,T,T,FALSE,T,FALSE,T
175,SKSR 10,Rev,CTYZ_00000005,TRY49681.1,8,168,21,"14,255","14,275",ATCTTTACCACCCTCTGCAGC,52.4,60.1,None,9.5,7.4,3,1,134,122,91.00%,,6,0,6,6,,,1 x 6,,,,,22,16,72.70%,,,,,6,5,,1,,,,,8 F SKSR10,54,49,64.72,T,T,T,T,FALSE,FALSE,FALSE,T
175,SKSR 10,Rev,CTYZ_00000005,TRY49681.1,8,168,19,"14,404","14,422",CGCTAGCATGTGCAGTGTG,57.9,59.6,45.2,16.5,7.4,3,1,134,122,91.00%,,6,0,6,6,,,1 x 6,,,,,22,16,72.70%,,,,,6,5,,1,,,,,8 R SKSR10,53,48,63.89,T,T,T,T,FALSE,T,FALSE,T
176,Actin 1,Fwd,CTYZ_00004034,TRY49615.1,0.03,119,23,"102,234","102,256",GGTTCTGGTATGGTTAAGGCAGG,52.2,60.9,None,None,19.1,3,1,72,72,100.00%,,0,0,0,,,,,,,,,25,25,100.00%,,,,,0,0,,,,,,,1 F Actin1,57,52,65.68,T,T,T,T,FALSE,FALSE,T,T
176,Actin 1,Fwd,CTYZ_00004034,TRY49615.1,0.03,119,24,"102,329","102,352",CAGTCCTTTTGGTCCATACCTACC,50,60.6,46.9,None,19.1,3,1,72,72,100.00%,,0,0,0,,,,,,,,,25,25,100.00%,,,,,0,0,,,,,,,1 R Actin1,57,52,65.57,T,T,T,T,FALSE,T,T,T
177,Actin 1,Fwd,CTYZ_00004034,TRY49615.1,0.03,250,20,"102,288","102,307",TTCCCATCGATCGTTGGTCG,55,60.2,41.4,32.6,None,3,1,208,206,99.00%,,2,2,0,,,,,,,,,70,70,100.00%,,,,,0,0,,,,,,,2 F Actin1,54,49,65.42,T,T,T,T,FALSE,FALSE,FALSE,T
177,Actin 1,Fwd,CTYZ_00004034,TRY49615.1,0.03,250,22,"102,516","102,537",CCTTTGGGTTCATTGGTGCTTC,50,60.3,None,None,None,3,1,208,206,99.00%,,2,2,0,,,,,,,,,70,70,100.00%,,,,,0,0,,,,,,,2 R Actin1,55,50,65.08,T,T,T,T,FALSE,T,T,T
178,Actin 1,Fwd,CTYZ_00004034,TRY49615.1,0.03,264,20,"102,483","102,502",GTTGCTCCAGAGGAACACCC,60,60.6,45,22.5,None,3,1,222,220,99.10%,,2,1,1,,,,,,,,,75,74,98.70%,,,,,1,0,,1,,,,,3 F Actin1,56,51,65.62,T,T,T,T,FALSE,FALSE,FALSE,T
178,Actin 1,Fwd,CTYZ_00004034,TRY49615.1,0.03,264,22,"102,725","102,746",ACGTCCAGCTAGATCCAATCTC,50,59.4,40.8,None,None,3,1,222,220,99.10%,,2,1,1,,,,,,,,,75,74,98.70%,,,,,1,0,,1,,,,,3 R Actin1,55,50,64.19,T,T,T,T,FALSE,T,FALSE,FALSE
179,Actin 1,Fwd,CTYZ_00004034,TRY49615.1,0.03,178,22,"102,622","102,643",TGTATGCCTCTGGTCGTACAAC,50,60.1,32.6,11.2,None,3,1,135,133,98.50%,,2,1,1,,,,,,,,,46,45,97.80%,,,,,1,0,,1,,,,,4 F Actin1,55,50,64.87,T,T,T,T,FALSE,T,FALSE,T
179,Actin 1,Fwd,CTYZ_00004034,TRY49615.1,0.03,178,21,"102,779","102,799",GTAAAGCTGTAACCACGGTCG,52.4,59.3,33.2,None,None,3,1,135,133,98.50%,,2,1,1,,,,,,,,,46,45,97.80%,,,,,1,0,,1,,,,,4 R Actin1,54,49,64.02,T,T,T,T,FALSE,FALSE,FALSE,T
180,Actin 1,Fwd,CTYZ_00004034,TRY49615.1,0.03,381,21,"102,779","102,799",CGACCGTGGTTACAGCTTTAC,52.4,59.3,None,None,None,3,1,338,333,98.50%,,5,4,1,,,,,,,,,114,113,99.10%,,,,,1,1,,,,,,,5 F Actin1,54,49,64.02,T,T,T,T,FALSE,T,FALSE,T
180,Actin 1,Fwd,CTYZ_00004034,TRY49615.1,0.03,381,22,"103,138","103,159",GCCAAAGAAGTGAGCTCCTTTG,50,60,None,24.8,None,3,1,338,333,98.50%,,5,4,1,,,,,,,,,114,113,99.10%,,,,,1,1,,,,,,,5 R Actin1,55,50,64.49,T,T,T,T,FALSE,T,FALSE,FALSE
181,Actin 1,Fwd,CTYZ_00004034,TRY49615.1,0.03,157,21,"103,141","103,161",AGGAGCTCACTTCTTTGGCTC,52.4,60,38.3,9.3,None,3,1,112,112,100.00%,,0,0,0,,,,,,,,,38,38,100.00%,,,,,0,0,,,,,,,6 F Actin1,54,49,64.63,T,T,T,T,FALSE,FALSE,FALSE,FALSE
181,Actin 1,Fwd,CTYZ_00004034,TRY49615.1,0.03,157,24,"103,274","103,297",GGACCAGATTCGTCATACTCTTCC,50,60.5,31.6,None,None,3,1,112,112,100.00%,,0,0,0,,,,,,,,,38,38,100.00%,,,,,0,0,,,,,,,6 R Actin1,57,52,65.37,T,T,T,T,FALSE,T,T,T
182,Actin 2,Fwd,CTYZ_00003679,TRY53238.1,1,164,22,"231,842","231,863",GCATAGTAATCGACTGCGGATC,50,59.1,39.4,None,None,3,1,122,120,98.40%,,2,2,0,,,,,,,,,42,42,100.00%,,,,,0,0,,,,,,,1 F Actin2,55,50,63.47,T,T,T,T,FALSE,T,FALSE,T
182,Actin 2,Fwd,CTYZ_00003679,TRY53238.1,1,164,20,"231,986","232,005",TTGCGCAATTGCTTCCTCTC,50,59.5,39.3,21.9,None,3,1,122,120,98.40%,,2,2,0,,,,,,,,,42,42,100.00%,,,,,0,0,,,,,,,1 R Actin2,52,47,63.79,T,T,T,T,FALSE,T,FALSE,FALSE
183,Actin 2,Fwd,CTYZ_00003679,TRY53238.1,1,377,20,"231,898","231,917",AGCCCAACATGCATTTTCCC,50,59.4,None,None,None,3,1,335,332,99.10%,,3,3,0,,,,,,,,,113,113,100.00%,,,,,0,0,,,,,,,2 F Actin2,52,47,64.13,T,T,T,T,FALSE,T,FALSE,T
183,Actin 2,Fwd,CTYZ_00003679,TRY53238.1,1,377,22,"232,253","232,274",ACTCCTGTTGTTCTACCTGCAC,50,60.2,None,None,None,3,1,335,332,99.10%,,3,3,0,,,,,,,,,113,113,100.00%,,,,,0,0,,,,,,,2 R Actin2,55,50,65.04,T,T,T,T,FALSE,T,FALSE,T
184,Actin 2,Fwd,CTYZ_00003679,TRY53238.1,1,253,22,"232,252","232,273",AGTGCAGGTAGAACAACAGGAG,50,60,None,None,None,3,1,212,209,98.60%,,3,2,1,,,,,,,,,71,70,98.60%,,,,,1,1,,,,,,,3 F Actin2,55,50,64.79,T,T,T,T,FALSE,T,T,T
184,Actin 2,Fwd,CTYZ_00003679,TRY53238.1,1,253,19,"232,486","232,504",CATTTTCCGCTGCAGGGTC,57.9,59.5,None,21.9,None,3,1,212,209,98.60%,,3,2,1,,,,,,,,,71,70,98.60%,,,,,1,1,,,,,,,3 R Actin2,53,48,64.20,T,T,T,T,FALSE,FALSE,FALSE,T
185,Actin 2,Fwd,CTYZ_00003679,TRY53238.1,1,283,22,"232,336","232,357",TCCAGCTCTCTAAAAAGGGCAG,50,60,None,None,None,3,1,238,235,98.70%,,3,3,0,,,,,,,,,80,80,100.00%,,,,,0,0,,,,,,,4 F Actin2,55,50,64.60,T,T,T,T,FALSE,FALSE,FALSE,T
185,Actin 2,Fwd,CTYZ_00003679,TRY53238.1,1,283,23,"232,596","232,618",CCTCAGGAGCATAGAACCTTTCC,52.2,60.4,None,None,None,3,1,238,235,98.70%,,3,3,0,,,,,,,,,80,80,100.00%,,,,,0,0,,,,,,,4 R Actin2,57,52,65.18,T,T,T,T,FALSE,T,T,T
186,Actin 2,Fwd,CTYZ_00003679,TRY53238.1,1,185,20,"232,485","232,504",AGACCCTGCAGCGGAAAATG,55,61,None,23.2,None,3,1,143,142,99.30%,,1,1,0,,,,,,,,,48,48,100.00%,,,,,0,0,,,,,,,5 F Actin2,54,49,65.65,T,T,T,T,FALSE,T,T,T
186,Actin 2,Fwd,CTYZ_00003679,TRY53238.1,1,185,22,"232,648","232,669",GTTCGTGAACTGGCTGTACATC,50,59.6,38.3,5.5,None,3,1,143,142,99.30%,,1,1,0,,,,,,,,,48,48,100.00%,,,,,0,0,,,,,,,5 R Actin2,55,50,64.26,T,T,T,T,FALSE,T,FALSE,T
187,Actin 2,Fwd,CTYZ_00003679,TRY53238.1,1,256,23,"232,596","232,618",GGAAAGGTTCTATGCTCCTGAGG,52.2,60.4,None,None,10.2,3,1,212,208,98.10%,,4,4,0,,,,,,,,,71,71,100.00%,,,,,0,0,,,,,,,6 F Actin2,57,52,65.18,T,T,T,T,FALSE,T,T,T
187,Actin 2,Fwd,CTYZ_00003679,TRY53238.1,1,256,21,"232,831","232,851",ACGATCGTCAGCAGGAGTAAC,52.4,59.9,None,20.5,10.2,3,1,212,208,98.10%,,4,4,0,,,,,,,,,71,71,100.00%,,,,,0,0,,,,,,,6 R Actin2,54,49,64.69,T,T,T,T,FALSE,T,FALSE,FALSE
188,Actin 2,Fwd,CTYZ_00003679,TRY53238.1,1,270,21,"232,834","232,854",ACTCCTGCTGACGATCGTAAC,52.4,59.9,None,13.8,None,3,1,227,220,96.90%,5,2,1,1,,,,,,,,,47,46,97.90%,,,,,1,1,,,,,,,7 F Actin2,54,49,64.69,T,T,T,T,FALSE,T,FALSE,FALSE
188,Actin 2,Fwd,CTYZ_00003679,TRY53238.1,1,270,22,"233,082","233,103",GCTGACCGCGTAAAATATGTGC,50,60.9,None,None,None,3,1,227,220,96.90%,5,2,1,1,,,,,,,,,47,46,97.90%,,,,,1,1,,,,,,,7 R Actin2,55,50,64.92,T,T,T,T,FALSE,T,T,T
189,Actin 2,Fwd,CTYZ_00003679,TRY53238.1,1,173,22,"233,050","233,071",ACCGTGTAATAGTTTCTGGCCC,50,60.4,None,None,14.9,4,1,131,123,93.90%,6,0,0,0,,,,,2,,2,,0,0,#DIV/0!,,,,,0,0,,,,,,,8 F Actin2,55,50,65.19,T,T,T,T,FALSE,FALSE,T,T
189,Actin 2,Fwd,CTYZ_00003679,TRY53238.1,1,173,22,"233,201","233,222",CGTTTTGGCGGGAATGTTACAC,50,60.9,None,None,14.9,4,1,131,123,93.90%,6,0,0,0,,,,,2,,2,,0,0,#DIV/0!,,,,,0,0,,,,,,,8 R Actin2,55,50,65.59,T,T,T,T,FALSE,T,T,T
190,Actin 4,Rev,CTYZ_00003405,TRY51539.1,5,251,20,"515,089","515,108",TCATTCTTGCCAAGCCTCCC,55,60.3,None,None,None,3,1,209,207,99.00%,1,1,1,0,,,,,,,,,35,35,100.00%,,,,,0,0,,,,,,,1 F Actin4,54,49,65.09,T,T,T,T,FALSE,FALSE,T,FALSE
190,Actin 4,Rev,CTYZ_00003405,TRY51539.1,5,251,22,"515,318","515,339",CGATAGAAACCTGTTGCCTTGG,50,59.6,39.8,None,None,3,1,209,207,99.00%,1,1,1,0,,,,,,,,,35,35,100.00%,,,,,0,0,,,,,,,1 R Actin4,55,50,64.32,T,T,T,T,FALSE,T,T,T
191,Actin 4,Rev,CTYZ_00003405,TRY51539.1,5,142,22,"515,306","515,327",AGATCCTCCAATCCAAGGCAAC,50,60.4,32.4,None,17.8,3,1,98,97,99.00%,,1,1,0,,,,,,,,,33,33,100.00%,,,,,0,0,,,,,,,2 F Actin4,55,50,65.25,T,T,T,T,FALSE,T,FALSE,T
191,Actin 4,Rev,CTYZ_00003405,TRY51539.1,5,142,22,"515,426","515,447",AGTATTAGCTGGAGGGTCAACC,50,59.2,40.7,None,17.8,3,1,98,97,99.00%,,1,1,0,,,,,,,,,33,33,100.00%,,,,,0,0,,,,,,,2 R Actin4,55,50,64.12,T,T,T,T,FALSE,T,T,T
192,Actin 4,Rev,CTYZ_00003405,TRY51539.1,5,252,22,"515,397","515,418",AGAAGTCGATCTCCAAGTCCTG,50,59.2,None,None,0.8,3,1,208,203,97.60%,,5,5,0,,,,,,,,,70,70,100.00%,,,,,0,0,,,,,,,3 F Actin4,55,50,64.35,T,T,T,T,FALSE,T,T,T
192,Actin 4,Rev,CTYZ_00003405,TRY51539.1,5,252,22,"515,627","515,648",CGGTAATAGAGTAGCTTCGGGC,54.5,60.4,42.2,None,0.8,3,1,208,203,97.60%,,5,5,0,,,,,,,,,70,70,100.00%,,,,,0,0,,,,,,,3 R Actin4,57,52,64.79,T,T,T,T,FALSE,FALSE,T,T
193,Actin 4,Rev,CTYZ_00003405,TRY51539.1,5,259,22,"515,548","515,569",GCTGGAAAAGAAGTTCTGGTGC,50,60.3,None,2.4,None,3,1,215,213,99.10%,,2,1,1,,,,,,,,,72,71,98.60%,,,,,1,1,,,,,,,4 F Actin4,55,50,64.74,T,T,T,T,FALSE,FALSE,FALSE,FALSE
193,Actin 4,Rev,CTYZ_00003405,TRY51539.1,5,259,22,"515,785","515,806",CAGCTTAGAATTGCAGGGACAG,50,59.3,None,None,None,3,1,215,213,99.10%,,2,1,1,,,,,,,,,72,71,98.60%,,,,,1,1,,,,,,,4 R Actin4,55,50,63.80,T,T,T,T,FALSE,T,FALSE,T
194,Actin 4,Rev,CTYZ_00003405,TRY51539.1,5,252,22,"515,669","515,690",GGTTGAATTCCCCACTTGGTTC,50,59.7,None,6.4,9.8,3,1,208,207,99.50%,,1,1,0,,,,,,,,,70,70,100.00%,,,,,0,0,,,,,,,5 F Actin4,55,50,64.81,T,T,T,T,FALSE,T,FALSE,T
194,Actin 4,Rev,CTYZ_00003405,TRY51539.1,5,252,22,"515,899","515,920",GATAGTGGGGATGGAGTGACTC,54.5,59.4,None,3.5,9.8,3,1,208,207,99.50%,,1,1,0,,,,,,,,,70,70,100.00%,,,,,0,0,,,,,,,5 R Actin4,57,52,64.50,T,T,T,T,FALSE,T,FALSE,FALSE
195,Actin 4,Rev,CTYZ_00003405,TRY51539.1,5,250,21,"515,888","515,908",TGGTACAGCATGAGTCACTCC,52.4,59.4,None,1.2,10.9,3,1,207,203,98.10%,,4,4,0,,,,,,,,,69,69,100.00%,,,,,0,0,,,,,,,6 F Actin4,54,49,64.37,T,T,T,T,FALSE,T,FALSE,FALSE
195,Actin 4,Rev,CTYZ_00003405,TRY51539.1,5,250,22,"516,116","516,137",TGATATGGAAGCTCTCTGGACC,50,59,None,None,10.9,3,1,207,203,98.10%,,4,4,0,,,,,,,,,69,69,100.00%,,,,,0,0,,,,,,,6 R Actin4,55,50,63.91,T,T,T,T,FALSE,FALSE,T,T
196,Actin 4,Rev,CTYZ_00003405,TRY51539.1,5,250,22,"516,072","516,093",ACTGGATGATCCTCCGATGAAG,50,59.4,39.9,5.2,8.1,3,1,206,205,99.50%,,1,1,0,,,,,,,,,70,70,100.00%,,,,,0,0,,,,,,,7 F Actin4,55,50,64.51,T,T,T,T,FALSE,T,FALSE,T
196,Actin 4,Rev,CTYZ_00003405,TRY51539.1,5,250,22,"516,300","516,321",GTGGATTTGCAGGAGAAGAAGC,50,59.8,None,None,8.1,3,1,206,205,99.50%,,1,1,0,,,,,,,,,70,70,100.00%,,,,,0,0,,,,,,,7 R Actin4,55,50,64.30,T,T,T,T,FALSE,T,T,T
197,Actin 5,Fwd,CTYZ_00000116,TRY50009.1,8,"1,136",20,"268,319","268,338",AAAGTAGTTGGCGCCGTTTG,50,59.7,None,13.3,None,3,1,1097,1084,98.80%,,13,9,4,,,,,,,,,308,304,98.70%,,,,,4,4,,,,,,,1 F Actin5,52,47,64.23,T,T,T,T,FALSE,T,T,T
197,Actin 5,Fwd,CTYZ_00000116,TRY50009.1,8,"1,136",19,"269,436","269,454",ACCTGGTACGGATGCAAGC,57.9,60.1,36.3,None,None,3,1,1097,1084,98.80%,,13,9,4,,,,,,,,,308,304,98.70%,,,,,4,4,,,,,,,1 R Actin5,53,48,64.87,T,T,T,T,FALSE,T,T,T
198,Actin 5,Fwd,CTYZ_00000116,TRY50009.1,8,268,22,"269,437","269,458",CTTGCATCCGTACCAGGTTTTG,50,60.1,None,None,None,3,1,226,223,98.70%,,3,1,2,,,,,,,,,74,72,97.30%,,,,,2,2,,,,,,,2 F Actin5,55,50,64.82,T,T,T,T,FALSE,T,T,T
198,Actin 5,Fwd,CTYZ_00000116,TRY50009.1,8,268,20,"269,685","269,704",GCATGCACCACGTAATTGGC,55,60.8,40.8,14.2,None,3,1,226,223,98.70%,,3,1,2,,,,,,,,,74,72,97.30%,,,,,2,2,,,,,,,2 R Actin5,54,49,65.05,T,T,T,T,FALSE,T,FALSE,T
199,Actin 6,Fwd,CTYZ_00000239,TRY50230.1,8,286,20,"566,484","566,503",GGCGCCAAAATCTCGGTATG,55,59.7,None,24.8,None,3,1,245,239,97.60%,1,4,2,2,,,,,1,,1,,61,59,96.70%,,,,,2,2,,,,,,,1 F Actin6,54,49,64.27,T,T,T,T,FALSE,T,FALSE,T
199,Actin 6,Fwd,CTYZ_00000239,TRY50230.1,8,286,21,"566,749","566,769",GGCTCCACCGATACATCTTCC,57.1,60.3,None,None,None,3,1,245,239,97.60%,1,4,2,2,,,,,1,,1,,61,59,96.70%,,,,,2,2,,,,,,,1 R Actin6,56,51,65.15,T,T,T,T,FALSE,T,T,T
200,Actin 6,Fwd,CTYZ_00000239,TRY50230.1,8,251,22,"566,663","566,684",GATTGCCCAAGACAAGTTTGGC,50,60.9,37.8,5.7,None,3,1,207,200,96.60%,,7,5,2,,,,,,,,,70,68,97.10%,,,,,2,2,,,,,,,2 F Actin6,55,50,65.33,T,T,T,T,FALSE,T,T,T
200,Actin 6,Fwd,CTYZ_00000239,TRY50230.1,8,251,22,"566,892","566,913",CTATTATGCTTGGACGGTTCCG,50,59.2,46.4,9.8,None,3,1,207,200,96.60%,,7,5,2,,,,,,,,,70,68,97.10%,,,,,2,2,,,,,,,2 R Actin6,55,50,63.91,T,T,T,T,FALSE,T,T,T
201,Actin 6,Fwd,CTYZ_00000239,TRY50230.1,8,258,22,"566,892","566,913",CGGAACCGTCCAAGCATAATAG,50,59.2,45.3,5,None,3,1,216,215,99.50%,,1,1,0,,,,,,,,,73,73,100.00%,,,,,0,0,,,,,,,3 F Actin6,55,50,63.91,T,T,T,T,FALSE,T,T,T
201,Actin 6,Fwd,CTYZ_00000239,TRY50230.1,8,258,20,"567,130","567,149",GCCTGGCAATTTGGTCATCC,55,59.8,None,15.2,None,3,1,216,215,99.50%,,1,1,0,,,,,,,,,73,73,100.00%,,,,,0,0,,,,,,,3 R Actin6,54,49,64.50,T,T,T,T,FALSE,T,T,T
202,Actin 6,Fwd,CTYZ_00000239,TRY50230.1,8,218,21,"567,128","567,148",CTGGATGACCAAATTGCCAGG,52.4,59.5,46.3,8.2,0.1,3,1,177,175,98.90%,,2,2,0,,,,,,,,,59,59,100.00%,,,,,0,0,,,,,,,4 F Actin6,54,49,64.42,T,T,T,T,FALSE,FALSE,T,T
202,Actin 6,Fwd,CTYZ_00000239,TRY50230.1,8,218,20,"567,326","567,345",GCAATCTCTTCGTGCTCAGC,55,59.6,35.4,None,0.1,3,1,177,175,98.90%,,2,2,0,,,,,,,,,59,59,100.00%,,,,,0,0,,,,,,,4 R Actin6,54,49,63.87,T,T,T,T,FALSE,T,T,T
203,Actin 6,Fwd,CTYZ_00000239,TRY50230.1,8,195,20,"567,325","567,344",CGCTGAGCACGAAGAGATTG,55,59.4,None,4.9,None,3,1,152,150,98.70%,,2,2,0,,,,,,,,,51,51,100.00%,,,,,0,0,,,,,,,5 F Actin6,54,49,63.87,T,T,T,T,FALSE,T,T,T
203,Actin 6,Fwd,CTYZ_00000239,TRY50230.1,8,195,23,"567,497","567,519",GCAGAACATAGTCCTGGGAATCC,52.2,60.7,None,None,None,3,1,152,150,98.70%,,2,2,0,,,,,,,,,51,51,100.00%,,,,,0,0,,,,,,,5 R Actin6,57,52,65.48,T,T,T,T,FALSE,T,T,T
204,Actin 6,Fwd,CTYZ_00000239,TRY50230.1,8,279,23,"567,497","567,519",GGATTCCCAGGACTATGTTCTGC,52.2,60.7,37.8,None,3.8,3,1,235,232,98.70%,,3,3,0,,,,,,,,,79,79,100.00%,,,,,0,0,,,,,,,6 F Actin6,57,52,65.48,T,T,T,T,FALSE,T,T,T
204,Actin 6,Fwd,CTYZ_00000239,TRY50230.1,8,279,21,"567,755","567,775",CCACATTTGCTGGAAGGAACC,52.4,59.7,None,None,3.8,3,1,235,232,98.70%,,3,3,0,,,,,,,,,79,79,100.00%,,,,,0,0,,,,,,,6 R Actin6,54,49,64.62,T,T,T,T,FALSE,T,T,T
205,Actin 6,Fwd,CTYZ_00000239,TRY50230.1,8,211,20,"567,605","567,624",ATTCCAGGTTTGGCTGACCG,55,60.6,44.6,1.2,None,3,1,170,166,97.60%,,4,4,0,,,,,,,,,58,58,100.00%,,,,,0,0,,,,,,,7 F Actin6,54,49,65.65,T,T,T,T,FALSE,FALSE,T,T
205,Actin 6,Fwd,CTYZ_00000239,TRY50230.1,8,211,21,"567,795","567,815",CCAATTTGGCTCCATGTTCGG,52.4,60.1,None,1.7,None,3,1,170,166,97.60%,,4,4,0,,,,,,,,,58,58,100.00%,,,,,0,0,,,,,,,7 R Actin6,54,49,64.99,T,T,T,T,FALSE,T,FALSE,FALSE
