Mouse_ID,qPCR_Date,Plate,Tested_by,Machine,Measurements,Ct_1_Ep,Ct_2_Ep,Ct_1_Ep_Real_Pred,Ct_2_Ep_Real_Pred,Ct_believable,Ct_Ep_Consistent,believable_Ct_value,Ct_mean,Ct_mean_Ep,Ct_mean_ABI,Ct_mean_1_ABI,Ct_mean_2_ABI,Ct_mean_3_ABI,Ct_1_ABI,Ct_2_ABI,Ct_3_ABI,Ct_4_ABI,Ct_5_ABI,Ct_6_ABI,Ct_7_ABI,Ct_8_ABI,Ct_9_ABI,StDev,Oocyst_Predict
AA_0049,2016,0,YVT,Eppendorf,1,0,0,TRUE,TRUE,TRUE,0,0,0,0,NA,NA,NA,NA,NA,NA,NA,NA,NA,NA,NA,NA,NA,0,0
AA_0050,2016,0,YVT,Eppendorf,1,0,0,TRUE,TRUE,TRUE,0,0,0,0,NA,NA,NA,NA,NA,NA,NA,NA,NA,NA,NA,NA,NA,0,0
AA_0051,2016,0,YVT,Eppendorf,1,8,0,FALSE,TRUE,TRUE,0,0,0,0,NA,NA,NA,NA,NA,NA,NA,NA,NA,NA,NA,NA,NA,4,0
AA_0052,2016,0,YVT,Eppendorf,1,6.57,0,FALSE,TRUE,TRUE,0,0,0,0,NA,NA,NA,NA,NA,NA,NA,NA,NA,NA,NA,NA,NA,3.29,0
AA_0053,2016,0,YVT,Eppendorf,1,35.17,33.16,TRUE,TRUE,TRUE,34.16,34.16,34.16,34.16,NA,NA,NA,NA,NA,NA,NA,NA,NA,NA,NA,NA,NA,0.82,385
AA_0054,2016,0,YVT,Eppendorf,1,8.96,0,FALSE,TRUE,TRUE,0,0,0,0,NA,NA,NA,NA,NA,NA,NA,NA,NA,NA,NA,NA,NA,4.48,0
AA_0055,2016,0,YVT,Eppendorf,1,8.76,0,FALSE,TRUE,TRUE,0,0,0,0,NA,NA,NA,NA,NA,NA,NA,NA,NA,NA,NA,NA,NA,4.38,0
AA_0056,2016,0,YVT,Eppendorf,1,24,36.79,FALSE,TRUE,TRUE,30.395,30.395,30.395,30.395,NA,NA,NA,NA,NA,NA,NA,NA,NA,NA,NA,NA,NA,5.46,4952
AA_0057,2016,0,YVT,Eppendorf,1,8.57,0,FALSE,TRUE,TRUE,0,0,0,0,NA,NA,NA,NA,NA,NA,NA,NA,NA,NA,NA,NA,NA,4.29,0
AA_0058,2016,0,YVT,Eppendorf,1,9.24,0,FALSE,TRUE,TRUE,0,0,0,0,NA,NA,NA,NA,NA,NA,NA,NA,NA,NA,NA,NA,NA,4.62,0
AA_0060,2016,0,YVT,Eppendorf,1,7.27,0,FALSE,TRUE,TRUE,0,0,0,0,NA,NA,NA,NA,NA,NA,NA,NA,NA,NA,NA,NA,NA,3.64,0
AA_0061,2016,0,YVT,Eppendorf,1,8.31,0,FALSE,TRUE,TRUE,0,0,0,0,NA,NA,NA,NA,NA,NA,NA,NA,NA,NA,NA,NA,NA,4.16,0
AA_0062,2016,0,YVT,Eppendorf,1,6.21,0,FALSE,TRUE,TRUE,0,0,0,0,NA,NA,NA,NA,NA,NA,NA,NA,NA,NA,NA,NA,NA,3.11,0
AA_0065,2016,0,YVT,Eppendorf,1,5.95,0,FALSE,TRUE,TRUE,0,0,0,0,NA,NA,NA,NA,NA,NA,NA,NA,NA,NA,NA,NA,NA,2.98,0
AA_0067,2016,0,YVT,Eppendorf,1,34.89,0,TRUE,TRUE,TRUE,0,0,0,0,NA,NA,NA,NA,NA,NA,NA,NA,NA,NA,NA,NA,NA,17.45,0
AA_0071,2016,0,YVT,Eppendorf,1,7.2,0,FALSE,TRUE,TRUE,0,0,0,0,NA,NA,NA,NA,NA,NA,NA,NA,NA,NA,NA,NA,NA,3.6,0
AA_0072,2016,0,YVT,Eppendorf,1,9.03,0,FALSE,TRUE,TRUE,0,0,0,0,NA,NA,NA,NA,NA,NA,NA,NA,NA,NA,NA,NA,NA,4.52,0
AA_0073,2016,0,YVT,Eppendorf,1,6.23,0,FALSE,TRUE,TRUE,0,0,0,0,NA,NA,NA,NA,NA,NA,NA,NA,NA,NA,NA,NA,NA,3.12,0
AA_0074,2016,0,YVT,Eppendorf,1,7.59,0,FALSE,TRUE,TRUE,0,0,0,0,NA,NA,NA,NA,NA,NA,NA,NA,NA,NA,NA,NA,NA,3.8,0
AA_0076,2016,0,YVT,Eppendorf,1,33.51,31.7,FALSE,FALSE,FALSE,32.6,0,32.6,32.6,NA,NA,NA,NA,NA,NA,NA,NA,NA,NA,NA,NA,NA,0.74,1109
AA_0078,2016,0,YVT,Eppendorf,1,30.06,29.63,TRUE,TRUE,TRUE,29.85,29.85,29.85,29.85,NA,NA,NA,NA,NA,NA,NA,NA,NA,NA,NA,NA,NA,0.18,7138
AA_0079,2016,0,YVT,Eppendorf,1,12.22,0,FALSE,TRUE,TRUE,0,0,0,0,NA,NA,NA,NA,NA,NA,NA,NA,NA,NA,NA,NA,NA,6.11,0
AA_0081,2016,0,YVT,Eppendorf,1,9.95,0,FALSE,TRUE,TRUE,0,0,0,0,NA,NA,NA,NA,NA,NA,NA,NA,NA,NA,NA,NA,NA,4.98,0
AA_0082,2016,0,YVT,Eppendorf,1,8.78,0,FALSE,TRUE,TRUE,0,0,0,0,NA,NA,NA,NA,NA,NA,NA,NA,NA,NA,NA,NA,NA,4.39,0
AA_0083,2016,0,YVT,Eppendorf,1,10.56,0,FALSE,TRUE,TRUE,0,0,0,0,NA,NA,NA,NA,NA,NA,NA,NA,NA,NA,NA,NA,NA,5.28,0
AA_0084,2016,0,YVT,Eppendorf,1,0,0,TRUE,TRUE,TRUE,0,0,0,0,NA,NA,NA,NA,NA,NA,NA,NA,NA,NA,NA,NA,NA,0,0
AA_0085,2016,0,YVT,Eppendorf,1,6.88,0,FALSE,TRUE,TRUE,0,0,0,0,NA,NA,NA,NA,NA,NA,NA,NA,NA,NA,NA,NA,NA,3.44,0
AA_0086,2016,0,YVT,Eppendorf,1,8.93,0,FALSE,TRUE,TRUE,0,0,0,0,NA,NA,NA,NA,NA,NA,NA,NA,NA,NA,NA,NA,NA,4.47,0
AA_0087,2016,0,YVT,Eppendorf,1,11.69,0,FALSE,TRUE,TRUE,0,0,0,0,NA,NA,NA,NA,NA,NA,NA,NA,NA,NA,NA,NA,NA,5.85,0
AA_0088,2016,0,NA,NA,NA,NA,NA,NA,NA,NA,NA,NA,NA,NA,NA,NA,NA,NA,NA,NA,NA,NA,NA,NA,NA,NA,NA,NA,NA
AA_0089,2016,0,YVT,Eppendorf,1,0,0,TRUE,TRUE,TRUE,0,0,0,0,NA,NA,NA,NA,NA,NA,NA,NA,NA,NA,NA,NA,NA,0,0
AA_0090,2016,0,YVT,Eppendorf,1,10.25,0,FALSE,TRUE,TRUE,0,0,0,0,NA,NA,NA,NA,NA,NA,NA,NA,NA,NA,NA,NA,NA,5.13,0
AA_0091,2016,0,YVT,Eppendorf,1,0,0,TRUE,TRUE,TRUE,0,0,0,0,NA,NA,NA,NA,NA,NA,NA,NA,NA,NA,NA,NA,NA,0,0
AA_0092,2016,0,YVT,Eppendorf,1,12.83,0,FALSE,TRUE,TRUE,0,0,0,0,NA,NA,NA,NA,NA,NA,NA,NA,NA,NA,NA,NA,NA,6.42,0
AA_0093,2016,0,YVT,Eppendorf,1,11.42,0,FALSE,TRUE,TRUE,0,0,0,0,NA,NA,NA,NA,NA,NA,NA,NA,NA,NA,NA,NA,NA,5.71,0
AA_0094,2016,0,YVT,Eppendorf,1,10.81,0,FALSE,TRUE,TRUE,0,0,0,0,NA,NA,NA,NA,NA,NA,NA,NA,NA,NA,NA,NA,NA,5.41,0
AA_0095,2016,0,YVT,Eppendorf,1,11.96,0,FALSE,TRUE,TRUE,0,0,0,0,NA,NA,NA,NA,NA,NA,NA,NA,NA,NA,NA,NA,NA,5.98,0
AA_0096,2016,0,YVT,Eppendorf,1,39.73,0,TRUE,TRUE,TRUE,0,0,0,0,NA,NA,NA,NA,NA,NA,NA,NA,NA,NA,NA,NA,NA,19.87,0
AA_0097,2016,0,YVT,Eppendorf,1,0,0,TRUE,TRUE,TRUE,0,0,0,0,NA,NA,NA,NA,NA,NA,NA,NA,NA,NA,NA,NA,NA,0,0
AA_0098,2016,0,YVT,Eppendorf,1,8.79,0,FALSE,TRUE,TRUE,0,0,0,0,NA,NA,NA,NA,NA,NA,NA,NA,NA,NA,NA,NA,NA,4.4,0
AA_0099,2016,0,YVT,Eppendorf,1,33.56,31.6,FALSE,FALSE,FALSE,32.58,0,32.58,32.58,NA,NA,NA,NA,NA,NA,NA,NA,NA,NA,NA,NA,NA,0.8,1124
AA_0101,2016,0,YVT,Eppendorf,1,29.3,30.09,TRUE,TRUE,TRUE,29.7,29.7,29.7,29.7,NA,NA,NA,NA,NA,NA,NA,NA,NA,NA,NA,NA,NA,0.32,7901
AA_0102,2016,0,YVT,Eppendorf,1,0,0,TRUE,TRUE,TRUE,0,0,0,0,NA,NA,NA,NA,NA,NA,NA,NA,NA,NA,NA,NA,NA,0,0
AA_0103,2016,0,YVT,Eppendorf,1,10.73,0,FALSE,TRUE,TRUE,0,0,0,0,NA,NA,NA,NA,NA,NA,NA,NA,NA,NA,NA,NA,NA,5.37,0
AA_0104,2016,0,YVT,Eppendorf,1,9.1,0,FALSE,TRUE,TRUE,0,0,0,0,NA,NA,NA,NA,NA,NA,NA,NA,NA,NA,NA,NA,NA,4.55,0
AA_0105,2016,0,YVT,Eppendorf,1,3.05,0,FALSE,TRUE,TRUE,0,0,0,0,NA,NA,NA,NA,NA,NA,NA,NA,NA,NA,NA,NA,NA,1.53,0
AA_0107,2016,0,YVT,Eppendorf,1,0,0,TRUE,TRUE,TRUE,0,0,0,0,NA,NA,NA,NA,NA,NA,NA,NA,NA,NA,NA,NA,NA,0,0
AA_0113,2016,0,YVT,Eppendorf,1,13.17,0,FALSE,TRUE,TRUE,0,0,0,0,NA,NA,NA,NA,NA,NA,NA,NA,NA,NA,NA,NA,NA,6.59,0
AA_0115,2016,0,YVT,Eppendorf,1,12.31,0,FALSE,TRUE,TRUE,0,0,0,0,NA,NA,NA,NA,NA,NA,NA,NA,NA,NA,NA,NA,NA,6.16,0
AA_0117,2016,0,YVT,Eppendorf,1,22.05,0,FALSE,TRUE,TRUE,0,0,0,0,NA,NA,NA,NA,NA,NA,NA,NA,NA,NA,NA,NA,NA,11.03,0
AA_0118,2016,0,YVT,Eppendorf,1,33.71,32.66,FALSE,FALSE,FALSE,33.18,0,33.18,33.18,NA,NA,NA,NA,NA,NA,NA,NA,NA,NA,NA,NA,NA,0.43,749
AA_0119,2016,0,YVT,Eppendorf,1,29.83,29.74,TRUE,TRUE,TRUE,29.78,29.78,29.78,29.78,NA,NA,NA,NA,NA,NA,NA,NA,NA,NA,NA,NA,NA,0.04,7485
AA_0121,2016,0,YVT,Eppendorf,1,32.64,29.57,FALSE,FALSE,FALSE,31.11,0,31.11,31.11,NA,NA,NA,NA,NA,NA,NA,NA,NA,NA,NA,NA,NA,1.25,3041
AA_0122,2016,0,YVT,Eppendorf,1,0,0,TRUE,TRUE,TRUE,0,0,0,0,NA,NA,NA,NA,NA,NA,NA,NA,NA,NA,NA,NA,NA,0,0
AA_0124,2016,0,YVT,Eppendorf,1,0,0,TRUE,TRUE,TRUE,0,0,0,0,NA,NA,NA,NA,NA,NA,NA,NA,NA,NA,NA,NA,NA,0,0
AA_0125,2016,0,YVT,Eppendorf,1,9.39,0,FALSE,TRUE,TRUE,0,0,0,0,NA,NA,NA,NA,NA,NA,NA,NA,NA,NA,NA,NA,NA,4.7,0
AA_0126,2016,0,YVT,Eppendorf,1,0,0,TRUE,TRUE,TRUE,0,0,0,0,NA,NA,NA,NA,NA,NA,NA,NA,NA,NA,NA,NA,NA,0,0
AA_0127,2016,0,YVT,Eppendorf,1,10.75,0,FALSE,TRUE,TRUE,0,0,0,0,NA,NA,NA,NA,NA,NA,NA,NA,NA,NA,NA,NA,NA,5.38,0
AA_0128,2016,0,YVT,Eppendorf,1,37.92,35.19,FALSE,FALSE,FALSE,36.55,0,36.55,36.55,NA,NA,NA,NA,NA,NA,NA,NA,NA,NA,NA,NA,NA,1.11,76
AA_0129,2016,0,YVT,Eppendorf,1,10.65,0,FALSE,TRUE,TRUE,0,0,0,0,NA,NA,NA,NA,NA,NA,NA,NA,NA,NA,NA,NA,NA,5.33,0
AA_0130,2016,0,YVT,Eppendorf,1,0,0,TRUE,TRUE,TRUE,0,0,0,0,NA,NA,NA,NA,NA,NA,NA,NA,NA,NA,NA,NA,NA,0,0
AA_0131,2016,0,YVT,Eppendorf,1,0,0,TRUE,TRUE,TRUE,0,0,0,0,NA,NA,NA,NA,NA,NA,NA,NA,NA,NA,NA,NA,NA,0,0
AA_0132,2016,0,YVT,Eppendorf,1,0,0,TRUE,TRUE,TRUE,0,0,0,0,NA,NA,NA,NA,NA,NA,NA,NA,NA,NA,NA,NA,NA,0,0
AA_0133,2016,0,YVT,Eppendorf,1,0,0,TRUE,TRUE,TRUE,0,0,0,0,NA,NA,NA,NA,NA,NA,NA,NA,NA,NA,NA,NA,NA,0,0
AA_0134,2016,0,YVT,Eppendorf,1,0,0,TRUE,TRUE,TRUE,0,0,0,0,NA,NA,NA,NA,NA,NA,NA,NA,NA,NA,NA,NA,NA,0,0
AA_0135,2016,0,YVT,Eppendorf,1,0,0,TRUE,TRUE,TRUE,0,0,0,0,NA,NA,NA,NA,NA,NA,NA,NA,NA,NA,NA,NA,NA,0,0
AA_0136,2016,0,YVT,Eppendorf,1,0,0,TRUE,TRUE,TRUE,0,0,0,0,NA,NA,NA,NA,NA,NA,NA,NA,NA,NA,NA,NA,NA,0,0
AA_0137,2016,0,YVT,Eppendorf,1,0,0,TRUE,TRUE,TRUE,0,0,0,0,NA,NA,NA,NA,NA,NA,NA,NA,NA,NA,NA,NA,NA,0,0
AA_0138,2016,0,YVT,Eppendorf,1,39.87,0,TRUE,TRUE,TRUE,0,0,0,0,NA,NA,NA,NA,NA,NA,NA,NA,NA,NA,NA,NA,NA,19.94,0
AA_0141,2016,0,YVT,Eppendorf,1,0,0,TRUE,TRUE,TRUE,0,0,0,0,NA,NA,NA,NA,NA,NA,NA,NA,NA,NA,NA,NA,NA,0,0
AA_0142,2016,0,YVT,Eppendorf,1,0,0,TRUE,TRUE,TRUE,0,0,0,0,NA,NA,NA,NA,NA,NA,NA,NA,NA,NA,NA,NA,NA,0,0
AA_0143,2016,0,YVT,Eppendorf,1,7.19,0,FALSE,TRUE,TRUE,0,0,0,0,NA,NA,NA,NA,NA,NA,NA,NA,NA,NA,NA,NA,NA,3.6,0
AA_0145,2016,0,YVT,Eppendorf,1,0,0,TRUE,TRUE,TRUE,0,0,0,0,NA,NA,NA,NA,NA,NA,NA,NA,NA,NA,NA,NA,NA,0,0
AA_0146,2016,0,YVT,Eppendorf,1,0,0,TRUE,TRUE,TRUE,0,0,0,0,NA,NA,NA,NA,NA,NA,NA,NA,NA,NA,NA,NA,NA,0,0
AA_0147,2016,0,YVT,Eppendorf,1,0,0,TRUE,TRUE,TRUE,0,0,0,0,NA,NA,NA,NA,NA,NA,NA,NA,NA,NA,NA,NA,NA,0,0
AA_0148,2016,0,YVT,Eppendorf,1,0,0,TRUE,TRUE,TRUE,0,0,0,0,NA,NA,NA,NA,NA,NA,NA,NA,NA,NA,NA,NA,NA,0,0
AA_0149,2016,0,YVT,Eppendorf,1,0,0,TRUE,TRUE,TRUE,0,0,0,0,NA,NA,NA,NA,NA,NA,NA,NA,NA,NA,NA,NA,NA,0,0
AA_0150,2016,0,YVT,Eppendorf,1,36.44,0,TRUE,TRUE,TRUE,0,0,0,0,NA,NA,NA,NA,NA,NA,NA,NA,NA,NA,NA,NA,NA,18.22,0
AA_0151,2016,0,YVT,Eppendorf,1,0,0,TRUE,TRUE,TRUE,0,0,0,0,NA,NA,NA,NA,NA,NA,NA,NA,NA,NA,NA,NA,NA,0,0
AA_0152,2016,0,YVT,Eppendorf,1,0,0,TRUE,TRUE,TRUE,0,0,0,0,NA,NA,NA,NA,NA,NA,NA,NA,NA,NA,NA,NA,NA,0,0
AA_0153,2016,0,YVT,Eppendorf,1,0,0,TRUE,TRUE,TRUE,0,0,0,0,NA,NA,NA,NA,NA,NA,NA,NA,NA,NA,NA,NA,NA,0,0
AA_0154,2016,0,YVT,Eppendorf,1,0,0,TRUE,TRUE,TRUE,0,0,0,0,NA,NA,NA,NA,NA,NA,NA,NA,NA,NA,NA,NA,NA,0,0
AA_0155,2016,0,YVT,Eppendorf,1,0,0,TRUE,TRUE,TRUE,0,0,0,0,NA,NA,NA,NA,NA,NA,NA,NA,NA,NA,NA,NA,NA,0,0
AA_0156,2016,0,YVT,Eppendorf,1,0,0,TRUE,TRUE,TRUE,0,0,0,0,NA,NA,NA,NA,NA,NA,NA,NA,NA,NA,NA,NA,NA,0,0
AA_0157,2016,0,YVT,Eppendorf,1,7.77,0,FALSE,TRUE,TRUE,0,0,0,0,NA,NA,NA,NA,NA,NA,NA,NA,NA,NA,NA,NA,NA,3.89,0
AA_0158,2016,0,YVT,Eppendorf,1,0,0,TRUE,TRUE,TRUE,0,0,0,0,NA,NA,NA,NA,NA,NA,NA,NA,NA,NA,NA,NA,NA,0,0
AA_0160,2016,0,YVT,Eppendorf,1,26.85,0,FALSE,TRUE,TRUE,0,0,0,0,NA,NA,NA,NA,NA,NA,NA,NA,NA,NA,NA,NA,NA,13.43,0
AA_0161,2016,0,YVT,Eppendorf,1,13.26,0,FALSE,TRUE,TRUE,0,0,0,0,NA,NA,NA,NA,NA,NA,NA,NA,NA,NA,NA,NA,NA,6.63,0
AA_0162,2016,0,YVT,Eppendorf,1,0,0,TRUE,TRUE,TRUE,0,0,0,0,NA,NA,NA,NA,NA,NA,NA,NA,NA,NA,NA,NA,NA,0,0
AA_0163,2016,0,YVT,Eppendorf,1,0,0,TRUE,TRUE,TRUE,0,0,0,0,NA,NA,NA,NA,NA,NA,NA,NA,NA,NA,NA,NA,NA,0,0
AA_0164,2016,0,YVT,Eppendorf,1,0,0,TRUE,TRUE,TRUE,0,0,0,0,NA,NA,NA,NA,NA,NA,NA,NA,NA,NA,NA,NA,NA,0,0
AA_0165,2016,0,YVT,Eppendorf,1,4.79,0,FALSE,TRUE,TRUE,0,0,0,0,NA,NA,NA,NA,NA,NA,NA,NA,NA,NA,NA,NA,NA,2.4,0
AA_0166,2016,0,YVT,Eppendorf,1,35.4,36.08,FALSE,FALSE,FALSE,35.74,0,35.74,35.74,NA,NA,NA,NA,NA,NA,NA,NA,NA,NA,NA,NA,NA,0.28,132
AA_0167,2016,0,YVT,Eppendorf,1,30.69,29.92,TRUE,TRUE,TRUE,30.31,30.31,30.31,30.31,NA,NA,NA,NA,NA,NA,NA,NA,NA,NA,NA,NA,NA,0.31,5228
AA_0168,2016,0,YVT,Eppendorf,1,6.76,0,FALSE,TRUE,TRUE,0,0,0,0,NA,NA,NA,NA,NA,NA,NA,NA,NA,NA,NA,NA,NA,3.38,0
AA_0169,2016,0,YVT,Eppendorf,1,29.54,29.66,TRUE,TRUE,TRUE,29.6,29.6,29.6,29.6,NA,NA,NA,NA,NA,NA,NA,NA,NA,NA,NA,NA,NA,0.05,8455
AA_0170,2016,0,YVT,Eppendorf,1,0,0,TRUE,TRUE,TRUE,0,0,0,0,NA,NA,NA,NA,NA,NA,NA,NA,NA,NA,NA,NA,NA,0,0
AA_0171,2016,0,YVT,Eppendorf,1,31.31,29.36,FALSE,FALSE,FALSE,30.33,0,30.33,30.33,NA,NA,NA,NA,NA,NA,NA,NA,NA,NA,NA,NA,NA,0.8,5157
AA_0175,2016,0,YVT,Eppendorf,1,6.53,0,FALSE,TRUE,TRUE,0,0,0,0,NA,NA,NA,NA,NA,NA,NA,NA,NA,NA,NA,NA,NA,3.27,0
AA_0177,2016,0,YVT,Eppendorf,1,6.76,0,FALSE,TRUE,TRUE,0,0,0,0,NA,NA,NA,NA,NA,NA,NA,NA,NA,NA,NA,NA,NA,3.38,0
AA_0178,2016,0,YVT,Eppendorf,1,7.39,0,FALSE,TRUE,TRUE,0,0,0,0,NA,NA,NA,NA,NA,NA,NA,NA,NA,NA,NA,NA,NA,3.7,0
AA_0180,2016,0,YVT,Eppendorf,1,7.71,0,FALSE,TRUE,TRUE,0,0,0,0,NA,NA,NA,NA,NA,NA,NA,NA,NA,NA,NA,NA,NA,3.86,0
AA_0182,2016,0,YVT,Eppendorf,1,7.37,0,FALSE,TRUE,TRUE,0,0,0,0,NA,NA,NA,NA,NA,NA,NA,NA,NA,NA,NA,NA,NA,3.69,0
AA_0183,2016,0,YVT,Eppendorf,1,39.78,0,TRUE,TRUE,TRUE,0,0,0,0,NA,NA,NA,NA,NA,NA,NA,NA,NA,NA,NA,NA,NA,19.89,0
AA_0184,2016,0,YVT,Eppendorf,1,6.93,0,FALSE,TRUE,TRUE,0,0,0,0,NA,NA,NA,NA,NA,NA,NA,NA,NA,NA,NA,NA,NA,3.47,0
AA_0186,2016,0,YVT,Eppendorf,1,0,0,TRUE,TRUE,TRUE,0,0,0,0,NA,NA,NA,NA,NA,NA,NA,NA,NA,NA,NA,NA,NA,0,0
AA_0187,2016,0,YVT,Eppendorf,1,0,0,TRUE,TRUE,TRUE,0,0,0,0,NA,NA,NA,NA,NA,NA,NA,NA,NA,NA,NA,NA,NA,0,0
AA_0188,2016,0,YVT,Eppendorf,1,0,0,TRUE,TRUE,TRUE,0,0,0,0,NA,NA,NA,NA,NA,NA,NA,NA,NA,NA,NA,NA,NA,0,0
AA_0189,2016,0,YVT,Eppendorf,1,0,0,TRUE,TRUE,TRUE,0,0,0,0,NA,NA,NA,NA,NA,NA,NA,NA,NA,NA,NA,NA,NA,0,0
AA_0190,2016,0,YVT,Eppendorf,1,9.92,0,FALSE,TRUE,TRUE,0,0,0,0,NA,NA,NA,NA,NA,NA,NA,NA,NA,NA,NA,NA,NA,4.96,0
AA_0191,2016,0,YVT,Eppendorf,1,5.19,0,FALSE,TRUE,TRUE,0,0,0,0,NA,NA,NA,NA,NA,NA,NA,NA,NA,NA,NA,NA,NA,2.6,0
AA_0192,2016,0,YVT,Eppendorf,1,7.73,0,FALSE,TRUE,TRUE,0,0,0,0,NA,NA,NA,NA,NA,NA,NA,NA,NA,NA,NA,NA,NA,3.87,0
AA_0193,2016,0,YVT,Eppendorf,1,6.81,0,FALSE,TRUE,TRUE,0,0,0,0,NA,NA,NA,NA,NA,NA,NA,NA,NA,NA,NA,NA,NA,3.41,0
AA_0194,2016,0,YVT,Eppendorf,1,6.7,0,FALSE,TRUE,TRUE,0,0,0,0,NA,NA,NA,NA,NA,NA,NA,NA,NA,NA,NA,NA,NA,3.35,0
AA_0195,2016,0,YVT,Eppendorf,1,0,0,TRUE,TRUE,TRUE,0,0,0,0,NA,NA,NA,NA,NA,NA,NA,NA,NA,NA,NA,NA,NA,0,0
AA_0196,2016,0,YVT,Eppendorf,1,0,0,TRUE,TRUE,TRUE,0,0,0,0,NA,NA,NA,NA,NA,NA,NA,NA,NA,NA,NA,NA,NA,0,0
AA_0197,2016,0,YVT,Eppendorf,1,0,0,TRUE,TRUE,TRUE,0,0,0,0,NA,NA,NA,NA,NA,NA,NA,NA,NA,NA,NA,NA,NA,0,0
AA_0198,2016,0,YVT,Eppendorf,1,0,0,TRUE,TRUE,TRUE,0,0,0,0,NA,NA,NA,NA,NA,NA,NA,NA,NA,NA,NA,NA,NA,0,0
AA_0199,2016,0,YVT,Eppendorf,1,0,0,TRUE,TRUE,TRUE,0,0,0,0,NA,NA,NA,NA,NA,NA,NA,NA,NA,NA,NA,NA,NA,0,0
AA_0200,2016,0,YVT,Eppendorf,1,9.76,0,FALSE,TRUE,TRUE,0,0,0,0,NA,NA,NA,NA,NA,NA,NA,NA,NA,NA,NA,NA,NA,4.88,0
AA_0201,2016,0,YVT,Eppendorf,1,6.45,0,FALSE,TRUE,TRUE,0,0,0,0,NA,NA,NA,NA,NA,NA,NA,NA,NA,NA,NA,NA,NA,3.23,0
AA_0202,2016,0,YVT,Eppendorf,1,38.91,0,TRUE,TRUE,TRUE,0,0,0,0,NA,NA,NA,NA,NA,NA,NA,NA,NA,NA,NA,NA,NA,19.46,0
AA_0203,2016,0,YVT,Eppendorf,1,36.98,0,TRUE,TRUE,TRUE,0,0,0,0,NA,NA,NA,NA,NA,NA,NA,NA,NA,NA,NA,NA,NA,18.49,0
AA_0205,2016,0,YVT,Eppendorf,1,33.75,0,TRUE,TRUE,TRUE,0,0,0,0,NA,NA,NA,NA,NA,NA,NA,NA,NA,NA,NA,NA,NA,16.88,0
AA_0206,2016,0,YVT,Eppendorf,1,0,0,TRUE,TRUE,TRUE,0,0,0,0,NA,NA,NA,NA,NA,NA,NA,NA,NA,NA,NA,NA,NA,0,0
AA_0207,2016,0,YVT,Eppendorf,1,31.82,30.67,FALSE,FALSE,FALSE,31.24,0,31.24,31.24,NA,NA,NA,NA,NA,NA,NA,NA,NA,NA,NA,NA,NA,0.47,2785
AA_0208,2016,0,YVT,Eppendorf,1,38.05,38.74,FALSE,FALSE,FALSE,38.4,0,38.4,38.4,NA,NA,NA,NA,NA,NA,NA,NA,NA,NA,NA,NA,NA,0.28,22
AA_0209,2016,0,YVT,Eppendorf,1,29.24,27.7,TRUE,TRUE,TRUE,28.47,28.47,28.47,28.47,NA,NA,NA,NA,NA,NA,NA,NA,NA,NA,NA,NA,NA,0.63,18174
AA_0210,2016,0,YVT,Eppendorf,1,8.41,0,FALSE,TRUE,TRUE,0,0,0,0,NA,NA,NA,NA,NA,NA,NA,NA,NA,NA,NA,NA,NA,4.21,0
AA_0211,2017,0,YVT,Eppendorf,1,37.27,37.62,FALSE,FALSE,FALSE,37.44,0,37.44,37.44,NA,NA,NA,NA,NA,NA,NA,NA,NA,NA,NA,NA,NA,0.14,42
AA_0237,2017,0,YVT,Eppendorf,1,0,0,TRUE,TRUE,TRUE,0,0,0,0,NA,NA,NA,NA,NA,NA,NA,NA,NA,NA,NA,NA,NA,0,0
AA_0238,2017,0,YVT,Eppendorf,1,37.69,0,TRUE,TRUE,TRUE,0,0,0,0,NA,NA,NA,NA,NA,NA,NA,NA,NA,NA,NA,NA,NA,18.85,0
AA_0239,2017,0,YVT,Eppendorf,1,37.24,0,TRUE,TRUE,TRUE,0,0,0,0,NA,NA,NA,NA,NA,NA,NA,NA,NA,NA,NA,NA,NA,18.62,0
AA_0240,2017,0,YVT,Eppendorf,1,0,0,TRUE,TRUE,TRUE,0,0,0,0,NA,NA,NA,NA,NA,NA,NA,NA,NA,NA,NA,NA,NA,0,0
AA_0241,2017,0,YVT,Eppendorf,1,37.76,0,TRUE,TRUE,TRUE,0,0,0,0,NA,NA,NA,NA,NA,NA,NA,NA,NA,NA,NA,NA,NA,18.88,0
AA_0243,2017,0,YVT,Eppendorf,1,0,0,TRUE,TRUE,TRUE,0,0,0,0,NA,NA,NA,NA,NA,NA,NA,NA,NA,NA,NA,NA,NA,0,0
AA_0244,2017,0,YVT,Eppendorf,1,38.3,0,TRUE,TRUE,TRUE,0,0,0,0,NA,NA,NA,NA,NA,NA,NA,NA,NA,NA,NA,NA,NA,19.15,0
AA_0246,2017,0,YVT,Eppendorf,1,8.69,0,FALSE,TRUE,TRUE,0,0,0,0,NA,NA,NA,NA,NA,NA,NA,NA,NA,NA,NA,NA,NA,4.35,0
AA_0247,2017,0,YVT,Eppendorf,1,5.99,0,FALSE,TRUE,TRUE,0,0,0,0,NA,NA,NA,NA,NA,NA,NA,NA,NA,NA,NA,NA,NA,3,0
AA_0248,2017,0,YVT,Eppendorf,1,30.46,0,TRUE,TRUE,TRUE,0,0,0,0,NA,NA,NA,NA,NA,NA,NA,NA,NA,NA,NA,NA,NA,15.23,0
AA_0249,2017,0,YVT,Eppendorf,1,36.74,0,TRUE,TRUE,TRUE,0,0,0,0,NA,NA,NA,NA,NA,NA,NA,NA,NA,NA,NA,NA,NA,18.37,0
AA_0250,2017,0,YVT,Eppendorf,1,30.28,31.31,TRUE,TRUE,TRUE,30.79,30.79,30.79,30.79,NA,NA,NA,NA,NA,NA,NA,NA,NA,NA,NA,NA,NA,0.42,3777
AA_0251,2017,0,YVT,Eppendorf,1,37.53,36.45,FALSE,FALSE,FALSE,36.99,0,36.99,36.99,NA,NA,NA,NA,NA,NA,NA,NA,NA,NA,NA,NA,NA,0.44,57
AA_0252,2017,0,YVT,Eppendorf,1,0,0,TRUE,TRUE,TRUE,0,0,0,0,NA,NA,NA,NA,NA,NA,NA,NA,NA,NA,NA,NA,NA,0,0
AA_0255,2017,0,YVT,Eppendorf,1,0,0,TRUE,TRUE,TRUE,0,0,0,0,NA,NA,NA,NA,NA,NA,NA,NA,NA,NA,NA,NA,NA,0,0
AA_0256,2017,0,YVT,Eppendorf,1,30.48,30.08,TRUE,TRUE,TRUE,30.28,30.28,30.28,30.28,NA,NA,NA,NA,NA,NA,NA,NA,NA,NA,NA,NA,NA,0.16,5335
AA_0257,2017,0,YVT,Eppendorf,1,36.03,38.29,FALSE,FALSE,FALSE,37.16,0,37.16,37.16,NA,NA,NA,NA,NA,NA,NA,NA,NA,NA,NA,NA,NA,0.92,51
AA_0258,2017,0,YVT,Eppendorf,1,34.47,0,TRUE,TRUE,TRUE,0,0,0,0,NA,NA,NA,NA,NA,NA,NA,NA,NA,NA,NA,NA,NA,17.24,0
AA_0259,2017,0,YVT,Eppendorf,1,37.08,36.1,FALSE,FALSE,FALSE,36.59,0,36.59,36.59,NA,NA,NA,NA,NA,NA,NA,NA,NA,NA,NA,NA,NA,0.4,74
AA_0260,2017,0,YVT,Eppendorf,1,0,0,TRUE,TRUE,TRUE,0,0,0,0,NA,NA,NA,NA,NA,NA,NA,NA,NA,NA,NA,NA,NA,0,0
AA_0261,2017,0,YVT,Eppendorf,1,0,0,TRUE,TRUE,TRUE,0,0,0,0,NA,NA,NA,NA,NA,NA,NA,NA,NA,NA,NA,NA,NA,0,0
AA_0263,2017,0,YVT,Eppendorf,1,35.8,0,TRUE,TRUE,TRUE,0,0,0,0,NA,NA,NA,NA,NA,NA,NA,NA,NA,NA,NA,NA,NA,17.9,0
AA_0264,2017,0,YVT,Eppendorf,1,0,0,TRUE,TRUE,TRUE,0,0,0,0,NA,NA,NA,NA,NA,NA,NA,NA,NA,NA,NA,NA,NA,0,0
AA_0265,2017,0,YVT,Eppendorf,1,0,0,TRUE,TRUE,TRUE,0,0,0,0,NA,NA,NA,NA,NA,NA,NA,NA,NA,NA,NA,NA,NA,0,0
AA_0266,2017,0,YVT,Eppendorf,1,32.85,32.77,FALSE,FALSE,FALSE,32.81,0,32.81,32.81,NA,NA,NA,NA,NA,NA,NA,NA,NA,NA,NA,NA,NA,0.03,962
AA_0268,2017,0,YVT,Eppendorf,1,0,0,TRUE,TRUE,TRUE,0,0,0,0,NA,NA,NA,NA,NA,NA,NA,NA,NA,NA,NA,NA,NA,0,0
AA_0269,2017,0,YVT,Eppendorf,1,31.84,32.23,FALSE,FALSE,FALSE,32.03,0,32.03,32.03,NA,NA,NA,NA,NA,NA,NA,NA,NA,NA,NA,NA,NA,0.16,1631
AA_0270,2017,0,YVT,Eppendorf,1,39.24,0,TRUE,TRUE,TRUE,0,0,0,0,NA,NA,NA,NA,NA,NA,NA,NA,NA,NA,NA,NA,NA,19.62,0
AA_0271,2017,0,YVT,Eppendorf,1,35.55,0,TRUE,TRUE,TRUE,0,0,0,0,NA,NA,NA,NA,NA,NA,NA,NA,NA,NA,NA,NA,NA,17.78,0
AA_0272,2017,0,YVT,Eppendorf,1,35.87,33.29,FALSE,FALSE,FALSE,34.58,0,34.58,34.58,NA,NA,NA,NA,NA,NA,NA,NA,NA,NA,NA,NA,NA,1.05,290
AA_0273,2017,0,YVT,Eppendorf,1,34.8,0,TRUE,TRUE,TRUE,0,0,0,0,NA,NA,NA,NA,NA,NA,NA,NA,NA,NA,NA,NA,NA,17.4,0
AA_0274,2017,0,YVT,Eppendorf,1,0,0,TRUE,TRUE,TRUE,0,0,0,0,NA,NA,NA,NA,NA,NA,NA,NA,NA,NA,NA,NA,NA,0,0
AA_0275,2017,0,YVT,Eppendorf,1,0,0,TRUE,TRUE,TRUE,0,0,0,0,NA,NA,NA,NA,NA,NA,NA,NA,NA,NA,NA,NA,NA,0,0
AA_0276,2017,0,YVT,Eppendorf,1,0,0,TRUE,TRUE,TRUE,0,0,0,0,NA,NA,NA,NA,NA,NA,NA,NA,NA,NA,NA,NA,NA,0,0
AA_0277,2017,0,YVT,Eppendorf,1,38,0,TRUE,TRUE,TRUE,0,0,0,0,NA,NA,NA,NA,NA,NA,NA,NA,NA,NA,NA,NA,NA,19,0
AA_0278,2017,0,YVT,Eppendorf,1,37.88,28.21,FALSE,FALSE,FALSE,33.04,0,33.04,33.04,NA,NA,NA,NA,NA,NA,NA,NA,NA,NA,NA,NA,NA,3.95,823
AA_0279,2017,0,YVT,Eppendorf,1,0,0,TRUE,TRUE,TRUE,0,0,0,0,NA,NA,NA,NA,NA,NA,NA,NA,NA,NA,NA,NA,NA,0,0
AA_0280,2017,0,YVT,Eppendorf,1,0,0,TRUE,TRUE,TRUE,0,0,0,0,NA,NA,NA,NA,NA,NA,NA,NA,NA,NA,NA,NA,NA,0,0
AA_0281,2017,0,YVT,Eppendorf,1,0,0,TRUE,TRUE,TRUE,0,0,0,0,NA,NA,NA,NA,NA,NA,NA,NA,NA,NA,NA,NA,NA,0,0
AA_0282,2017,0,YVT,Eppendorf,1,29.71,27.9,TRUE,TRUE,TRUE,28.8,28.8,28.8,28.8,NA,NA,NA,NA,NA,NA,NA,NA,NA,NA,NA,NA,NA,0.74,14534
AA_0284,2017,0,YVT,Eppendorf,1,34.9,37.11,FALSE,FALSE,FALSE,36.01,0,36.01,36.01,NA,NA,NA,NA,NA,NA,NA,NA,NA,NA,NA,NA,NA,0.9,110
AA_0285,2017,0,YVT,Eppendorf,1,32.33,35.16,FALSE,FALSE,FALSE,33.74,0,33.74,33.74,NA,NA,NA,NA,NA,NA,NA,NA,NA,NA,NA,NA,NA,1.16,512
AA_0286,2017,0,YVT,Eppendorf,1,28.94,29.96,TRUE,TRUE,TRUE,29.45,29.45,29.45,29.45,NA,NA,NA,NA,NA,NA,NA,NA,NA,NA,NA,NA,NA,0.42,9359
AA_0288,2017,0,YVT,Eppendorf,1,36.98,0,TRUE,TRUE,TRUE,0,0,0,0,NA,NA,NA,NA,NA,NA,NA,NA,NA,NA,NA,NA,NA,18.49,0
AA_0289,2017,0,YVT,Eppendorf,1,0,0,TRUE,TRUE,TRUE,0,0,0,0,NA,NA,NA,NA,NA,NA,NA,NA,NA,NA,NA,NA,NA,0,0
AA_0290,2017,0,YVT,Eppendorf,1,0,0,TRUE,TRUE,TRUE,0,0,0,0,NA,NA,NA,NA,NA,NA,NA,NA,NA,NA,NA,NA,NA,0,0
AA_0291,2017,0,YVT,Eppendorf,1,31.28,30.75,FALSE,FALSE,FALSE,31.01,0,31.01,31.01,NA,NA,NA,NA,NA,NA,NA,NA,NA,NA,NA,NA,NA,0.22,3254
AA_0291,2017,0,YVT,Eppendorf,1,38.86,0,TRUE,TRUE,TRUE,0,0,0,0,NA,NA,NA,NA,NA,NA,NA,NA,NA,NA,NA,NA,NA,19.43,0
AA_0292,2017,0,YVT,Eppendorf,1,35.35,34.45,FALSE,FALSE,FALSE,34.9,0,34.9,34.9,NA,NA,NA,NA,NA,NA,NA,NA,NA,NA,NA,NA,NA,0.37,234
AA_0295,2017,0,YVT,Eppendorf,1,37.48,15.35,FALSE,FALSE,FALSE,26.41,0,26.41,26.41,NA,NA,NA,NA,NA,NA,NA,NA,NA,NA,NA,NA,NA,9.03,73337
AA_0296,2017,0,YVT,Eppendorf,1,35.44,32.84,FALSE,FALSE,FALSE,34.14,0,34.14,34.14,NA,NA,NA,NA,NA,NA,NA,NA,NA,NA,NA,NA,NA,1.06,391
AA_0297,2017,0,YVT,Eppendorf,1,12.05,0,FALSE,TRUE,TRUE,0,0,0,0,NA,NA,NA,NA,NA,NA,NA,NA,NA,NA,NA,NA,NA,6.03,0
AA_0298,2017,0,YVT,Eppendorf,1,0,0,TRUE,TRUE,TRUE,0,0,0,0,NA,NA,NA,NA,NA,NA,NA,NA,NA,NA,NA,NA,NA,0,0
AA_0299,2017,0,YVT,Eppendorf,1,19.71,0,FALSE,TRUE,TRUE,0,0,0,0,NA,NA,NA,NA,NA,NA,NA,NA,NA,NA,NA,NA,NA,9.86,0
AA_0300,2017,0,YVT,Eppendorf,1,0,0,TRUE,TRUE,TRUE,0,0,0,0,NA,NA,NA,NA,NA,NA,NA,NA,NA,NA,NA,NA,NA,0,0
AA_0301,2017,0,YVT,Eppendorf,1,0,0,TRUE,TRUE,TRUE,0,0,0,0,NA,NA,NA,NA,NA,NA,NA,NA,NA,NA,NA,NA,NA,0,0
AA_0303,2017,0,YVT,Eppendorf,1,6.9,0,FALSE,TRUE,TRUE,0,0,0,0,NA,NA,NA,NA,NA,NA,NA,NA,NA,NA,NA,NA,NA,3.45,0
AA_0304,2017,0,YVT,Eppendorf,1,7.97,0,FALSE,TRUE,TRUE,0,0,0,0,NA,NA,NA,NA,NA,NA,NA,NA,NA,NA,NA,NA,NA,3.99,0
AA_0305,2017,0,YVT,Eppendorf,1,7.96,0,FALSE,TRUE,TRUE,0,0,0,0,NA,NA,NA,NA,NA,NA,NA,NA,NA,NA,NA,NA,NA,3.98,0
AA_0306,2017,0,YVT,Eppendorf,1,0,0,TRUE,TRUE,TRUE,0,0,0,0,NA,NA,NA,NA,NA,NA,NA,NA,NA,NA,NA,NA,NA,0,0
AA_0307,2017,0,YVT,Eppendorf,1,8.94,0,FALSE,TRUE,TRUE,0,0,0,0,NA,NA,NA,NA,NA,NA,NA,NA,NA,NA,NA,NA,NA,4.47,0
AA_0308,2017,0,YVT,Eppendorf,1,36.37,35.94,FALSE,FALSE,FALSE,36.15,0,36.15,36.15,NA,NA,NA,NA,NA,NA,NA,NA,NA,NA,NA,NA,NA,0.18,100
AA_0309,2017,0,YVT,Eppendorf,1,0,0,TRUE,TRUE,TRUE,0,0,0,0,NA,NA,NA,NA,NA,NA,NA,NA,NA,NA,NA,NA,NA,0,0
AA_0310,2017,0,YVT,Eppendorf,1,30.54,30.43,TRUE,TRUE,TRUE,30.49,30.49,30.49,30.49,NA,NA,NA,NA,NA,NA,NA,NA,NA,NA,NA,NA,NA,0.04,4628
AA_0311,2017,0,YVT,Eppendorf,1,0,0,TRUE,TRUE,TRUE,0,0,0,0,NA,NA,NA,NA,NA,NA,NA,NA,NA,NA,NA,NA,NA,0,0
AA_0312,2017,0,YVT,Eppendorf,1,36.68,0,TRUE,TRUE,TRUE,0,0,0,0,NA,NA,NA,NA,NA,NA,NA,NA,NA,NA,NA,NA,NA,18.34,0
AA_0313,2017,0,YVT,Eppendorf,1,36.92,38.31,FALSE,FALSE,FALSE,37.62,0,37.62,37.62,NA,NA,NA,NA,NA,NA,NA,NA,NA,NA,NA,NA,NA,0.57,37
AA_0314,2017,0,YVT,Eppendorf,1,7.48,0,FALSE,TRUE,TRUE,0,0,0,0,NA,NA,NA,NA,NA,NA,NA,NA,NA,NA,NA,NA,NA,3.74,0
AA_0315,2017,0,YVT,Eppendorf,1,0,0,TRUE,TRUE,TRUE,0,0,0,0,NA,NA,NA,NA,NA,NA,NA,NA,NA,NA,NA,NA,NA,0,0
AA_0316,2017,0,YVT,Eppendorf,1,30.06,0,TRUE,TRUE,TRUE,0,0,0,0,NA,NA,NA,NA,NA,NA,NA,NA,NA,NA,NA,NA,NA,15.03,0
AA_0317,2017,0,YVT,Eppendorf,1,36.79,34.76,FALSE,FALSE,FALSE,35.78,0,35.78,35.78,NA,NA,NA,NA,NA,NA,NA,NA,NA,NA,NA,NA,NA,0.83,129
AA_0318,2017,0,YVT,Eppendorf,1,32.22,30.39,FALSE,FALSE,FALSE,31.31,0,31.31,31.31,NA,NA,NA,NA,NA,NA,NA,NA,NA,NA,NA,NA,NA,0.75,2656
AA_0319,2017,0,YVT,Eppendorf,1,9.13,0,FALSE,TRUE,TRUE,0,0,0,0,NA,NA,NA,NA,NA,NA,NA,NA,NA,NA,NA,NA,NA,4.57,0
AA_0322,2017,0,YVT,Eppendorf,1,7.5,37.68,FALSE,TRUE,TRUE,22.59,22.59,22.59,22.59,NA,NA,NA,NA,NA,NA,NA,NA,NA,NA,NA,NA,NA,12.32,974580
AA_0323,2017,0,YVT,Eppendorf,1,6.53,0,FALSE,TRUE,TRUE,0,0,0,0,NA,NA,NA,NA,NA,NA,NA,NA,NA,NA,NA,NA,NA,3.27,0
AA_0324,2017,0,YVT,Eppendorf,1,6.19,0,FALSE,TRUE,TRUE,0,0,0,0,NA,NA,NA,NA,NA,NA,NA,NA,NA,NA,NA,NA,NA,3.1,0
AA_0326,2017,0,YVT,Eppendorf,1,31.84,30.76,FALSE,FALSE,FALSE,31.3,0,31.3,31.3,NA,NA,NA,NA,NA,NA,NA,NA,NA,NA,NA,NA,NA,0.44,2674
AA_0327,2017,0,YVT,Eppendorf,1,36.63,36.73,FALSE,FALSE,FALSE,36.68,0,36.68,36.68,NA,NA,NA,NA,NA,NA,NA,NA,NA,NA,NA,NA,NA,0.04,70
AA_0328,2017,0,YVT,Eppendorf,1,0,0,TRUE,TRUE,TRUE,0,0,0,0,NA,NA,NA,NA,NA,NA,NA,NA,NA,NA,NA,NA,NA,0,0
AA_0333,2017,0,YVT,Eppendorf,1,31.44,29.97,FALSE,FALSE,FALSE,30.71,0,30.71,30.71,NA,NA,NA,NA,NA,NA,NA,NA,NA,NA,NA,NA,NA,0.6,3987
AA_0337,2017,0,YVT,Eppendorf,1,29.34,28.29,TRUE,TRUE,TRUE,28.82,28.82,28.82,28.82,NA,NA,NA,NA,NA,NA,NA,NA,NA,NA,NA,NA,NA,0.43,14339
AA_0338,2017,0,YVT,Eppendorf,1,0,0,TRUE,TRUE,TRUE,0,0,0,0,NA,NA,NA,NA,NA,NA,NA,NA,NA,NA,NA,NA,NA,0,0
AA_0339,2017,0,YVT,Eppendorf,1,9.14,0,FALSE,TRUE,TRUE,0,0,0,0,NA,NA,NA,NA,NA,NA,NA,NA,NA,NA,NA,NA,NA,4.57,0
AA_0340,2017,0,YVT,Eppendorf,1,35.71,0,TRUE,TRUE,TRUE,0,0,0,0,NA,NA,NA,NA,NA,NA,NA,NA,NA,NA,NA,NA,NA,17.86,0
AA_0342,2017,0,YVT,Eppendorf,1,11.87,0,FALSE,TRUE,TRUE,0,0,0,0,NA,NA,NA,NA,NA,NA,NA,NA,NA,NA,NA,NA,NA,5.94,0
AA_0343,2017,0,YVT,Eppendorf,1,0,0,TRUE,TRUE,TRUE,0,0,0,0,NA,NA,NA,NA,NA,NA,NA,NA,NA,NA,NA,NA,NA,0,0
AA_0344,2017,0,YVT,Eppendorf,1,37.2,0,TRUE,TRUE,TRUE,0,0,0,0,NA,NA,NA,NA,NA,NA,NA,NA,NA,NA,NA,NA,NA,18.6,0
AA_0345,2017,0,YVT,Eppendorf,1,34.37,32.61,FALSE,FALSE,FALSE,33.49,0,33.49,33.49,NA,NA,NA,NA,NA,NA,NA,NA,NA,NA,NA,NA,NA,0.72,607
AA_0346,2017,0,YVT,Eppendorf,1,0,0,TRUE,TRUE,TRUE,0,0,0,0,NA,NA,NA,NA,NA,NA,NA,NA,NA,NA,NA,NA,NA,0,0
AA_0347,2017,0,YVT,Eppendorf,1,32.04,30.24,FALSE,FALSE,FALSE,31.14,0,31.14,31.14,NA,NA,NA,NA,NA,NA,NA,NA,NA,NA,NA,NA,NA,0.73,2980
AA_0348,2017,0,YVT,Eppendorf,1,36.6,33.73,FALSE,FALSE,FALSE,35.16,0,35.16,35.16,NA,NA,NA,NA,NA,NA,NA,NA,NA,NA,NA,NA,NA,1.17,196
AA_0350,2017,0,YVT,Eppendorf,1,38.33,0,TRUE,TRUE,TRUE,0,0,0,0,NA,NA,NA,NA,NA,NA,NA,NA,NA,NA,NA,NA,NA,19.17,0
AA_0352,2017,0,YVT,Eppendorf,1,29.81,30.55,TRUE,TRUE,TRUE,30.18,30.18,30.18,30.18,NA,NA,NA,NA,NA,NA,NA,NA,NA,NA,NA,NA,NA,0.3,5709
AA_0353,2017,0,YVT,Eppendorf,1,0,0,TRUE,TRUE,TRUE,0,0,0,0,NA,NA,NA,NA,NA,NA,NA,NA,NA,NA,NA,NA,NA,0,0
AA_0354,2017,0,YVT,Eppendorf,1,37.41,37.22,FALSE,FALSE,FALSE,37.31,0,37.31,37.31,NA,NA,NA,NA,NA,NA,NA,NA,NA,NA,NA,NA,NA,0.08,46
AA_0355,2017,0,YVT,Eppendorf,1,0,0,TRUE,TRUE,TRUE,0,0,0,0,NA,NA,NA,NA,NA,NA,NA,NA,NA,NA,NA,NA,NA,0,0
AA_0356,2017,0,YVT,Eppendorf,1,0,0,TRUE,TRUE,TRUE,0,0,0,0,NA,NA,NA,NA,NA,NA,NA,NA,NA,NA,NA,NA,NA,0,0
AA_0357,2017,0,YVT,Eppendorf,1,0,0,TRUE,TRUE,TRUE,0,0,0,0,NA,NA,NA,NA,NA,NA,NA,NA,NA,NA,NA,NA,NA,0,0
AA_0358,2017,0,YVT,Eppendorf,1,0,0,TRUE,TRUE,TRUE,0,0,0,0,NA,NA,NA,NA,NA,NA,NA,NA,NA,NA,NA,NA,NA,0,0
AA_0359,2017,0,YVT,Eppendorf,1,0,0,TRUE,TRUE,TRUE,0,0,0,0,NA,NA,NA,NA,NA,NA,NA,NA,NA,NA,NA,NA,NA,0,0
AA_0360,2017,0,YVT,Eppendorf,1,33.07,32.92,FALSE,FALSE,FALSE,32.99,0,32.99,32.99,NA,NA,NA,NA,NA,NA,NA,NA,NA,NA,NA,NA,NA,0.06,851
AA_0365,2017,0,YVT,Eppendorf,1,0,0,TRUE,TRUE,TRUE,0,0,0,0,NA,NA,NA,NA,NA,NA,NA,NA,NA,NA,NA,NA,NA,0,0
AA_0366,2017,0,YVT,Eppendorf,1,0,0,TRUE,TRUE,TRUE,0,0,0,0,NA,NA,NA,NA,NA,NA,NA,NA,NA,NA,NA,NA,NA,0,0
AA_0367,2017,0,YVT,Eppendorf,1,0,0,TRUE,TRUE,TRUE,0,0,0,0,NA,NA,NA,NA,NA,NA,NA,NA,NA,NA,NA,NA,NA,0,0
AA_0368,2017,0,YVT,Eppendorf,1,35.6,0,TRUE,TRUE,TRUE,35.73,35.73,35.73,35.73,NA,NA,NA,NA,NA,NA,NA,NA,NA,NA,NA,NA,NA,17.84,133
AA_0369,2017,0,YVT,Eppendorf,1,30.42,29.04,TRUE,TRUE,TRUE,29.73,29.73,29.73,29.73,NA,NA,NA,NA,NA,NA,NA,NA,NA,NA,NA,NA,NA,0.56,7742
AA_0370,2017,0,YVT,Eppendorf,1,0,0,TRUE,TRUE,TRUE,0,0,0,0,NA,NA,NA,NA,NA,NA,NA,NA,NA,NA,NA,NA,NA,0,0
AA_0371,2017,0,YVT,Eppendorf,1,33.18,31.57,FALSE,FALSE,FALSE,32.37,0,32.37,32.37,NA,NA,NA,NA,NA,NA,NA,NA,NA,NA,NA,NA,NA,0.66,1295
AA_0372,2017,0,YVT,Eppendorf,1,33.7,32.45,FALSE,FALSE,FALSE,33.07,0,33.07,33.07,NA,NA,NA,NA,NA,NA,NA,NA,NA,NA,NA,NA,NA,0.51,806
AA_0374,2017,0,YVT,Eppendorf,1,32.48,33.02,FALSE,FALSE,FALSE,32.75,0,32.75,32.75,NA,NA,NA,NA,NA,NA,NA,NA,NA,NA,NA,NA,NA,0.22,1002
AA_0375,2017,0,YVT,Eppendorf,1,33.46,31.15,FALSE,FALSE,FALSE,32.3,0,32.3,32.3,NA,NA,NA,NA,NA,NA,NA,NA,NA,NA,NA,NA,NA,0.94,1358
AA_0376,2017,0,YVT,Eppendorf,1,33.34,32.16,FALSE,FALSE,FALSE,32.75,0,32.75,32.75,NA,NA,NA,NA,NA,NA,NA,NA,NA,NA,NA,NA,NA,0.48,1002
AA_0377,2017,0,YVT,Eppendorf,1,0,0,TRUE,TRUE,TRUE,0,0,0,0,NA,NA,NA,NA,NA,NA,NA,NA,NA,NA,NA,NA,NA,0,0
AA_0378,2017,0,YVT,Eppendorf,1,0,0,TRUE,TRUE,TRUE,0,0,0,0,NA,NA,NA,NA,NA,NA,NA,NA,NA,NA,NA,NA,NA,0,0
AA_0379,2017,0,YVT,Eppendorf,1,23.03,0,FALSE,TRUE,TRUE,0,0,0,0,NA,NA,NA,NA,NA,NA,NA,NA,NA,NA,NA,NA,NA,11.52,0
AA_0380,2017,0,YVT,Eppendorf,1,32.74,30.09,FALSE,FALSE,FALSE,31.42,0,31.42,31.42,NA,NA,NA,NA,NA,NA,NA,NA,NA,NA,NA,NA,NA,1.08,2465
AA_0381,2017,0,YVT,Eppendorf,1,0,0,TRUE,TRUE,TRUE,0,0,0,0,NA,NA,NA,NA,NA,NA,NA,NA,NA,NA,NA,NA,NA,0,0
AA_0383,2017,0,YVT,Eppendorf,1,0,0,TRUE,TRUE,TRUE,0,0,0,0,NA,NA,NA,NA,NA,NA,NA,NA,NA,NA,NA,NA,NA,0,0
AA_0384,2017,0,YVT,Eppendorf,1,23.86,0,FALSE,TRUE,TRUE,0,0,0,0,NA,NA,NA,NA,NA,NA,NA,NA,NA,NA,NA,NA,NA,11.93,0
AA_0385,2017,0,YVT,Eppendorf,1,0,0,TRUE,TRUE,TRUE,0,0,0,0,NA,NA,NA,NA,NA,NA,NA,NA,NA,NA,NA,NA,NA,0,0
AA_0387,2017,0,YVT,Eppendorf,1,0,0,TRUE,TRUE,TRUE,0,0,0,0,NA,NA,NA,NA,NA,NA,NA,NA,NA,NA,NA,NA,NA,0,0
AA_0388,2017,0,YVT,Eppendorf,1,35.55,35.89,FALSE,FALSE,FALSE,35.72,0,35.72,35.72,NA,NA,NA,NA,NA,NA,NA,NA,NA,NA,NA,NA,NA,0.14,134
AA_0390,2017,0,YVT,Eppendorf,1,0,0,TRUE,TRUE,TRUE,0,0,0,0,NA,NA,NA,NA,NA,NA,NA,NA,NA,NA,NA,NA,NA,0,0
AA_0392,2017,0,YVT,Eppendorf,1,0,0,TRUE,TRUE,TRUE,0,0,0,0,NA,NA,NA,NA,NA,NA,NA,NA,NA,NA,NA,NA,NA,0,0
AA_0393,2017,0,YVT,Eppendorf,1,34.97,34.87,FALSE,FALSE,FALSE,34.92,0,34.92,34.92,NA,NA,NA,NA,NA,NA,NA,NA,NA,NA,NA,NA,NA,0.04,230
AA_0394,2017,0,YVT,Eppendorf,1,32,32.64,FALSE,FALSE,FALSE,32.32,0,32.32,32.32,NA,NA,NA,NA,NA,NA,NA,NA,NA,NA,NA,NA,NA,0.26,1340
AA_0395,2017,0,YVT,Eppendorf,1,0,0,TRUE,TRUE,TRUE,0,0,0,0,NA,NA,NA,NA,NA,NA,NA,NA,NA,NA,NA,NA,NA,0,0
AA_0397,2017,0,YVT,Eppendorf,1,0,0,TRUE,TRUE,TRUE,0,0,0,0,NA,NA,NA,NA,NA,NA,NA,NA,NA,NA,NA,NA,NA,0,0
AA_0398,2017,0,YVT,Eppendorf,1,0,0,TRUE,TRUE,TRUE,0,0,0,0,NA,NA,NA,NA,NA,NA,NA,NA,NA,NA,NA,NA,NA,0,0
AA_0399,2017,0,YVT,Eppendorf,1,31.7,32.5,FALSE,FALSE,FALSE,32.1,0,32.1,32.1,NA,NA,NA,NA,NA,NA,NA,NA,NA,NA,NA,NA,NA,0.33,1555
AA_0401,2017,0,YVT,Eppendorf,1,31.55,33.43,FALSE,FALSE,FALSE,32.49,0,32.49,32.49,NA,NA,NA,NA,NA,NA,NA,NA,NA,NA,NA,NA,NA,0.77,1194
AA_0402,2017,0,YVT,Eppendorf,1,30.91,32.99,FALSE,FALSE,FALSE,31.95,0,31.95,31.95,NA,NA,NA,NA,NA,NA,NA,NA,NA,NA,NA,NA,NA,0.85,1722
AA_0403,2017,0,YVT,Eppendorf,1,38.29,34.01,FALSE,FALSE,FALSE,36.15,0,36.15,36.15,NA,NA,NA,NA,NA,NA,NA,NA,NA,NA,NA,NA,NA,1.75,100
AA_0404,2017,0,YVT,Eppendorf,1,33.77,0,TRUE,TRUE,TRUE,0,0,0,0,NA,NA,NA,NA,NA,NA,NA,NA,NA,NA,NA,NA,NA,16.89,0
AA_0405,2017,0,YVT,Eppendorf,1,38.23,0,TRUE,TRUE,TRUE,0,0,0,0,NA,NA,NA,NA,NA,NA,NA,NA,NA,NA,NA,NA,NA,19.12,0
AA_0406,2017,0,YVT,Eppendorf,1,0,0,TRUE,TRUE,TRUE,0,0,0,0,NA,NA,NA,NA,NA,NA,NA,NA,NA,NA,NA,NA,NA,0,0
AA_0407,2017,0,YVT,Eppendorf,1,33.05,32.95,FALSE,FALSE,FALSE,33,0,33,33,NA,NA,NA,NA,NA,NA,NA,NA,NA,NA,NA,NA,NA,0.04,846
AA_0408,2017,0,YVT,Eppendorf,1,36.83,33.34,FALSE,FALSE,FALSE,35.08,0,35.08,35.08,NA,NA,NA,NA,NA,NA,NA,NA,NA,NA,NA,NA,NA,1.42,207
AA_0409,2017,0,YVT,Eppendorf,1,33.91,32.35,FALSE,FALSE,FALSE,33.13,0,33.13,33.13,NA,NA,NA,NA,NA,NA,NA,NA,NA,NA,NA,NA,NA,0.64,774
AA_0410,2017,0,YVT,Eppendorf,1,0,0,TRUE,TRUE,TRUE,0,0,0,0,NA,NA,NA,NA,NA,NA,NA,NA,NA,NA,NA,NA,NA,0,0
AA_0413,2017,0,YVT,Eppendorf,1,0,0,TRUE,TRUE,TRUE,0,0,0,0,NA,NA,NA,NA,NA,NA,NA,NA,NA,NA,NA,NA,NA,0,0
AA_0422,2017,0,YVT,Eppendorf,1,0,0,TRUE,TRUE,TRUE,0,0,0,0,NA,NA,NA,NA,NA,NA,NA,NA,NA,NA,NA,NA,NA,0,0
AA_0423,2017,0,YVT,Eppendorf,1,0,0,TRUE,TRUE,TRUE,0,0,0,0,NA,NA,NA,NA,NA,NA,NA,NA,NA,NA,NA,NA,NA,0,0
AA_0424,2017,0,YVT,Eppendorf,1,0,0,TRUE,TRUE,TRUE,0,0,0,0,NA,NA,NA,NA,NA,NA,NA,NA,NA,NA,NA,NA,NA,0,0
AA_0425,2017,0,YVT,Eppendorf,1,0,0,TRUE,TRUE,TRUE,0,0,0,0,NA,NA,NA,NA,NA,NA,NA,NA,NA,NA,NA,NA,NA,0,0
AA_0426,2017,0,YVT,Eppendorf,1,0,0,TRUE,TRUE,TRUE,0,0,0,0,NA,NA,NA,NA,NA,NA,NA,NA,NA,NA,NA,NA,NA,0,0
AA_0427,2017,0,YVT,Eppendorf,1,22.64,0,FALSE,TRUE,TRUE,0,0,0,0,NA,NA,NA,NA,NA,NA,NA,NA,NA,NA,NA,NA,NA,11.32,0
AA_0428,2017,0,YVT,Eppendorf,1,0,0,TRUE,TRUE,TRUE,0,0,0,0,NA,NA,NA,NA,NA,NA,NA,NA,NA,NA,NA,NA,NA,0,0
AA_0429,2017,0,YVT,Eppendorf,1,0,0,TRUE,TRUE,TRUE,0,0,0,0,NA,NA,NA,NA,NA,NA,NA,NA,NA,NA,NA,NA,NA,0,0
AA_0430,2017,0,YVT,Eppendorf,1,0,0,TRUE,TRUE,TRUE,0,0,0,0,NA,NA,NA,NA,NA,NA,NA,NA,NA,NA,NA,NA,NA,0,0
AA_0431,2017,0,YVT,Eppendorf,1,0,0,TRUE,TRUE,TRUE,0,0,0,0,NA,NA,NA,NA,NA,NA,NA,NA,NA,NA,NA,NA,NA,0,0
AA_0432,2017,0,YVT,Eppendorf,1,0,0,TRUE,TRUE,TRUE,0,0,0,0,NA,NA,NA,NA,NA,NA,NA,NA,NA,NA,NA,NA,NA,0,0
AA_0434,2017,0,YVT,Eppendorf,1,17.74,0,FALSE,TRUE,TRUE,0,0,0,0,NA,NA,NA,NA,NA,NA,NA,NA,NA,NA,NA,NA,NA,8.87,0
AA_0435,2017,0,YVT,Eppendorf,1,0,0,TRUE,TRUE,TRUE,0,0,0,0,NA,NA,NA,NA,NA,NA,NA,NA,NA,NA,NA,NA,NA,0,0
AA_0436,2017,0,YVT,Eppendorf,1,0,0,TRUE,TRUE,TRUE,0,0,0,0,NA,NA,NA,NA,NA,NA,NA,NA,NA,NA,NA,NA,NA,0,0
AA_0437,2017,0,YVT,Eppendorf,1,0,0,TRUE,TRUE,TRUE,0,0,0,0,NA,NA,NA,NA,NA,NA,NA,NA,NA,NA,NA,NA,NA,0,0
AA_0438,2017,0,YVT,Eppendorf,1,0,0,TRUE,TRUE,TRUE,0,0,0,0,NA,NA,NA,NA,NA,NA,NA,NA,NA,NA,NA,NA,NA,0,0
AA_0439,2017,0,YVT,Eppendorf,1,0,0,TRUE,TRUE,TRUE,0,0,0,0,NA,NA,NA,NA,NA,NA,NA,NA,NA,NA,NA,NA,NA,0,0
AA_0440,2017,0,YVT,Eppendorf,1,0,0,TRUE,TRUE,TRUE,0,0,0,0,NA,NA,NA,NA,NA,NA,NA,NA,NA,NA,NA,NA,NA,0,0
AA_0441,2017,0,YVT,Eppendorf,1,39.24,0,TRUE,TRUE,TRUE,0,0,0,0,NA,NA,NA,NA,NA,NA,NA,NA,NA,NA,NA,NA,NA,19.62,0
AA_0442,2017,0,YVT,Eppendorf,1,0,0,TRUE,TRUE,TRUE,0,0,0,0,NA,NA,NA,NA,NA,NA,NA,NA,NA,NA,NA,NA,NA,0,0
AA_0444,2017,0,YVT,Eppendorf,1,0,0,TRUE,TRUE,TRUE,0,0,0,0,NA,NA,NA,NA,NA,NA,NA,NA,NA,NA,NA,NA,NA,0,0
AA_0445,2017,0,YVT,Eppendorf,1,31.89,31.12,FALSE,FALSE,FALSE,31.51,0,31.51,31.51,NA,NA,NA,NA,NA,NA,NA,NA,NA,NA,NA,NA,NA,0.31,2319
AA_0446,2017,0,YVT,Eppendorf,1,0,0,TRUE,TRUE,TRUE,0,0,0,0,NA,NA,NA,NA,NA,NA,NA,NA,NA,NA,NA,NA,NA,0,0
AA_0448,2017,0,YVT,Eppendorf,1,0,0,TRUE,TRUE,TRUE,0,0,0,0,NA,NA,NA,NA,NA,NA,NA,NA,NA,NA,NA,NA,NA,0,0
AA_0449,2017,0,YVT,Eppendorf,1,0,0,TRUE,TRUE,TRUE,0,0,0,0,NA,NA,NA,NA,NA,NA,NA,NA,NA,NA,NA,NA,NA,0,0
AA_0450,2017,0,YVT,Eppendorf,1,6.78,0,FALSE,TRUE,TRUE,0,0,0,0,NA,NA,NA,NA,NA,NA,NA,NA,NA,NA,NA,NA,NA,3.39,0
AA_0451,2017,0,YVT,Eppendorf,1,0,0,TRUE,TRUE,TRUE,0,0,0,0,NA,NA,NA,NA,NA,NA,NA,NA,NA,NA,NA,NA,NA,0,0
AA_0452,2017,0,YVT,Eppendorf,1,0,0,TRUE,TRUE,TRUE,0,0,0,0,NA,NA,NA,NA,NA,NA,NA,NA,NA,NA,NA,NA,NA,0,0
AA_0453,2017,0,YVT,Eppendorf,1,0,0,TRUE,TRUE,TRUE,0,0,0,0,NA,NA,NA,NA,NA,NA,NA,NA,NA,NA,NA,NA,NA,0,0
AA_0454,2017,0,YVT,Eppendorf,1,22.44,0,FALSE,TRUE,TRUE,0,0,0,0,NA,NA,NA,NA,NA,NA,NA,NA,NA,NA,NA,NA,NA,11.22,0
AA_0455,2017,0,YVT,Eppendorf,1,0,0,TRUE,TRUE,TRUE,0,0,0,0,NA,NA,NA,NA,NA,NA,NA,NA,NA,NA,NA,NA,NA,0,0
AA_0456,2017,0,YVT,Eppendorf,1,0,0,TRUE,TRUE,TRUE,0,0,0,0,NA,NA,NA,NA,NA,NA,NA,NA,NA,NA,NA,NA,NA,0,0
AA_0457,2017,0,YVT,Eppendorf,1,0,0,TRUE,TRUE,TRUE,0,0,0,0,NA,NA,NA,NA,NA,NA,NA,NA,NA,NA,NA,NA,NA,0,0
AA_0458,2017,0,YVT,Eppendorf,1,33.97,30.6,FALSE,FALSE,FALSE,32.28,0,32.28,32.28,NA,NA,NA,NA,NA,NA,NA,NA,NA,NA,NA,NA,NA,1.38,1377
AA_0459,2017,0,YVT,Eppendorf,1,0,0,TRUE,TRUE,TRUE,0,0,0,0,NA,NA,NA,NA,NA,NA,NA,NA,NA,NA,NA,NA,NA,0,0
AA_0460,2017,0,YVT,Eppendorf,1,0,0,TRUE,TRUE,TRUE,0,0,0,0,NA,NA,NA,NA,NA,NA,NA,NA,NA,NA,NA,NA,NA,0,0
AA_0461,2017,0,YVT,Eppendorf,1,0,0,TRUE,TRUE,TRUE,0,0,0,0,NA,NA,NA,NA,NA,NA,NA,NA,NA,NA,NA,NA,NA,0,0
AA_0462,2017,0,YVT,Eppendorf,1,0,0,TRUE,TRUE,TRUE,0,0,0,0,NA,NA,NA,NA,NA,NA,NA,NA,NA,NA,NA,NA,NA,0,0
AA_0463,2017,0,YVT,Eppendorf,1,0,0,TRUE,TRUE,TRUE,0,0,0,0,NA,NA,NA,NA,NA,NA,NA,NA,NA,NA,NA,NA,NA,0,0
AA_0465,2017,0,YVT,Eppendorf,1,0,0,TRUE,TRUE,TRUE,0,0,0,0,NA,NA,NA,NA,NA,NA,NA,NA,NA,NA,NA,NA,NA,0,0
AA_0466,2017,0,YVT,Eppendorf,1,0,0,TRUE,TRUE,TRUE,0,0,0,0,NA,NA,NA,NA,NA,NA,NA,NA,NA,NA,NA,NA,NA,0,0
AA_0467,2017,0,YVT,Eppendorf,1,0,0,TRUE,TRUE,TRUE,0,0,0,0,NA,NA,NA,NA,NA,NA,NA,NA,NA,NA,NA,NA,NA,0,0
AA_0468,2017,0,YVT,Eppendorf,1,22.98,0,FALSE,TRUE,TRUE,0,0,0,0,NA,NA,NA,NA,NA,NA,NA,NA,NA,NA,NA,NA,NA,11.49,0
AA_0469,2017,0,YVT,Eppendorf,1,0,0,TRUE,TRUE,TRUE,0,0,0,0,NA,NA,NA,NA,NA,NA,NA,NA,NA,NA,NA,NA,NA,0,0
AA_0470,2017,0,YVT,Eppendorf,1,0,0,TRUE,TRUE,TRUE,0,0,0,0,NA,NA,NA,NA,NA,NA,NA,NA,NA,NA,NA,NA,NA,0,0
AA_0471,2017,0,YVT,Eppendorf,1,0,0,TRUE,TRUE,TRUE,0,0,0,0,NA,NA,NA,NA,NA,NA,NA,NA,NA,NA,NA,NA,NA,0,0
AA_0489,2017,0,YVT,Eppendorf,1,0,0,TRUE,TRUE,TRUE,0,0,0,0,NA,NA,NA,NA,NA,NA,NA,NA,NA,NA,NA,NA,NA,0,0
AA_0490,2017,0,YVT,Eppendorf,1,0,0,TRUE,TRUE,TRUE,0,0,0,0,NA,NA,NA,NA,NA,NA,NA,NA,NA,NA,NA,NA,NA,0,0
AA_0491,2017,0,YVT,Eppendorf,1,0,0,TRUE,TRUE,TRUE,0,0,0,0,NA,NA,NA,NA,NA,NA,NA,NA,NA,NA,NA,NA,NA,0,0
AA_0498,2017,0,YVT,Eppendorf,1,30.2,0,TRUE,TRUE,TRUE,0,0,0,0,NA,NA,NA,NA,NA,NA,NA,NA,NA,NA,NA,NA,NA,15.1,0
AA_0499,2017,0,YVT,Eppendorf,1,28.79,0,TRUE,TRUE,TRUE,0,0,0,0,NA,NA,NA,NA,NA,NA,NA,NA,NA,NA,NA,NA,NA,14.4,0
AA_0502,2017,0,YVT,Eppendorf,1,0,0,TRUE,TRUE,TRUE,0,0,0,0,NA,NA,NA,NA,NA,NA,NA,NA,NA,NA,NA,NA,NA,0,0
AA_0506,2017,0,YVT,Eppendorf,1,35.37,0,TRUE,TRUE,TRUE,0,0,0,0,NA,NA,NA,NA,NA,NA,NA,NA,NA,NA,NA,NA,NA,17.69,0
AA_0511,2017,0,YVT,Eppendorf,1,0,0,TRUE,TRUE,TRUE,0,0,0,0,NA,NA,NA,NA,NA,NA,NA,NA,NA,NA,NA,NA,NA,0,0
AA_0512,2017,0,YVT,Eppendorf,1,0,0,TRUE,TRUE,TRUE,0,0,0,0,NA,NA,NA,NA,NA,NA,NA,NA,NA,NA,NA,NA,NA,0,0
AA_0513,2018,0,YVT,Eppendorf,1,0,0,TRUE,TRUE,TRUE,0,0,0,0,NA,NA,NA,NA,NA,NA,NA,NA,NA,NA,NA,NA,NA,0,0
AA_0514,2018,0,YVT,Eppendorf,1,0,0,TRUE,TRUE,TRUE,0,0,0,0,NA,NA,NA,NA,NA,NA,NA,NA,NA,NA,NA,NA,NA,0,0
AA_0515,2018,0,YVT,Eppendorf,1,0,0,TRUE,TRUE,TRUE,0,0,0,0,NA,NA,NA,NA,NA,NA,NA,NA,NA,NA,NA,NA,NA,0,0
AA_0517,2018,0,YVT,Eppendorf,1,0,0,TRUE,TRUE,TRUE,0,0,0,0,NA,NA,NA,NA,NA,NA,NA,NA,NA,NA,NA,NA,NA,0,0
AA_0518,2018,0,YVT,Eppendorf,1,0,0,TRUE,TRUE,TRUE,0,0,0,0,NA,NA,NA,NA,NA,NA,NA,NA,NA,NA,NA,NA,NA,0,0
AA_0519,2018,0,YVT,Eppendorf,1,34.06,33.24,FALSE,FALSE,FALSE,33.65,0,33.65,33.65,NA,NA,NA,NA,NA,NA,NA,NA,NA,NA,NA,NA,NA,0.33,544
AA_0520,2018,0,YVT,Eppendorf,1,0,0,TRUE,TRUE,TRUE,0,0,0,0,NA,NA,NA,NA,NA,NA,NA,NA,NA,NA,NA,NA,NA,0,0
AA_0521,2018,0,YVT,Eppendorf,1,29.61,27.73,TRUE,TRUE,TRUE,28.67,28.67,28.67,28.67,NA,NA,NA,NA,NA,NA,NA,NA,NA,NA,NA,NA,NA,0.77,15872
AA_0522,2018,0,YVT,Eppendorf,1,0,0,TRUE,TRUE,TRUE,0,0,0,0,NA,NA,NA,NA,NA,NA,NA,NA,NA,NA,NA,NA,NA,0,0
AA_0524,2018,0,YVT,Eppendorf,1,0,0,TRUE,TRUE,TRUE,0,0,0,0,NA,NA,NA,NA,NA,NA,NA,NA,NA,NA,NA,NA,NA,0,0
AA_0525,2018,0,YVT,Eppendorf,1,0,0,TRUE,TRUE,TRUE,0,0,0,0,NA,NA,NA,NA,NA,NA,NA,NA,NA,NA,NA,NA,NA,0,0
AA_0526,2018,0,YVT,Eppendorf,1,0,0,TRUE,TRUE,TRUE,0,0,0,0,NA,NA,NA,NA,NA,NA,NA,NA,NA,NA,NA,NA,NA,0,0
AA_0527,2018,0,YVT,Eppendorf,1,0,0,TRUE,TRUE,TRUE,0,0,0,0,NA,NA,NA,NA,NA,NA,NA,NA,NA,NA,NA,NA,NA,0,0
AA_0528,2018,0,YVT,Eppendorf,1,0,0,TRUE,TRUE,TRUE,0,0,0,0,NA,NA,NA,NA,NA,NA,NA,NA,NA,NA,NA,NA,NA,0,0
AA_0529,2018,0,YVT,Eppendorf,1,0,0,TRUE,TRUE,TRUE,0,0,0,0,NA,NA,NA,NA,NA,NA,NA,NA,NA,NA,NA,NA,NA,0,0
AA_0530,2018,0,YVT,Eppendorf,1,0,0,TRUE,TRUE,TRUE,0,0,0,0,NA,NA,NA,NA,NA,NA,NA,NA,NA,NA,NA,NA,NA,0,0
AA_0531,2018,0,YVT,Eppendorf,1,0,0,TRUE,TRUE,TRUE,0,0,0,0,NA,NA,NA,NA,NA,NA,NA,NA,NA,NA,NA,NA,NA,0,0
AA_0532,2018,0,YVT,Eppendorf,1,0,0,TRUE,TRUE,TRUE,0,0,0,0,NA,NA,NA,NA,NA,NA,NA,NA,NA,NA,NA,NA,NA,0,0
AA_0533,2018,0,YVT,Eppendorf,1,0,0,TRUE,TRUE,TRUE,0,0,0,0,NA,NA,NA,NA,NA,NA,NA,NA,NA,NA,NA,NA,NA,0,0
AA_0534,2018,0,YVT,Eppendorf,1,31.71,32.17,FALSE,FALSE,FALSE,31.94,0,31.94,31.94,NA,NA,NA,NA,NA,NA,NA,NA,NA,NA,NA,NA,NA,0.19,1733
AA_0535,2018,0,YVT,Eppendorf,1,38.85,0,TRUE,TRUE,TRUE,0,0,0,0,NA,NA,NA,NA,NA,NA,NA,NA,NA,NA,NA,NA,NA,19.43,0
AA_0536,2018,0,YVT,Eppendorf,1,19.21,0,FALSE,TRUE,TRUE,0,0,0,0,NA,NA,NA,NA,NA,NA,NA,NA,NA,NA,NA,NA,NA,9.61,0
AA_0537,2018,0,YVT,Eppendorf,1,32.4,32.63,FALSE,FALSE,FALSE,32.52,0,32.52,32.52,NA,NA,NA,NA,NA,NA,NA,NA,NA,NA,NA,NA,NA,0.09,1170
AA_0538,2018,0,YVT,Eppendorf,1,0,0,TRUE,TRUE,TRUE,0,0,0,0,NA,NA,NA,NA,NA,NA,NA,NA,NA,NA,NA,NA,NA,0,0
AA_0539,2018,0,YVT,Eppendorf,1,0,0,TRUE,TRUE,TRUE,0,0,0,0,NA,NA,NA,NA,NA,NA,NA,NA,NA,NA,NA,NA,NA,0,0
AA_0540,2018,0,YVT,Eppendorf,1,0,0,TRUE,TRUE,TRUE,0,0,0,0,NA,NA,NA,NA,NA,NA,NA,NA,NA,NA,NA,NA,NA,0,0
AA_0541,2018,0,YVT,Eppendorf,1,0,0,TRUE,TRUE,TRUE,0,0,0,0,NA,NA,NA,NA,NA,NA,NA,NA,NA,NA,NA,NA,NA,0,0
AA_0542,2018,0,YVT,Eppendorf,1,0,0,TRUE,TRUE,TRUE,0,0,0,0,NA,NA,NA,NA,NA,NA,NA,NA,NA,NA,NA,NA,NA,0,0
AA_0543,2018,0,YVT,Eppendorf,1,0,0,TRUE,TRUE,TRUE,0,0,0,0,NA,NA,NA,NA,NA,NA,NA,NA,NA,NA,NA,NA,NA,0,0
AA_0544,2018,0,YVT,Eppendorf,1,0,0,TRUE,TRUE,TRUE,0,0,0,0,NA,NA,NA,NA,NA,NA,NA,NA,NA,NA,NA,NA,NA,0,0
AA_0545,2018,0,YVT,Eppendorf,1,33.85,0,TRUE,TRUE,TRUE,0,0,0,0,NA,NA,NA,NA,NA,NA,NA,NA,NA,NA,NA,NA,NA,16.93,0
AA_0546,2018,0,YVT,Eppendorf,1,30.7,0,TRUE,TRUE,TRUE,0,0,0,0,NA,NA,NA,NA,NA,NA,NA,NA,NA,NA,NA,NA,NA,15.35,0
AA_0547,2018,0,YVT,Eppendorf,1,0,0,TRUE,TRUE,TRUE,0,0,0,0,NA,NA,NA,NA,NA,NA,NA,NA,NA,NA,NA,NA,NA,0,0
AA_0548,2018,0,YVT,Eppendorf,1,34.25,0,TRUE,TRUE,TRUE,0,0,0,0,NA,NA,NA,NA,NA,NA,NA,NA,NA,NA,NA,NA,NA,17.13,0
AA_0549,2018,0,YVT,Eppendorf,1,0,0,TRUE,TRUE,TRUE,0,0,0,0,NA,NA,NA,NA,NA,NA,NA,NA,NA,NA,NA,NA,NA,0,0
AA_0550,2018,0,YVT,Eppendorf,1,0,0,TRUE,TRUE,TRUE,0,0,0,0,NA,NA,NA,NA,NA,NA,NA,NA,NA,NA,NA,NA,NA,0,0
AA_0551,2018,0,YVT,Eppendorf,1,0,0,TRUE,TRUE,TRUE,0,0,0,0,NA,NA,NA,NA,NA,NA,NA,NA,NA,NA,NA,NA,NA,0,0
AA_0552,2018,0,YVT,Eppendorf,1,0,0,TRUE,TRUE,TRUE,0,0,0,0,NA,NA,NA,NA,NA,NA,NA,NA,NA,NA,NA,NA,NA,0,0
AA_0553,2018,0,YVT,Eppendorf,1,34.06,34.88,FALSE,FALSE,FALSE,34.47,0,34.47,34.47,NA,NA,NA,NA,NA,NA,NA,NA,NA,NA,NA,NA,NA,0.33,312
AA_0554,2018,0,YVT,Eppendorf,1,30.65,30.93,TRUE,TRUE,TRUE,30.79,30.79,30.79,30.79,NA,NA,NA,NA,NA,NA,NA,NA,NA,NA,NA,NA,NA,0.11,3777
AA_0556,2018,0,YVT,Eppendorf,1,0,0,TRUE,TRUE,TRUE,0,0,0,0,NA,NA,NA,NA,NA,NA,NA,NA,NA,NA,NA,NA,NA,0,0
AA_0557,2018,0,YVT,Eppendorf,1,33.83,34.25,FALSE,FALSE,FALSE,34.04,0,34.04,34.04,NA,NA,NA,NA,NA,NA,NA,NA,NA,NA,NA,NA,NA,0.17,418
AA_0558,2018,0,YVT,Eppendorf,1,0,0,TRUE,TRUE,TRUE,0,0,0,0,NA,NA,NA,NA,NA,NA,NA,NA,NA,NA,NA,NA,NA,0,0
AA_0559,2018,0,YVT,Eppendorf,1,34.1,35.16,FALSE,FALSE,FALSE,34.63,0,34.63,34.63,NA,NA,NA,NA,NA,NA,NA,NA,NA,NA,NA,NA,NA,0.43,280
AA_0560,2018,0,YVT,Eppendorf,1,0,0,TRUE,TRUE,TRUE,0,0,0,0,NA,NA,NA,NA,NA,NA,NA,NA,NA,NA,NA,NA,NA,0,0
AA_0561,2018,0,YVT,Eppendorf,1,0,0,TRUE,TRUE,TRUE,0,0,0,0,NA,NA,NA,NA,NA,NA,NA,NA,NA,NA,NA,NA,NA,0,0
AA_0562,2018,0,YVT,Eppendorf,1,0,0,TRUE,TRUE,TRUE,0,0,0,0,NA,NA,NA,NA,NA,NA,NA,NA,NA,NA,NA,NA,NA,0,0
AA_0564,2018,0,YVT,Eppendorf,1,0,0,TRUE,TRUE,TRUE,0,0,0,0,NA,NA,NA,NA,NA,NA,NA,NA,NA,NA,NA,NA,NA,0,0
AA_0565,2018,0,YVT,Eppendorf,1,0,0,TRUE,TRUE,TRUE,0,0,0,0,NA,NA,NA,NA,NA,NA,NA,NA,NA,NA,NA,NA,NA,0,0
AA_0566,2018,0,YVT,Eppendorf,1,36.85,0,TRUE,TRUE,TRUE,0,0,0,0,NA,NA,NA,NA,NA,NA,NA,NA,NA,NA,NA,NA,NA,18.43,0
AA_0567,2018,0,YVT,Eppendorf,1,18.89,0,FALSE,TRUE,TRUE,0,0,0,0,NA,NA,NA,NA,NA,NA,NA,NA,NA,NA,NA,NA,NA,9.45,0
AA_0568,2018,0,YVT,Eppendorf,1,0,0,TRUE,TRUE,TRUE,0,0,0,0,NA,NA,NA,NA,NA,NA,NA,NA,NA,NA,NA,NA,NA,0,0
AA_0569,2018,0,YVT,Eppendorf,1,39.43,0,TRUE,TRUE,TRUE,0,0,0,0,NA,NA,NA,NA,NA,NA,NA,NA,NA,NA,NA,NA,NA,19.72,0
AA_0571,2018,0,YVT,Eppendorf,1,30.77,31.15,FALSE,FALSE,FALSE,30.96,0,30.96,30.96,NA,NA,NA,NA,NA,NA,NA,NA,NA,NA,NA,NA,NA,0.16,3366
AA_0572,2018,0,YVT,Eppendorf,1,0,0,TRUE,TRUE,TRUE,0,0,0,0,NA,NA,NA,NA,NA,NA,NA,NA,NA,NA,NA,NA,NA,0,0
AA_0573,2018,0,YVT,Eppendorf,1,0,0,TRUE,TRUE,TRUE,0,0,0,0,NA,NA,NA,NA,NA,NA,NA,NA,NA,NA,NA,NA,NA,0,0
AA_0574,2018,0,YVT,Eppendorf,1,0,0,TRUE,TRUE,TRUE,0,0,0,0,NA,NA,NA,NA,NA,NA,NA,NA,NA,NA,NA,NA,NA,0,0
AA_0575,2018,0,YVT,Eppendorf,1,0,0,TRUE,TRUE,TRUE,0,0,0,0,NA,NA,NA,NA,NA,NA,NA,NA,NA,NA,NA,NA,NA,0,0
AA_0576,2018,0,YVT,Eppendorf,1,0,0,TRUE,TRUE,TRUE,0,0,0,0,NA,NA,NA,NA,NA,NA,NA,NA,NA,NA,NA,NA,NA,0,0
AA_0577,2018,0,YVT,Eppendorf,1,0,0,TRUE,TRUE,TRUE,0,0,0,0,NA,NA,NA,NA,NA,NA,NA,NA,NA,NA,NA,NA,NA,0,0
AA_0578,2018,0,YVT,Eppendorf,1,0,0,TRUE,TRUE,TRUE,0,0,0,0,NA,NA,NA,NA,NA,NA,NA,NA,NA,NA,NA,NA,NA,0,0
AA_0578,2018,0,YVT,Eppendorf,1,29.2,29.3,TRUE,TRUE,TRUE,29.25,29.25,29.25,29.25,NA,NA,NA,NA,NA,NA,NA,NA,NA,NA,NA,NA,NA,0.04,10716
AA_0579,2018,0,YVT,Eppendorf,1,35.47,0,TRUE,TRUE,TRUE,0,0,0,0,NA,NA,NA,NA,NA,NA,NA,NA,NA,NA,NA,NA,NA,17.74,0
AA_0580,2018,0,YVT,Eppendorf,1,34.38,34.05,FALSE,FALSE,FALSE,34.21,0,34.21,34.21,NA,NA,NA,NA,NA,NA,NA,NA,NA,NA,NA,NA,NA,0.13,373
AA_0581,2018,0,YVT,Eppendorf,1,0,0,TRUE,TRUE,TRUE,0,0,0,0,NA,NA,NA,NA,NA,NA,NA,NA,NA,NA,NA,NA,NA,0,0
AA_0582,2018,0,YVT,Eppendorf,1,0,0,TRUE,TRUE,TRUE,0,0,0,0,NA,NA,NA,NA,NA,NA,NA,NA,NA,NA,NA,NA,NA,0,0
AA_0583,2018,0,YVT,Eppendorf,1,0,0,TRUE,TRUE,TRUE,0,0,0,0,NA,NA,NA,NA,NA,NA,NA,NA,NA,NA,NA,NA,NA,0,0
AA_0584,2018,0,YVT,Eppendorf,1,0,0,TRUE,TRUE,TRUE,0,0,0,0,NA,NA,NA,NA,NA,NA,NA,NA,NA,NA,NA,NA,NA,0,0
AA_0585,2018,0,YVT,Eppendorf,1,34.62,34.59,FALSE,FALSE,FALSE,34.6,0,34.6,34.6,NA,NA,NA,NA,NA,NA,NA,NA,NA,NA,NA,NA,NA,0.01,286
AA_0586,2018,0,YVT,Eppendorf,1,0,0,TRUE,TRUE,TRUE,0,0,0,0,NA,NA,NA,NA,NA,NA,NA,NA,NA,NA,NA,NA,NA,0,0
AA_0587,2018,0,YVT,Eppendorf,1,0,0,TRUE,TRUE,TRUE,0,0,0,0,NA,NA,NA,NA,NA,NA,NA,NA,NA,NA,NA,NA,NA,0,0
AA_0588,2018,0,YVT,Eppendorf,1,0,0,TRUE,TRUE,TRUE,0,0,0,0,NA,NA,NA,NA,NA,NA,NA,NA,NA,NA,NA,NA,NA,0,0
AA_0589,2018,0,YVT,Eppendorf,1,32.26,32.55,FALSE,FALSE,FALSE,32.4,0,32.4,32.4,NA,NA,NA,NA,NA,NA,NA,NA,NA,NA,NA,NA,NA,0.12,1269
AA_0590,2018,0,YVT,Eppendorf,1,0,0,TRUE,TRUE,TRUE,0,0,0,0,NA,NA,NA,NA,NA,NA,NA,NA,NA,NA,NA,NA,NA,0,0
AA_0591,2018,0,YVT,Eppendorf,1,0,0,TRUE,TRUE,TRUE,0,0,0,0,NA,NA,NA,NA,NA,NA,NA,NA,NA,NA,NA,NA,NA,0,0
AA_0592,2018,0,YVT,Eppendorf,1,0,0,TRUE,TRUE,TRUE,0,0,0,0,NA,NA,NA,NA,NA,NA,NA,NA,NA,NA,NA,NA,NA,0,0
AA_0593,2018,0,YVT,Eppendorf,1,0,0,TRUE,TRUE,TRUE,0,0,0,0,NA,NA,NA,NA,NA,NA,NA,NA,NA,NA,NA,NA,NA,0,0
AA_0594,2018,0,YVT,Eppendorf,1,0,0,TRUE,TRUE,TRUE,0,0,0,0,NA,NA,NA,NA,NA,NA,NA,NA,NA,NA,NA,NA,NA,0,0
AA_0595,2018,0,YVT,Eppendorf,1,0,0,TRUE,TRUE,TRUE,0,0,0,0,NA,NA,NA,NA,NA,NA,NA,NA,NA,NA,NA,NA,NA,0,0
AA_0596,2018,0,YVT,Eppendorf,1,0,0,TRUE,TRUE,TRUE,0,0,0,0,NA,NA,NA,NA,NA,NA,NA,NA,NA,NA,NA,NA,NA,0,0
AA_0597,2018,0,YVT,Eppendorf,1,22.55,0,FALSE,TRUE,TRUE,0,0,0,0,NA,NA,NA,NA,NA,NA,NA,NA,NA,NA,NA,NA,NA,11.28,0
AA_0598,2018,0,YVT,Eppendorf,1,0,0,TRUE,TRUE,TRUE,0,0,0,0,NA,NA,NA,NA,NA,NA,NA,NA,NA,NA,NA,NA,NA,0,0
AA_0599,2018,0,YVT,Eppendorf,1,0,0,TRUE,TRUE,TRUE,0,0,0,0,NA,NA,NA,NA,NA,NA,NA,NA,NA,NA,NA,NA,NA,0,0
AA_0600,2018,0,YVT,Eppendorf,1,0,0,TRUE,TRUE,TRUE,0,0,0,0,NA,NA,NA,NA,NA,NA,NA,NA,NA,NA,NA,NA,NA,0,0
AA_0601,2018,0,YVT,Eppendorf,1,32.57,34.23,FALSE,FALSE,FALSE,33.4,0,33.4,33.4,NA,NA,NA,NA,NA,NA,NA,NA,NA,NA,NA,NA,NA,0.68,645
AA_0601,2018,0,YVT,Eppendorf,1,33.02,32.66,FALSE,FALSE,FALSE,32.84,0,32.84,32.84,NA,NA,NA,NA,NA,NA,NA,NA,NA,NA,NA,NA,NA,0.15,942
AA_0602,2018,0,YVT,Eppendorf,1,0,0,TRUE,TRUE,TRUE,0,0,0,0,NA,NA,NA,NA,NA,NA,NA,NA,NA,NA,NA,NA,NA,0,0
AA_0603,2018,0,YVT,Eppendorf,1,0,0,TRUE,TRUE,TRUE,0,0,0,0,NA,NA,NA,NA,NA,NA,NA,NA,NA,NA,NA,NA,NA,0,0
AA_0604,2018,0,YVT,Eppendorf,1,0,0,TRUE,TRUE,TRUE,0,0,0,0,NA,NA,NA,NA,NA,NA,NA,NA,NA,NA,NA,NA,NA,0,0
AA_0605,2018,0,YVT,Eppendorf,1,0,0,TRUE,TRUE,TRUE,0,0,0,0,NA,NA,NA,NA,NA,NA,NA,NA,NA,NA,NA,NA,NA,0,0
AA_0606,2018,0,YVT,Eppendorf,1,0,0,TRUE,TRUE,TRUE,0,0,0,0,NA,NA,NA,NA,NA,NA,NA,NA,NA,NA,NA,NA,NA,0,0
AA_0607,2018,0,YVT,Eppendorf,1,0,0,TRUE,TRUE,TRUE,0,0,0,0,NA,NA,NA,NA,NA,NA,NA,NA,NA,NA,NA,NA,NA,0,0
AA_0608,2018,0,YVT,Eppendorf,1,0,0,TRUE,TRUE,TRUE,0,0,0,0,NA,NA,NA,NA,NA,NA,NA,NA,NA,NA,NA,NA,NA,0,0
AA_0609,2018,0,YVT,Eppendorf,1,0,0,TRUE,TRUE,TRUE,0,0,0,0,NA,NA,NA,NA,NA,NA,NA,NA,NA,NA,NA,NA,NA,0,0
AA_0610,2018,0,YVT,Eppendorf,1,0,0,TRUE,TRUE,TRUE,0,0,0,0,NA,NA,NA,NA,NA,NA,NA,NA,NA,NA,NA,NA,NA,0,0
AA_0612,2018,0,YVT,Eppendorf,1,0,0,TRUE,TRUE,TRUE,0,0,0,0,NA,NA,NA,NA,NA,NA,NA,NA,NA,NA,NA,NA,NA,0,0
AA_0613,2018,0,YVT,Eppendorf,1,0,0,TRUE,TRUE,TRUE,0,0,0,0,NA,NA,NA,NA,NA,NA,NA,NA,NA,NA,NA,NA,NA,0,0
AA_0614,2018,0,YVT,Eppendorf,1,19.14,0,FALSE,TRUE,TRUE,0,0,0,0,NA,NA,NA,NA,NA,NA,NA,NA,NA,NA,NA,NA,NA,9.57,0
AA_0615,2018,0,YVT,Eppendorf,1,0,0,TRUE,TRUE,TRUE,0,0,0,0,NA,NA,NA,NA,NA,NA,NA,NA,NA,NA,NA,NA,NA,0,0
AA_0616,2018,0,YVT,Eppendorf,1,0,0,TRUE,TRUE,TRUE,0,0,0,0,NA,NA,NA,NA,NA,NA,NA,NA,NA,NA,NA,NA,NA,0,0
AA_0617,2018,0,YVT,Eppendorf,1,37.09,0,TRUE,TRUE,TRUE,0,0,0,0,NA,NA,NA,NA,NA,NA,NA,NA,NA,NA,NA,NA,NA,18.55,0
AA_0618,2018,0,YVT,Eppendorf,1,5.08,0,FALSE,TRUE,TRUE,0,0,0,0,NA,NA,NA,NA,NA,NA,NA,NA,NA,NA,NA,NA,NA,2.54,0
AA_0619,2018,0,YVT,Eppendorf,1,0,0,TRUE,TRUE,TRUE,0,0,0,0,NA,NA,NA,NA,NA,NA,NA,NA,NA,NA,NA,NA,NA,0,0
AA_0620,2018,0,YVT,Eppendorf,1,0,0,TRUE,TRUE,TRUE,0,0,0,0,NA,NA,NA,NA,NA,NA,NA,NA,NA,NA,NA,NA,NA,0,0
AA_0621,2018,0,YVT,Eppendorf,1,0,0,TRUE,TRUE,TRUE,0,0,0,0,NA,NA,NA,NA,NA,NA,NA,NA,NA,NA,NA,NA,NA,0,0
AA_0622,2018,0,YVT,Eppendorf,1,0,0,TRUE,TRUE,TRUE,0,0,0,0,NA,NA,NA,NA,NA,NA,NA,NA,NA,NA,NA,NA,NA,0,0
AA_0623,2018,0,YVT,Eppendorf,1,0,0,TRUE,TRUE,TRUE,0,0,0,0,NA,NA,NA,NA,NA,NA,NA,NA,NA,NA,NA,NA,NA,0,0
AA_0624,2018,0,YVT,Eppendorf,1,32.94,0,TRUE,TRUE,TRUE,0,0,0,0,NA,NA,NA,NA,NA,NA,NA,NA,NA,NA,NA,NA,NA,16.47,0
AA_0625,2018,0,YVT,Eppendorf,1,0,0,TRUE,TRUE,TRUE,0,0,0,0,NA,NA,NA,NA,NA,NA,NA,NA,NA,NA,NA,NA,NA,0,0
AA_0626,2018,0,YVT,Eppendorf,1,0,0,TRUE,TRUE,TRUE,0,0,0,0,NA,NA,NA,NA,NA,NA,NA,NA,NA,NA,NA,NA,NA,0,0
AA_0627,2018,0,YVT,Eppendorf,1,0,0,TRUE,TRUE,TRUE,0,0,0,0,NA,NA,NA,NA,NA,NA,NA,NA,NA,NA,NA,NA,NA,0,0
AA_0628,2018,0,YVT,Eppendorf,1,0,0,TRUE,TRUE,TRUE,0,0,0,0,NA,NA,NA,NA,NA,NA,NA,NA,NA,NA,NA,NA,NA,0,0
AA_0629,2018,0,YVT,Eppendorf,1,0,0,TRUE,TRUE,TRUE,0,0,0,0,NA,NA,NA,NA,NA,NA,NA,NA,NA,NA,NA,NA,NA,0,0
AA_0630,2018,0,YVT,Eppendorf,1,0,0,TRUE,TRUE,TRUE,0,0,0,0,NA,NA,NA,NA,NA,NA,NA,NA,NA,NA,NA,NA,NA,0,0
AA_0632,2018,0,YVT,Eppendorf,1,0,0,TRUE,TRUE,TRUE,0,0,0,0,NA,NA,NA,NA,NA,NA,NA,NA,NA,NA,NA,NA,NA,0,0
AA_0633,2018,0,YVT,Eppendorf,1,0,0,TRUE,TRUE,TRUE,0,0,0,0,NA,NA,NA,NA,NA,NA,NA,NA,NA,NA,NA,NA,NA,0,0
AA_0634,2018,0,YVT,Eppendorf,1,39.04,0,TRUE,TRUE,TRUE,0,0,0,0,NA,NA,NA,NA,NA,NA,NA,NA,NA,NA,NA,NA,NA,19.52,0
AA_0635,2018,0,YVT,Eppendorf,1,7.61,0,FALSE,TRUE,TRUE,0,0,0,0,NA,NA,NA,NA,NA,NA,NA,NA,NA,NA,NA,NA,NA,3.81,0
AA_0636,2018,0,YVT,Eppendorf,1,0,0,TRUE,TRUE,TRUE,0,0,0,0,NA,NA,NA,NA,NA,NA,NA,NA,NA,NA,NA,NA,NA,0,0
AA_0637,2018,0,YVT,Eppendorf,1,0,0,TRUE,TRUE,TRUE,0,0,0,0,NA,NA,NA,NA,NA,NA,NA,NA,NA,NA,NA,NA,NA,0,0
AA_0638,2018,0,YVT,Eppendorf,1,37.25,0,TRUE,TRUE,TRUE,0,0,0,0,NA,NA,NA,NA,NA,NA,NA,NA,NA,NA,NA,NA,NA,18.63,0
AA_0639,2018,0,YVT,Eppendorf,1,0,0,TRUE,TRUE,TRUE,0,0,0,0,NA,NA,NA,NA,NA,NA,NA,NA,NA,NA,NA,NA,NA,0,0
AA_0640,2018,0,YVT,Eppendorf,1,0,0,TRUE,TRUE,TRUE,0,0,0,0,NA,NA,NA,NA,NA,NA,NA,NA,NA,NA,NA,NA,NA,0,0
AA_0641,2018,0,YVT,Eppendorf,1,0,0,TRUE,TRUE,TRUE,0,0,0,0,NA,NA,NA,NA,NA,NA,NA,NA,NA,NA,NA,NA,NA,0,0
AA_0642,2018,0,YVT,Eppendorf,1,4.23,0,FALSE,TRUE,TRUE,0,0,0,0,NA,NA,NA,NA,NA,NA,NA,NA,NA,NA,NA,NA,NA,2.12,0
AA_0643,2018,0,YVT,Eppendorf,1,0,0,TRUE,TRUE,TRUE,0,0,0,0,NA,NA,NA,NA,NA,NA,NA,NA,NA,NA,NA,NA,NA,0,0
AA_0644,2018,0,YVT,Eppendorf,1,35.61,0,TRUE,TRUE,TRUE,0,0,0,0,NA,NA,NA,NA,NA,NA,NA,NA,NA,NA,NA,NA,NA,17.81,0
AA_0645,2018,0,YVT,Eppendorf,1,0,0,TRUE,TRUE,TRUE,0,0,0,0,NA,NA,NA,NA,NA,NA,NA,NA,NA,NA,NA,NA,NA,0,0
AA_0647,2018,0,YVT,Eppendorf,1,0,0,TRUE,TRUE,TRUE,0,0,0,0,NA,NA,NA,NA,NA,NA,NA,NA,NA,NA,NA,NA,NA,0,0
AA_0648,2018,0,YVT,Eppendorf,1,0,0,TRUE,TRUE,TRUE,0,0,0,0,NA,NA,NA,NA,NA,NA,NA,NA,NA,NA,NA,NA,NA,0,0
AA_0649,2018,0,YVT,Eppendorf,1,0,0,TRUE,TRUE,TRUE,0,0,0,0,NA,NA,NA,NA,NA,NA,NA,NA,NA,NA,NA,NA,NA,0,0
AA_0650,2018,0,YVT,Eppendorf,1,36.56,0,TRUE,TRUE,TRUE,0,0,0,0,NA,NA,NA,NA,NA,NA,NA,NA,NA,NA,NA,NA,NA,18.28,0
AA_0651,2018,0,YVT,Eppendorf,1,0,0,TRUE,TRUE,TRUE,0,0,0,0,NA,NA,NA,NA,NA,NA,NA,NA,NA,NA,NA,NA,NA,0,0
AA_0652,2018,0,YVT,Eppendorf,1,0,0,TRUE,TRUE,TRUE,0,0,0,0,NA,NA,NA,NA,NA,NA,NA,NA,NA,NA,NA,NA,NA,0,0
AA_0653,2018,0,YVT,Eppendorf,1,0,0,TRUE,TRUE,TRUE,0,0,0,0,NA,NA,NA,NA,NA,NA,NA,NA,NA,NA,NA,NA,NA,0,0
AA_0654,2018,0,YVT,Eppendorf,1,0,0,TRUE,TRUE,TRUE,0,0,0,0,NA,NA,NA,NA,NA,NA,NA,NA,NA,NA,NA,NA,NA,0,0
AA_0655,2018,0,YVT,Eppendorf,1,0,0,TRUE,TRUE,TRUE,0,0,0,0,NA,NA,NA,NA,NA,NA,NA,NA,NA,NA,NA,NA,NA,0,0
AA_0656,2018,0,YVT,Eppendorf,1,7.41,0,FALSE,TRUE,TRUE,0,0,0,0,NA,NA,NA,NA,NA,NA,NA,NA,NA,NA,NA,NA,NA,3.71,0
AA_0657,2018,0,YVT,Eppendorf,1,0,0,TRUE,TRUE,TRUE,0,0,0,0,NA,NA,NA,NA,NA,NA,NA,NA,NA,NA,NA,NA,NA,0,0
AA_0658,2018,0,YVT,Eppendorf,1,0,0,TRUE,TRUE,TRUE,0,0,0,0,NA,NA,NA,NA,NA,NA,NA,NA,NA,NA,NA,NA,NA,0,0
AA_0659,2018,0,YVT,Eppendorf,1,0,0,TRUE,TRUE,TRUE,0,0,0,0,NA,NA,NA,NA,NA,NA,NA,NA,NA,NA,NA,NA,NA,0,0
AA_0660,2018,0,YVT,Eppendorf,1,37.79,34.9,FALSE,FALSE,FALSE,36.34,0,36.34,36.34,NA,NA,NA,NA,NA,NA,NA,NA,NA,NA,NA,NA,NA,1.18,88
AA_0661,2018,0,YVT,Eppendorf,1,0,0,TRUE,TRUE,TRUE,0,0,0,0,NA,NA,NA,NA,NA,NA,NA,NA,NA,NA,NA,NA,NA,0,0
AA_0662,2018,0,YVT,Eppendorf,1,0,0,TRUE,TRUE,TRUE,0,0,0,0,NA,NA,NA,NA,NA,NA,NA,NA,NA,NA,NA,NA,NA,0,0
AA_0663,2018,0,YVT,Eppendorf,1,0,0,TRUE,TRUE,TRUE,0,0,0,0,NA,NA,NA,NA,NA,NA,NA,NA,NA,NA,NA,NA,NA,0,0
AA_0664,2018,0,YVT,Eppendorf,1,0,0,TRUE,TRUE,TRUE,0,0,0,0,NA,NA,NA,NA,NA,NA,NA,NA,NA,NA,NA,NA,NA,0,0
AA_0666,2018,0,YVT,Eppendorf,1,29.95,30.08,TRUE,TRUE,TRUE,30.02,30.02,30.02,30.02,NA,NA,NA,NA,NA,NA,NA,NA,NA,NA,NA,NA,NA,0.05,6362
AA_0667,2018,0,YVT,Eppendorf,1,29.39,29.58,TRUE,TRUE,TRUE,29.49,29.49,29.49,29.49,NA,NA,NA,NA,NA,NA,NA,NA,NA,NA,NA,NA,NA,0.08,9109
AA_0668,2018,0,YVT,Eppendorf,1,0,0,TRUE,TRUE,TRUE,0,0,0,0,NA,NA,NA,NA,NA,NA,NA,NA,NA,NA,NA,NA,NA,0,0
AA_0669,2018,0,YVT,Eppendorf,1,32.03,31.52,FALSE,FALSE,FALSE,31.77,0,31.77,31.77,NA,NA,NA,NA,NA,NA,NA,NA,NA,NA,NA,NA,NA,0.21,1945
AA_0670,2018,0,YVT,Eppendorf,1,0,0,TRUE,TRUE,TRUE,0,0,0,0,NA,NA,NA,NA,NA,NA,NA,NA,NA,NA,NA,NA,NA,0,0
AA_0671,2018,0,YVT,Eppendorf,1,0,0,TRUE,TRUE,TRUE,0,0,0,0,NA,NA,NA,NA,NA,NA,NA,NA,NA,NA,NA,NA,NA,0,0
AA_0672,2018,0,YVT,Eppendorf,1,0,0,TRUE,TRUE,TRUE,0,0,0,0,NA,NA,NA,NA,NA,NA,NA,NA,NA,NA,NA,NA,NA,0,0
AA_0673,2018,0,YVT,Eppendorf,1,0,0,TRUE,TRUE,TRUE,0,0,0,0,NA,NA,NA,NA,NA,NA,NA,NA,NA,NA,NA,NA,NA,0,0
AA_0674,2018,0,YVT,Eppendorf,1,0,0,TRUE,TRUE,TRUE,0,0,0,0,NA,NA,NA,NA,NA,NA,NA,NA,NA,NA,NA,NA,NA,0,0
AA_0675,2018,0,YVT,Eppendorf,1,9.02,0,FALSE,TRUE,TRUE,0,0,0,0,NA,NA,NA,NA,NA,NA,NA,NA,NA,NA,NA,NA,NA,4.51,0
AA_0676,2018,0,YVT,Eppendorf,1,0,0,TRUE,TRUE,TRUE,0,0,0,0,NA,NA,NA,NA,NA,NA,NA,NA,NA,NA,NA,NA,NA,0,0
AA_0677,2018,0,YVT,Eppendorf,1,0,0,TRUE,TRUE,TRUE,0,0,0,0,NA,NA,NA,NA,NA,NA,NA,NA,NA,NA,NA,NA,NA,0,0
AA_0678,2018,0,YVT,Eppendorf,1,0,0,TRUE,TRUE,TRUE,0,0,0,0,NA,NA,NA,NA,NA,NA,NA,NA,NA,NA,NA,NA,NA,0,0
AA_0679,2018,0,YVT,Eppendorf,1,33.99,33.82,FALSE,FALSE,FALSE,33.91,0,33.91,33.91,NA,NA,NA,NA,NA,NA,NA,NA,NA,NA,NA,NA,NA,0.07,457
AA_0680,2018,0,YVT,Eppendorf,1,0,0,TRUE,TRUE,TRUE,0,0,0,0,NA,NA,NA,NA,NA,NA,NA,NA,NA,NA,NA,NA,NA,0,0
AA_0681,3/8/2021,1+1,Tes-Tes,7300_RealTimePCR + Quantstudio1,2,NA,NA,NA,NA,TRUE,NA,0,0,NA,0,0,0,NA,0,0,0,0,38.17,0,NA,NA,NA,15.58,0
AA_0682,3/8/2021,1+1,Tes-Tes,7300_RealTimePCR + Quantstudio1,2,NA,NA,NA,NA,TRUE,NA,0,0,NA,0,0,0,NA,0,0,0,0,0,0,NA,NA,NA,0,0
AA_0686,3/8/2021,1+1,Tes-Tes,7300_RealTimePCR + Quantstudio1,2,NA,NA,NA,NA,TRUE,NA,0,0,NA,0,0,0,NA,0,0,0,0,0,0,NA,NA,NA,0,0
AA_0687,3/8/2021,1+1,Tes-Tes,7300_RealTimePCR + Quantstudio1,2,NA,NA,NA,NA,TRUE,NA,0,0,NA,0,0,0,NA,0,0,0,0,0,0,NA,NA,NA,0,0
AA_0690,3/8/2021,1+1,Tes-Tes,7300_RealTimePCR + Quantstudio1,2,NA,NA,NA,NA,TRUE,NA,31.21169417,31.21169417,NA,31.21169417,31.13338834,31.29,NA,31.30812966,30.95656316,31.13547219,31.4,31.09,31.38,NA,NA,NA,0.18,3000
AA_0695,3/8/2021,1+1,Tes-Tes,7300_RealTimePCR + Quantstudio1,2,NA,NA,NA,NA,TRUE,NA,0,0,NA,0,0,0,NA,0,0,0,0,0,0,NA,NA,NA,0,0
AA_0700,3/8/2021,1+1,Tes-Tes,7300_RealTimePCR + Quantstudio1,2,NA,NA,NA,NA,TRUE,NA,0,0,NA,0,0,0,NA,0,0,0,0,36.77,0,NA,NA,NA,15.01,0
AA_0715,3/8/2021,1+1,Tes-Tes,7300_RealTimePCR + Quantstudio1,2,NA,NA,NA,NA,TRUE,NA,0,0,NA,0,0,0,NA,0,0,0,0,0,0,NA,NA,NA,0,0
AA_0722,3/8/2021,1+1,Tes-Tes,7300_RealTimePCR + Quantstudio1,2,NA,NA,NA,NA,TRUE,NA,0,0,NA,0,0,0,NA,0,0,0,0,0,0,NA,NA,NA,0,0
AA_0725,3/8/2021,1+1,Tes-Tes,7300_RealTimePCR + Quantstudio1,2,NA,NA,NA,NA,TRUE,NA,0,0,NA,0,0,0,NA,0,0,0,0,0,0,NA,NA,NA,0,0
AA_0741,3/8/2021,1+1,Tes-Tes,7300_RealTimePCR + Quantstudio1,2,NA,NA,NA,NA,TRUE,NA,0,0,NA,0,0,0,NA,0,0,0,0,0,0,NA,NA,NA,0,0
AA_0745,3/8/2021,1+1,Tes-Tes,7300_RealTimePCR + Quantstudio1,2,NA,NA,NA,NA,TRUE,NA,0,0,NA,0,0,0,NA,0,0,0,0,0,0,NA,NA,NA,0,0
AA_0759,3/8/2021,1+1,Tes-Tes,7300_RealTimePCR + Quantstudio1,2,NA,NA,NA,NA,TRUE,NA,30.55156989,30.55156989,NA,30.55,30.71,30.39,NA,30.77330416,30.70163299,30.66448218,30.34,30.4,30.43,NA,NA,NA,0.18,3987
AA_0769,3/8/2021,1+1,Tes-Tes,7300_RealTimePCR + Quantstudio1,2,NA,NA,NA,NA,TRUE,NA,0,0,NA,0,0,0,NA,0,0,0,0,0,0,NA,NA,NA,0,0
AA_0770,3/8/2021,1+1,Tes-Tes,7300_RealTimePCR + Quantstudio1,2,NA,NA,NA,NA,TRUE,NA,0,0,NA,0,0,0,NA,0,0,0,0,0,0,NA,NA,NA,0,0
AA_0772,3/8/2021,1+1,Tes-Tes,7300_RealTimePCR + Quantstudio1,2,NA,NA,NA,NA,TRUE,NA,0,0,NA,0,0,0,NA,0,37.95971846,0,0,0,0,NA,NA,NA,15.5,0
AA_0789,3/8/2021,1+1,Tes-Tes,7300_RealTimePCR + Quantstudio1,2,NA,NA,NA,NA,TRUE,NA,0,0,NA,0,0,0,NA,0,0,0,0,0,0,NA,NA,NA,0,0
AA_0791,3/8/2021,1+1,Tes-Tes,7300_RealTimePCR + Quantstudio1,2,NA,NA,NA,NA,TRUE,NA,0,0,NA,0,0,0,NA,0,0,0,0,0,0,NA,NA,NA,0,0
AA_0805,3/8/2021,1+1,Tes-Tes,7300_RealTimePCR + Quantstudio1,2,NA,NA,NA,NA,TRUE,NA,29.68846904,29.68846904,NA,29.68846904,29.69693808,29.68,NA,29.75638787,29.61568032,29.71874605,30.62,29.35,29.07,NA,NA,NA,0.52,7901
AA_0808,3/8/2021,1+1,Tes-Tes,7300_RealTimePCR + Quantstudio1,2,NA,NA,NA,NA,TRUE,NA,0,0,NA,0,0,0,NA,0,0,0,0,0,0,NA,NA,NA,0,0
AA_0846,3/8/2021,1+1,Tes-Tes,7300_RealTimePCR + Quantstudio1,2,NA,NA,NA,NA,TRUE,NA,0,0,NA,0,0,0,NA,0,0,0,0,0,0,NA,NA,NA,0,0
AA_0847,3/8/2021,1+1,Tes-Tes,7300_RealTimePCR + Quantstudio1,2,NA,NA,NA,NA,TRUE,NA,0,0,NA,0,0,0,NA,0,0,0,0,0,37.33,NA,NA,NA,15.24,0
AA_0853,3/8/2021,1+1,Tes-Tes,7300_RealTimePCR + Quantstudio1,2,NA,NA,NA,NA,TRUE,NA,0,0,NA,0,0,0,NA,0,0,0,0,0,0,NA,NA,NA,0,0
AA_0696,3/9/2021,2+2,Tes-Tes,7300_RealTimePCR + Quantstudio1,2,NA,NA,NA,NA,TRUE,NA,0,0,NA,0,0,0,NA,0,0,0,0,0,0,NA,NA,NA,0,0
AA_0703,3/9/2021,2+2,Tes-Tes,7300_RealTimePCR + Quantstudio1,2,NA,NA,NA,NA,TRUE,NA,33.74005314,33.74005314,NA,33.74166667,34.23,33.25333333,NA,34.73285706,33.96615912,33.98130265,33.36,33.25,33.15,NA,NA,NA,0.6,368
AA_0704,3/9/2021,2+2+5,Tes-Tes,7300_RealTimePCR + Quantstudio1,2,NA,NA,NA,NA,TRUE,NA,0,0,NA,0,0,0,0,0,0,0,0,0,0,0,0,0,0,0
AA_0710,3/9/2021,4,Tes,Quantstudio1,1,NA,NA,TRUE,TRUE,TRUE,NA,0,0,NA,0,0,NA,NA,0,0,0,NA,NA,NA,NA,NA,NA,0,0
AA_0718,3/9/2021,2+2,Tes-Tes,7300_RealTimePCR + Quantstudio1,2,NA,NA,NA,NA,TRUE,NA,0,0,NA,0,0,0,NA,0,0,0,0,0,0,NA,NA,NA,0,0
AA_0720,3/9/2021,2+2,Tes-Tes,7300_RealTimePCR + Quantstudio1,2,NA,NA,NA,NA,TRUE,NA,0,0,NA,0,0,0,NA,0,0,0,0,0,0,NA,NA,NA,0,0
AA_0735,3/9/2021,2+2,Tes-Tes,7300_RealTimePCR + Quantstudio1,2,NA,NA,NA,NA,TRUE,NA,0,0,NA,0,0,0,NA,0,0,0,0,0,0,NA,NA,NA,0,0
AA_0739,3/9/2021,2+2,Tes-Tes,7300_RealTimePCR + Quantstudio1,2,NA,NA,NA,NA,TRUE,NA,33.70851673,33.70851673,NA,33.71,33.39,34.03,NA,33.02801271,33.84540125,33.28768641,34,34.07,34.02,NA,NA,NA,0.44,649
AA_0740,3/9/2021,2+2,Tes-Tes,7300_RealTimePCR + Quantstudio1,2,NA,NA,NA,NA,TRUE,NA,0,0,NA,0,0,0,NA,0,0,0,0,0,0,NA,NA,NA,0,0
AA_0743,3/9/2021,2+2,Tes-Tes,7300_RealTimePCR + Quantstudio1,2,NA,NA,NA,NA,TRUE,NA,0,0,NA,0,0,0,NA,0,0,0,0,0,0,NA,NA,NA,0,0
AA_0755,3/9/2021,2+2,Tes-Tes,7300_RealTimePCR + Quantstudio1,2,NA,NA,NA,NA,TRUE,NA,33.7757056,33.7757056,NA,33.77666667,34.17,33.38333333,NA,34.04114151,34.678407,33.78468512,33.14,33.71,33.3,NA,NA,NA,0.55,383
AA_0761,3/9/2021,2+2,Tes-Tes,7300_RealTimePCR + Quantstudio1,2,NA,NA,NA,NA,TRUE,NA,0,0,NA,0,0,0,NA,0,0,0,0,0,0,NA,NA,NA,0,0
AA_0764,3/9/2021,2+2,Tes-Tes,7300_RealTimePCR + Quantstudio1,2,NA,NA,NA,NA,TRUE,NA,0,0,NA,0,0,0,NA,0,0,0,0,0,0,NA,NA,NA,0,0
AA_0765,3/9/2021,2+2,Tes-Tes,7300_RealTimePCR + Quantstudio1,2,NA,NA,NA,NA,TRUE,NA,0,0,NA,0,0,0,NA,0,0,0,0,0,0,NA,NA,NA,0,0
AA_0768,3/9/2021,2+2,Tes-Tes,7300_RealTimePCR + Quantstudio1,2,NA,NA,NA,NA,TRUE,NA,0,0,NA,0,0,0,NA,0,0,0,0,0,0,NA,NA,NA,0,0
AA_0774,3/9/2021,2+2,Tes-Tes,7300_RealTimePCR + Quantstudio1,2,NA,NA,NA,NA,TRUE,NA,0,0,NA,0,0,0,NA,0,0,0,0,0,0,NA,NA,NA,0,0
AA_0783,3/9/2021,2+2,Tes-Tes,7300_RealTimePCR + Quantstudio1,2,NA,NA,NA,NA,TRUE,NA,0,0,NA,0,0,0,NA,0,0,0,0,0,0,NA,NA,NA,0,0
AA_0790,3/9/2021,2+2,Tes-Tes,7300_RealTimePCR + Quantstudio1,2,NA,NA,NA,NA,TRUE,NA,0,0,NA,0,0,0,NA,0,0,0,0,0,0,NA,NA,NA,0,0
AA_0804,3/9/2021,2+2,Tes-Tes,7300_RealTimePCR + Quantstudio1,2,NA,NA,NA,NA,TRUE,NA,32.84825069,32.84825069,NA,32.84666667,32.63,33.06333333,NA,32.52446773,32.51602118,32.85901525,33.15,33.06,32.98,NA,NA,NA,0.27,1086
AA_0821,3/9/2021,2+2,Tes-Tes,7300_RealTimePCR + Quantstudio1,2,NA,NA,NA,NA,TRUE,NA,0,0,NA,0,0,0,NA,0,37.96691672,0,0,0,0,NA,NA,NA,15.5,0
AA_0821,3/9/2021,2+2,Tes-Tes,7300_RealTimePCR + Quantstudio1,2,NA,NA,NA,NA,TRUE,NA,0,0,NA,0,0,0,NA,0,0,0,0,0,0,NA,NA,NA,15.5,0
AA_0844,3/9/2021,2+2,Tes-Tes,7300_RealTimePCR + Quantstudio1,2,NA,NA,NA,NA,TRUE,NA,0,0,NA,0,0,0,NA,0,0,0,0,0,39.82,NA,NA,NA,16.26,0
AA_0850,3/9/2021,2+2,Tes-Tes,7300_RealTimePCR + Quantstudio1,2,NA,NA,TRUE,TRUE,TRUE,NA,0,0,NA,0,0,0,NA,0,0,0,0,0,0,NA,NA,NA,0,0
AA_0851,3/9/2021,2+2,Tes-Tes,7300_RealTimePCR + Quantstudio1,2,NA,NA,TRUE,TRUE,TRUE,NA,0,0,NA,0,0,0,NA,0,0,0,0,0,0,NA,NA,NA,0,0
AA_0712,3/10/2021,3,Tes,Quantstudio1,1,NA,NA,TRUE,TRUE,TRUE,NA,0,0,NA,0,0,NA,NA,0,0,0,NA,NA,NA,NA,NA,NA,0,0
AA_0714,3/10/2021,3+5,Tes-Tes,Quantstudio1 + Quantstudio1,2,NA,NA,NA,NA,TRUE,NA,36.4,36.4,NA,36.75569127,36.4,37.11,NA,0,36.77359757,36.0311675,36.85,0,37.368,NA,NA,NA,21.02,85
AA_0723,3/10/2021,3,Tes,Quantstudio1,1,NA,NA,TRUE,TRUE,TRUE,NA,0,0,NA,0,0,NA,NA,0,0,0,NA,NA,NA,NA,NA,NA,0,0
AA_0724,3/10/2021,3,Tes,Quantstudio1,1,NA,NA,TRUE,TRUE,TRUE,NA,0,0,NA,0,0,NA,NA,0,0,0,NA,NA,NA,NA,NA,NA,0,0
AA_0727,3/10/2021,3,Tes,Quantstudio1,1,NA,NA,TRUE,TRUE,TRUE,NA,0,0,NA,0,0,NA,NA,0,0,0,NA,NA,NA,NA,NA,NA,0,0
AA_0729,3/10/2021,3,Tes,Quantstudio1,1,NA,NA,TRUE,TRUE,TRUE,NA,0,0,NA,0,0,NA,NA,0,0,0,NA,NA,NA,NA,NA,NA,0,0
AA_0734,3/10/2021,3,Tes,Quantstudio1,1,NA,NA,TRUE,TRUE,TRUE,NA,0,0,NA,0,0,NA,NA,0,0,0,NA,NA,NA,NA,NA,NA,0,0
AA_0738,3/10/2021,3,Tes,Quantstudio1,1,NA,NA,TRUE,TRUE,TRUE,NA,0,0,NA,0,0,NA,NA,0,0,0,NA,NA,NA,NA,NA,NA,0,0
AA_0742,3/10/2021,3,Tes,Quantstudio1,1,NA,NA,TRUE,TRUE,TRUE,NA,0,0,NA,0,0,NA,NA,0,0,0,NA,NA,NA,NA,NA,NA,0,0
AA_0747,3/10/2021,3,Tes,Quantstudio1,1,NA,NA,TRUE,TRUE,TRUE,NA,0,0,NA,0,0,NA,NA,0,0,0,NA,NA,NA,NA,NA,NA,0,0
AA_0757,3/10/2021,3,Tes,Quantstudio1,1,NA,NA,TRUE,TRUE,TRUE,NA,0,0,NA,0,0,NA,NA,0,0,0,NA,NA,NA,NA,NA,NA,0,0
AA_0760,3/10/2021,3,Tes,Quantstudio1,1,NA,NA,TRUE,TRUE,TRUE,NA,0,0,NA,0,0,NA,NA,0,0,0,NA,NA,NA,NA,NA,NA,0,0
AA_0763,3/10/2021,3,Tes,Quantstudio1,1,NA,NA,TRUE,TRUE,TRUE,NA,0,0,NA,0,0,NA,NA,0,0,0,NA,NA,NA,NA,NA,NA,0,0
AA_0780,3/10/2021,3,Tes,Quantstudio1,1,NA,NA,TRUE,TRUE,TRUE,NA,0,0,NA,0,0,NA,NA,0,0,0,NA,NA,NA,NA,NA,NA,0,0
AA_0794,3/10/2021,3,Tes,Quantstudio1,1,NA,NA,TRUE,TRUE,TRUE,NA,31.16733333,31.16733333,NA,31.17,31.17,NA,NA,30.97,30.934,31.598,NA,NA,NA,NA,NA,NA,0.37,2920
AA_0799,3/10/2021,3,Tes,Quantstudio1,1,NA,NA,TRUE,TRUE,TRUE,NA,0,0,NA,0,0,NA,NA,0,0,0,NA,NA,NA,NA,NA,NA,0,0
AA_0811,3/10/2021,3,Tes,Quantstudio1,1,NA,NA,TRUE,TRUE,TRUE,NA,0,0,NA,0,0,NA,NA,0,0,0,NA,NA,NA,NA,NA,NA,0,0
AA_0837,3/10/2021,3,Tes,Quantstudio1,1,NA,NA,TRUE,TRUE,TRUE,NA,0,0,NA,0,0,NA,NA,0,0,0,NA,NA,NA,NA,NA,NA,0,0
AA_0849,3/10/2021,3,Tes,Quantstudio1,1,NA,NA,NA,NA,TRUE,NA,0,0,NA,0,0,NA,NA,0,0,0,NA,NA,NA,NA,NA,NA,0,0
AA_0852,3/10/2021,3,Tes,Quantstudio1,1,NA,NA,TRUE,TRUE,TRUE,NA,0,0,NA,0,0,NA,NA,0,0,0,NA,NA,NA,NA,NA,NA,0,0
AA_0855,3/10/2021,3,Tes,Quantstudio1,1,NA,NA,TRUE,TRUE,TRUE,NA,0,0,NA,0,0,NA,NA,0,0,0,NA,NA,NA,NA,NA,NA,0,0
AA_0856,3/10/2021,3,Tes,Quantstudio1,1,NA,NA,TRUE,TRUE,TRUE,NA,0,0,NA,0,0,NA,NA,0,0,0,NA,NA,NA,NA,NA,NA,0,0
AA_0857,3/10/2021,3,Tes,Quantstudio1,1,NA,NA,TRUE,TRUE,TRUE,NA,0,0,NA,0,0,NA,NA,0,0,0,NA,NA,NA,NA,NA,NA,0,0
AA_0683,5/27/2021,5+6,Tes-Tes,Quantstudio1 + Quantstudio1,2,NA,NA,NA,NA,TRUE,NA,0,0,NA,0,0,0,NA,0,0,0,0,0,0,NA,NA,NA,0,0
AA_0684,5/27/2021,4,Tes,Quantstudio1,1,NA,NA,TRUE,TRUE,TRUE,NA,0,0,NA,0,0,NA,NA,0,0,0,NA,NA,NA,NA,NA,NA,0,0
AA_0685,5/27/2021,5,Tes,Quantstudio1,1,NA,NA,TRUE,TRUE,TRUE,NA,0,0,NA,0,0,NA,NA,0,0,0,NA,NA,NA,NA,NA,NA,0,0
AA_0688,5/27/2021,4,Tes,Quantstudio1,1,NA,NA,TRUE,TRUE,TRUE,NA,0,0,NA,0,0,NA,NA,0,0,0,NA,NA,NA,NA,NA,NA,0,0
AA_0691,5/27/2021,4,Tes,Quantstudio1,1,NA,NA,TRUE,TRUE,TRUE,NA,0,0,NA,0,0,NA,NA,0,0,0,NA,NA,NA,NA,NA,NA,0,0
AA_0692,5/27/2021,4,Tes,Quantstudio1,1,NA,NA,TRUE,TRUE,TRUE,NA,0,0,NA,0,0,NA,NA,0,0,0,NA,NA,NA,NA,NA,NA,0,0
AA_0693,5/27/2021,5,Tes,Quantstudio1,1,NA,NA,TRUE,TRUE,TRUE,NA,32.81,32.81,NA,32.81,32.81,NA,NA,32.417,33.011,33.008,NA,NA,NA,NA,NA,NA,0.34,962
AA_0694,5/27/2021,5,Tes,Quantstudio1,1,NA,NA,TRUE,TRUE,TRUE,NA,0,0,NA,0,0,NA,NA,0,0,0,NA,NA,NA,NA,NA,NA,0,0
AA_0697,5/27/2021,4,Tes,Quantstudio1,1,NA,NA,TRUE,TRUE,TRUE,NA,0,0,NA,0,0,NA,NA,0,0,0,NA,NA,NA,NA,NA,NA,0,0
AA_0699,5/27/2021,5,Tes,Quantstudio1,1,NA,NA,TRUE,TRUE,TRUE,NA,0,0,NA,0,0,NA,NA,0,0,0,NA,NA,NA,NA,NA,NA,0,0
AA_0701,5/27/2021,5,Tes,Quantstudio1,1,NA,NA,TRUE,TRUE,TRUE,NA,0,0,NA,0,0,NA,NA,0,0,0,NA,NA,NA,NA,NA,NA,0,0
AA_0702,5/27/2021,5,Tes,Quantstudio1,1,NA,NA,TRUE,TRUE,TRUE,NA,0,0,NA,0,0,NA,NA,0,0,0,NA,NA,NA,NA,NA,NA,0,0
AA_0705,5/27/2021,5,Tes,Quantstudio1,1,NA,NA,TRUE,TRUE,TRUE,NA,0,0,NA,0,0,NA,NA,0,0,0,NA,NA,NA,NA,NA,NA,0,0
AA_0706,5/27/2021,4,Tes,Quantstudio1,1,NA,NA,TRUE,TRUE,TRUE,NA,0,0,NA,0,0,NA,NA,0,0,0,NA,NA,NA,NA,NA,NA,0,0
AA_0707,5/27/2021,4,Tes,Quantstudio1,1,NA,NA,TRUE,TRUE,TRUE,NA,0,0,NA,0,0,NA,NA,0,0,0,NA,NA,NA,NA,NA,NA,0,0
AA_0708,5/27/2021,5,Tes,Quantstudio1,1,NA,NA,TRUE,TRUE,TRUE,NA,0,0,NA,0,0,NA,NA,0,0,0,NA,NA,NA,NA,NA,NA,0,0
AA_0709,5/27/2021,2+2,Tes-Tes,7300_RealTimePCR + Quantstudio1,2,NA,NA,NA,NA,TRUE,NA,0,0,NA,0,0,0,NA,0,0,0,0,0,0,NA,NA,NA,0,0
AA_0711,5/27/2021,3,Tes,Quantstudio1,1,NA,NA,TRUE,TRUE,TRUE,NA,0,0,NA,0,0,NA,NA,0,0,0,NA,NA,NA,NA,NA,NA,0,0
AA_0713,5/27/2021,5,Tes,Quantstudio1,1,NA,NA,TRUE,TRUE,TRUE,NA,0,0,NA,0,0,NA,NA,0,0,0,NA,NA,NA,NA,NA,NA,0,0
AA_0716,5/27/2021,5,Tes,Quantstudio1,1,NA,NA,TRUE,TRUE,TRUE,NA,0,0,NA,0,0,NA,NA,0,0,0,NA,NA,NA,NA,NA,NA,0,0
AA_0717,5/27/2021,4,Tes,Quantstudio1,1,NA,NA,TRUE,TRUE,TRUE,NA,0,0,NA,0,0,NA,NA,0,0,0,NA,NA,NA,NA,NA,NA,0,0
AA_0719,5/27/2021,5,Tes,Quantstudio1,1,NA,NA,TRUE,TRUE,TRUE,NA,0,0,NA,0,0,NA,NA,0,0,0,NA,NA,NA,NA,NA,NA,0,0
AA_0721,5/27/2021,4+6,Tes-Tes,Quantstudio1 + Quantstudio1,2,NA,NA,NA,NA,TRUE,NA,0,0,NA,0,0,0,NA,0,35.686,0,0,0,0,NA,NA,NA,20.6,0
AA_0726,5/27/2021,5+6,Tes-Tes,Quantstudio1 + Quantstudio1,2,NA,NA,NA,NA,TRUE,NA,0,0,NA,0,0,0,NA,37.962,0,0,0,0,0,NA,NA,NA,21.92,0
AA_0728,5/27/2021,4,Tes,Quantstudio1,1,NA,NA,TRUE,TRUE,TRUE,NA,0,0,NA,0,0,NA,NA,0,0,0,NA,NA,NA,NA,NA,NA,0,0
AA_0730,5/27/2021,5,Tes,Quantstudio1,1,NA,NA,TRUE,TRUE,TRUE,NA,0,0,NA,0,0,NA,NA,0,0,0,NA,NA,NA,NA,NA,NA,0,0
AA_0731,5/27/2021,5,Tes,Quantstudio1,1,NA,NA,TRUE,TRUE,TRUE,NA,0,0,NA,0,0,NA,NA,0,0,0,NA,NA,NA,NA,NA,NA,0,0
AA_0732,5/27/2021,5,Tes,Quantstudio1,1,NA,NA,TRUE,TRUE,TRUE,NA,0,0,NA,0,0,NA,NA,0,0,0,NA,NA,NA,NA,NA,NA,0,0
AA_0733,5/27/2021,5,Tes,Quantstudio1,1,NA,NA,TRUE,TRUE,TRUE,NA,0,0,NA,0,0,NA,NA,0,0,0,NA,NA,NA,NA,NA,NA,0,0
AA_0736,5/27/2021,5,Tes,Quantstudio1,1,NA,NA,TRUE,TRUE,TRUE,NA,0,0,NA,0,0,NA,NA,0,0,0,NA,NA,NA,NA,NA,NA,0,0
AA_0737,5/27/2021,4+6,Tes-Tes,Quantstudio1 + Quantstudio1,2,NA,NA,NA,NA,TRUE,NA,0,0,NA,0,0,0,NA,34.259,0,0,0,0,0,NA,NA,NA,19.78,0
AA_0744,5/27/2021,5,Tes,Quantstudio1,1,NA,NA,TRUE,TRUE,TRUE,NA,0,0,NA,0,0,NA,NA,0,0,0,NA,NA,NA,NA,NA,NA,0,0
AA_0748,5/27/2021,4,Tes,Quantstudio1,1,NA,NA,TRUE,TRUE,TRUE,NA,0,0,NA,0,0,NA,NA,0,0,0,NA,NA,NA,NA,NA,NA,0,0
AA_0749,5/27/2021,4,Tes,Quantstudio1,1,NA,NA,TRUE,TRUE,TRUE,NA,33.68,33.68,NA,33.68,33.68,NA,NA,34.165,32.311,34.568,NA,NA,NA,NA,NA,NA,1.2,534
AA_0755,5/27/2021,4,Tes,Quantstudio1,1,NA,NA,TRUE,TRUE,TRUE,NA,0,0,NA,0,0,NA,NA,0,0,0,NA,NA,NA,NA,NA,NA,0,0
AA_0756,5/27/2021,4,Tes,Quantstudio1,1,NA,NA,TRUE,TRUE,TRUE,NA,0,0,NA,0,0,NA,NA,0,0,0,NA,NA,NA,NA,NA,NA,0,0
AA_0767,5/27/2021,4,Tes,Quantstudio1,1,NA,NA,TRUE,TRUE,TRUE,NA,0,0,NA,0,0,NA,NA,0,0,0,NA,NA,NA,NA,NA,NA,0,0
AA_0771,5/27/2021,4,Tes,Quantstudio1,1,NA,NA,TRUE,TRUE,TRUE,NA,0,0,NA,0,0,NA,NA,0,0,0,NA,NA,NA,NA,NA,NA,0,0
AA_0773,5/27/2021,4,Tes,Quantstudio1,1,NA,NA,TRUE,TRUE,TRUE,NA,0,0,NA,0,0,NA,NA,0,0,0,NA,NA,NA,NA,NA,NA,0,0
AA_0784,5/27/2021,4,Tes,Quantstudio1,1,NA,NA,TRUE,TRUE,TRUE,NA,0,0,NA,0,0,NA,NA,0,0,0,NA,NA,NA,NA,NA,NA,0,0
AA_0786,5/27/2021,4,Tes,Quantstudio1,1,NA,NA,TRUE,TRUE,TRUE,NA,0,0,NA,0,0,NA,NA,0,0,0,NA,NA,NA,NA,NA,NA,0,0
AA_0788,5/27/2021,5,Tes,Quantstudio1,1,NA,NA,TRUE,TRUE,TRUE,NA,0,0,NA,0,0,NA,NA,0,0,0,NA,NA,NA,NA,NA,NA,0,0
AA_0801,5/27/2021,4,Tes,Quantstudio1,1,NA,NA,TRUE,TRUE,TRUE,NA,0,0,NA,33.59,33.59,NA,NA,33.528,32.932,34.305,NA,NA,NA,NA,NA,NA,0.69,567
AA_0828,5/27/2021,5,Tes,Quantstudio1,1,NA,NA,TRUE,TRUE,TRUE,NA,0,0,NA,0,0,NA,NA,0,0,0,NA,NA,NA,NA,NA,NA,0,0
AA_0830,5/27/2021,5,Tes,Quantstudio1,1,NA,NA,TRUE,TRUE,TRUE,NA,0,0,NA,0,0,NA,NA,0,0,0,NA,NA,NA,NA,NA,NA,0,0
AA_0848,5/27/2021,4,Tes,Quantstudio1,1,NA,NA,NA,NA,TRUE,NA,0,0,NA,0,0,NA,NA,0,0,0,NA,NA,NA,NA,NA,NA,0,0
AA_0746,6/1/2021,6,Tes,Quantstudio1,1,NA,NA,TRUE,TRUE,TRUE,NA,0,0,NA,0,0,NA,NA,0,0,0,NA,NA,NA,NA,NA,NA,0,0
AA_0750,6/1/2021,6,Tes,Quantstudio1,1,NA,NA,TRUE,TRUE,TRUE,NA,32.29,32.29,NA,32.29,32.29,NA,NA,32.28970091,32.13209051,32.45941236,NA,NA,NA,NA,NA,NA,0.16,1368
AA_0752,6/1/2021,6,Tes,Quantstudio1,1,NA,NA,TRUE,TRUE,TRUE,NA,31.95,31.95,NA,31.95,31.95,NA,NA,31.72364445,31.9223838,32.1929885,NA,NA,NA,NA,NA,NA,0.24,1722
AA_0753,6/1/2021,6,Tes,Quantstudio1,1,NA,NA,TRUE,TRUE,TRUE,NA,0,0,NA,0,0,NA,NA,0,0,0,NA,NA,NA,NA,NA,NA,0,0
AA_0754,6/1/2021,6,Tes,Quantstudio1,1,NA,NA,TRUE,TRUE,TRUE,NA,0,0,NA,0,0,NA,NA,0,0,0,NA,NA,NA,NA,NA,NA,0,0
AA_0758,6/1/2021,6,Tes,Quantstudio1,1,NA,NA,TRUE,TRUE,TRUE,NA,0,0,NA,0,0,NA,NA,0,0,0,NA,NA,NA,NA,NA,NA,0,0
AA_0762,6/1/2021,6,Tes,Quantstudio1,1,NA,NA,TRUE,TRUE,TRUE,NA,0,0,NA,0,0,NA,NA,0,0,0,NA,NA,NA,NA,NA,NA,0,0
AA_0766,6/1/2021,6,Tes,Quantstudio1,1,NA,NA,TRUE,TRUE,TRUE,NA,0,0,NA,0,0,NA,NA,0,0,0,NA,NA,NA,NA,NA,NA,0,0
AA_0775,6/1/2021,6,Tes,Quantstudio1,1,NA,NA,TRUE,TRUE,TRUE,NA,0,0,NA,0,0,NA,NA,0,0,0,NA,NA,NA,NA,NA,NA,0,0
AA_0806,6/1/2021,6,Tes,Quantstudio1,1,NA,NA,TRUE,TRUE,TRUE,NA,0,0,NA,0,0,NA,NA,0,0,0,NA,NA,NA,NA,NA,NA,0,0
AA_0807,6/1/2021,6,Tes,Quantstudio1,1,NA,NA,TRUE,TRUE,TRUE,NA,0,0,NA,0,0,NA,NA,0,0,0,NA,NA,NA,NA,NA,NA,0,0
AA_0815,6/1/2021,6,Tes,Quantstudio1,1,NA,NA,TRUE,TRUE,TRUE,NA,0,0,NA,0,0,NA,NA,0,0,0,NA,NA,NA,NA,NA,NA,0,0
AA_0820,6/1/2021,6,Tes,Quantstudio1,1,NA,NA,TRUE,TRUE,TRUE,NA,0,0,NA,0,0,NA,NA,0,0,0,NA,NA,NA,NA,NA,NA,0,0
AA_0823,6/1/2021,6,Tes,Quantstudio1,1,NA,NA,TRUE,TRUE,TRUE,NA,0,0,NA,0,0,NA,NA,0,0,0,NA,NA,NA,NA,NA,NA,0,0
AA_0827,6/1/2021,6,Tes,Quantstudio1,1,NA,NA,TRUE,TRUE,TRUE,NA,0,0,NA,0,0,NA,NA,0,35.90029083,0,NA,NA,NA,NA,NA,NA,20.73,0
AA_0845,6/1/2021,6,Tes,Quantstudio1,1,NA,NA,TRUE,TRUE,TRUE,NA,0,0,NA,0,0,NA,NA,0,0,0,NA,NA,NA,NA,NA,NA,0,0
AA_0854,6/1/2021,6,Tes,Quantstudio1,1,NA,NA,TRUE,TRUE,TRUE,NA,0,0,NA,0,0,NA,NA,0,0,0,NA,NA,NA,NA,NA,NA,0,0
AA_0048,6/18/2021,7,YVT-Tes,Eppendorf + Quantstudio1,2,11.32,8.71,FALSE,FALSE,FALSE,10.015,0,0,10.015,0,0,NA,NA,0,0,0,NA,NA,NA,NA,NA,NA,5.41,0
AA_0059,6/18/2021,7,YVT-Tes,Eppendorf + Quantstudio1,2,8.33,8.36,FALSE,FALSE,FALSE,8.345,0,0,8.345,0,0,NA,NA,0,0,0,NA,NA,NA,NA,NA,NA,4.46,0
AA_0063,6/18/2021,7,YVT-Tes,Eppendorf + Quantstudio1,2,9.39,32.5,FALSE,TRUE,TRUE,20.945,0,0,20.945,0,0,NA,NA,0,0,0,NA,NA,NA,NA,NA,NA,13.85,0
AA_0075,6/18/2021,7,YVT-Tes,Eppendorf + Quantstudio1,2,32.44,6.94,FALSE,FALSE,FALSE,19.69,0,0,19.69,0,0,NA,NA,0,0,0,NA,NA,NA,NA,NA,NA,12.36,0
AA_0077,6/18/2021,7,YVT-Tes,Eppendorf + Quantstudio1,2,8.36,8.99,FALSE,FALSE,FALSE,8.675,0,0,8.675,0,0,NA,NA,0,0,0,NA,NA,NA,NA,NA,NA,4.66,0
AA_0106,6/18/2021,7,YVT-Tes,Eppendorf + Quantstudio1,2,33.23,18.34,TRUE,FALSE,TRUE,33.23,31.95,31.95,25.785,31.30959361,31.30959361,NA,NA,31.00914358,31.77852371,31.14111353,NA,NA,NA,NA,NA,NA,5.41,2656
AA_0108,6/18/2021,7,YVT-Tes,Eppendorf + Quantstudio1,2,9.25,36.88,FALSE,TRUE,TRUE,23.065,0,0,23.065,0,0,NA,NA,0,0,0,NA,NA,NA,NA,NA,NA,15.66,0
AA_0109,6/18/2021,7,YVT-Tes,Eppendorf + Quantstudio1,2,8.45,7.9,FALSE,FALSE,FALSE,8.175,0,0,8.175,0,0,NA,NA,0,0,0,NA,NA,NA,NA,NA,NA,4.35,0
AA_0110,6/18/2021,7,YVT-Tes,Eppendorf + Quantstudio1,2,37.41,7.05,FALSE,FALSE,FALSE,22.23,0,0,22.23,0,0,NA,NA,0,0,0,NA,NA,NA,NA,NA,NA,14.22,0
AA_0111,6/18/2021,7,YVT-Tes,Eppendorf + Quantstudio1,2,8.42,35.76,FALSE,TRUE,TRUE,35.76,36.63559975,36.63559975,22.09,37.5111995,37.5111995,NA,NA,0,0,37.5111995,NA,NA,NA,NA,NA,NA,17.04,40
AA_0112,6/18/2021,7,YVT-Tes,Eppendorf + Quantstudio1,2,17.36,38.1,FALSE,TRUE,TRUE,27.73,0,0,27.73,0,0,NA,NA,0,0,0,NA,NA,NA,NA,NA,NA,16.73,0
AA_0114,6/18/2021,7,YVT-Tes,Eppendorf + Quantstudio1,2,35.31,10.11,FALSE,FALSE,FALSE,22.71,0,0,22.71,0,0,NA,NA,0,0,0,NA,NA,NA,NA,NA,NA,13.62,0
AA_0120,6/18/2021,7,YVT-Tes,Eppendorf + Quantstudio1,2,11.02,38.91,FALSE,TRUE,TRUE,38.91,36.25322791,36.25322791,24.965,35.36763722,35.36763722,NA,NA,36.03231845,35.04052388,35.03006933,NA,NA,NA,NA,NA,NA,10.14,170
AA_0123,6/18/2021,7,YVT-Tes,Eppendorf + Quantstudio1,2,8.7,39.65,FALSE,TRUE,TRUE,24.18,0,0,24.18,0,0,NA,NA,0,0,0,NA,NA,NA,NA,NA,NA,15.71,332035
AA_0144,6/18/2021,7,YVT-Tes,Eppendorf + Quantstudio1,2,28.4,26.12,TRUE,TRUE,TRUE,27.26,26.80370359,26.80370359,27.26,26.49950599,26.49950599,NA,NA,26.95208184,26.51669987,26.02973624,NA,NA,NA,NA,NA,NA,0.81,69000
AA_0159,6/18/2021,7,YVT-Tes,Eppendorf + Quantstudio1,2,21.52,6.04,FALSE,FALSE,FALSE,13.78,0,0,13.78,0,0,NA,NA,0,0,0,NA,NA,NA,NA,NA,NA,8.29,0
AA_0172,6/18/2021,7,YVT-Tes,Eppendorf + Quantstudio1,2,8.12,39.36,FALSE,TRUE,TRUE,39.36,29.48206882,29.48206882,23.74,35.22413764,35.22413764,NA,NA,35.54565305,34.90262224,0,NA,NA,NA,NA,NA,NA,15.96,188
AA_0173,6/18/2021,7,YVT-Tes,Eppendorf + Quantstudio1,2,7.61,36.76,FALSE,TRUE,TRUE,36.76,37.46772839,37.46772839,22.185,38.17545677,38.17545677,NA,NA,38.17545677,0,0,NA,NA,NA,NA,NA,NA,17.56,25
AA_0174,6/18/2021,7,YVT-Tes,Eppendorf + Quantstudio1,2,7.17,12.41,FALSE,FALSE,FALSE,9.79,0,34.87195151,9.79,34.87195151,34.87195151,NA,NA,33.23655452,35.69393396,35.68536605,NA,NA,NA,NA,NA,NA,13.35,238
AA_0176,6/18/2021,7,YVT-Tes,Eppendorf + Quantstudio1,2,7.39,6.62,FALSE,FALSE,FALSE,7.005,0,0,7.005,0,0,NA,NA,0,0,0,NA,NA,NA,NA,NA,NA,3.73,0
AA_0179,6/18/2021,7,YVT-Tes,Eppendorf + Quantstudio1,2,10.5,39.9,FALSE,TRUE,TRUE,25.2,0,0,25.2,0,0,NA,NA,0,0,0,NA,NA,NA,NA,NA,NA,16.96,0
AA_0181,6/18/2021,7,YVT-Tes,Eppendorf + Quantstudio1,2,4.96,10.08,FALSE,FALSE,FALSE,7.52,0,0,7.52,0,0,NA,NA,0,0,0,NA,NA,NA,NA,NA,NA,4.47,0
AA_0185,6/18/2021,7,YVT-Tes,Eppendorf + Quantstudio1,2,15.97,6.29,FALSE,FALSE,FALSE,11.13,0,0,11.13,0,0,NA,NA,0,0,0,NA,NA,NA,NA,NA,NA,6.34,0
AA_0283,6/18/2021,7,YVT-Tes,Eppendorf + Quantstudio1,2,27.1,28.53,FALSE,FALSE,FALSE,27.815,0,34.8612148,27.815,34.8612148,34.8612148,NA,NA,34.47885503,34.48716609,35.61762329,NA,NA,NA,NA,NA,NA,3.76,240
AA_0325,6/18/2021,7,YVT-Tes,Eppendorf + Quantstudio1,2,7.48,37.9,FALSE,TRUE,TRUE,22.69,31.85107122,31.85107122,22.69,31.85107122,31.85107122,NA,NA,31.94857343,32.0054484,31.59919183,NA,NA,NA,NA,NA,NA,9.97,1842
AA_0351,6/18/2021,7,YVT-Tes,Eppendorf + Quantstudio1,2,9.04,39.14,FALSE,TRUE,TRUE,39.14,39.08415505,39.08415505,24.09,39.02831009,39.02831009,NA,NA,0,0,39.02831009,NA,NA,NA,NA,NA,NA,18.33,14
AA_0443,6/18/2021,7,YVT-Tes,Eppendorf + Quantstudio1,2,8.48,37.64,FALSE,TRUE,TRUE,23.06,0,0,23.06,0,0,NA,NA,0,0,0,NA,NA,NA,NA,NA,NA,15.95,0
AA_0523,6/18/2021,7,YVT-Tes,Eppendorf + Quantstudio1,2,26.85,25.53,TRUE,TRUE,TRUE,26.19,25.15809491,25.15809491,26.19,24.47015818,24.47015818,NA,NA,24.57472806,24.64274899,24.19299749,NA,NA,NA,NA,NA,NA,0.97,272830
AA_0570,6/18/2021,7,YVT-Tes,Eppendorf + Quantstudio1,2,36.39,16.76,FALSE,FALSE,FALSE,26.575,0,0,26.575,0,0,NA,NA,0,0,0,NA,NA,NA,NA,NA,NA,14.79,0
AA_0689,6/18/2021,1+1+7,Tes-Tes,7300_RealTimePCR + Quantstudio1 + Quantstudio1,3,NA,NA,NA,NA,TRUE,NA,29.09317423,29.09317423,NA,28.30151986,29.19301514,28.99333333,26.71821112,29.15210342,29.20052851,29.22641348,29.23,29.12,28.63,26.92011675,26.57049609,26.66402053,1.2,59449
AA_0793,6/18/2021,3+7,Tes-Tes,Quantstudio1 + Quantstudio1,2,NA,NA,NA,NA,TRUE,NA,29.23189459,29.23189459,NA,29.23189459,29.44933333,29.01445584,NA,29.865,28.998,29.485,29.36760249,29.27013169,28.40563334,NA,NA,NA,0.49,12608
AA_0047,NA,NA,NA,NA,NA,NA,NA,NA,NA,NA,NA,NA,NA,NA,NA,NA,NA,NA,NA,NA,NA,NA,NA,NA,NA,NA,NA,NA,NA
AA_0064,NA,NA,NA,NA,NA,NA,NA,NA,NA,NA,NA,NA,NA,NA,NA,NA,NA,NA,NA,NA,NA,NA,NA,NA,NA,NA,NA,NA,NA
AA_0066,NA,NA,NA,NA,NA,NA,NA,NA,NA,NA,NA,NA,NA,NA,NA,NA,NA,NA,NA,NA,NA,NA,NA,NA,NA,NA,NA,NA,NA
AA_0068,NA,NA,NA,NA,NA,NA,NA,NA,NA,NA,NA,NA,NA,NA,NA,NA,NA,NA,NA,NA,NA,NA,NA,NA,NA,NA,NA,NA,NA
AA_0069,NA,NA,NA,NA,NA,NA,NA,NA,NA,NA,NA,NA,NA,NA,NA,NA,NA,NA,NA,NA,NA,NA,NA,NA,NA,NA,NA,NA,NA
AA_0070,NA,NA,NA,NA,NA,NA,NA,NA,NA,NA,NA,NA,NA,NA,NA,NA,NA,NA,NA,NA,NA,NA,NA,NA,NA,NA,NA,NA,NA
AA_0080,NA,NA,NA,NA,NA,NA,NA,NA,NA,NA,NA,NA,NA,NA,NA,NA,NA,NA,NA,NA,NA,NA,NA,NA,NA,NA,NA,NA,NA
AA_0100,NA,NA,NA,NA,NA,NA,NA,NA,NA,NA,NA,NA,NA,NA,NA,NA,NA,NA,NA,NA,NA,NA,NA,NA,NA,NA,NA,NA,NA
AA_0116,NA,NA,NA,NA,NA,NA,NA,NA,NA,NA,NA,NA,NA,NA,NA,NA,NA,NA,NA,NA,NA,NA,NA,NA,NA,NA,NA,NA,NA
AA_0139,NA,NA,NA,NA,NA,NA,NA,NA,NA,NA,NA,NA,NA,NA,NA,NA,NA,NA,NA,NA,NA,NA,NA,NA,NA,NA,NA,NA,NA
AA_0140,NA,NA,NA,NA,NA,NA,NA,NA,NA,NA,NA,NA,NA,NA,NA,NA,NA,NA,NA,NA,NA,NA,NA,NA,NA,NA,NA,NA,NA
AA_0204,NA,NA,NA,NA,NA,NA,NA,NA,NA,NA,NA,NA,NA,NA,NA,NA,NA,NA,NA,NA,NA,NA,NA,NA,NA,NA,NA,NA,NA
AA_0212,NA,NA,NA,NA,NA,NA,NA,NA,NA,NA,NA,NA,NA,NA,NA,NA,NA,NA,NA,NA,NA,NA,NA,NA,NA,NA,NA,NA,NA
AA_0213,NA,NA,NA,NA,NA,NA,NA,NA,NA,NA,NA,NA,NA,NA,NA,NA,NA,NA,NA,NA,NA,NA,NA,NA,NA,NA,NA,NA,NA
AA_0214,NA,NA,NA,NA,NA,NA,NA,NA,NA,NA,NA,NA,NA,NA,NA,NA,NA,NA,NA,NA,NA,NA,NA,NA,NA,NA,NA,NA,NA
AA_0215,NA,NA,NA,NA,NA,NA,NA,NA,NA,NA,NA,NA,NA,NA,NA,NA,NA,NA,NA,NA,NA,NA,NA,NA,NA,NA,NA,NA,NA
AA_0216,NA,NA,NA,NA,NA,NA,NA,NA,NA,NA,NA,NA,NA,NA,NA,NA,NA,NA,NA,NA,NA,NA,NA,NA,NA,NA,NA,NA,NA
AA_0217,NA,NA,NA,NA,NA,NA,NA,NA,NA,NA,NA,NA,NA,NA,NA,NA,NA,NA,NA,NA,NA,NA,NA,NA,NA,NA,NA,NA,NA
AA_0218,NA,NA,NA,NA,NA,NA,NA,NA,NA,NA,NA,NA,NA,NA,NA,NA,NA,NA,NA,NA,NA,NA,NA,NA,NA,NA,NA,NA,NA
AA_0219,NA,NA,NA,NA,NA,NA,NA,NA,NA,NA,NA,NA,NA,NA,NA,NA,NA,NA,NA,NA,NA,NA,NA,NA,NA,NA,NA,NA,NA
AA_0220,NA,NA,NA,NA,NA,NA,NA,NA,NA,NA,NA,NA,NA,NA,NA,NA,NA,NA,NA,NA,NA,NA,NA,NA,NA,NA,NA,NA,NA
AA_0221,NA,NA,NA,NA,NA,NA,NA,NA,NA,NA,NA,NA,NA,NA,NA,NA,NA,NA,NA,NA,NA,NA,NA,NA,NA,NA,NA,NA,NA
AA_0222,NA,NA,NA,NA,NA,NA,NA,NA,NA,NA,NA,NA,NA,NA,NA,NA,NA,NA,NA,NA,NA,NA,NA,NA,NA,NA,NA,NA,NA
AA_0223,NA,NA,NA,NA,NA,NA,NA,NA,NA,NA,NA,NA,NA,NA,NA,NA,NA,NA,NA,NA,NA,NA,NA,NA,NA,NA,NA,NA,NA
AA_0224,NA,NA,NA,NA,NA,NA,NA,NA,NA,NA,NA,NA,NA,NA,NA,NA,NA,NA,NA,NA,NA,NA,NA,NA,NA,NA,NA,NA,NA
AA_0225,NA,NA,NA,NA,NA,NA,NA,NA,NA,NA,NA,NA,NA,NA,NA,NA,NA,NA,NA,NA,NA,NA,NA,NA,NA,NA,NA,NA,NA
AA_0226,NA,NA,NA,NA,NA,NA,NA,NA,NA,NA,NA,NA,NA,NA,NA,NA,NA,NA,NA,NA,NA,NA,NA,NA,NA,NA,NA,NA,NA
AA_0227,NA,NA,NA,NA,NA,NA,NA,NA,NA,NA,NA,NA,NA,NA,NA,NA,NA,NA,NA,NA,NA,NA,NA,NA,NA,NA,NA,NA,NA
AA_0228,NA,NA,NA,NA,NA,NA,NA,NA,NA,NA,NA,NA,NA,NA,NA,NA,NA,NA,NA,NA,NA,NA,NA,NA,NA,NA,NA,NA,NA
AA_0229,NA,NA,NA,NA,NA,NA,NA,NA,NA,NA,NA,NA,NA,NA,NA,NA,NA,NA,NA,NA,NA,NA,NA,NA,NA,NA,NA,NA,NA
AA_0230,NA,NA,NA,NA,NA,NA,NA,NA,NA,NA,NA,NA,NA,NA,NA,NA,NA,NA,NA,NA,NA,NA,NA,NA,NA,NA,NA,NA,NA
AA_0231,NA,NA,NA,NA,NA,NA,NA,NA,NA,NA,NA,NA,NA,NA,NA,NA,NA,NA,NA,NA,NA,NA,NA,NA,NA,NA,NA,NA,NA
AA_0232,NA,NA,NA,NA,NA,NA,NA,NA,NA,NA,NA,NA,NA,NA,NA,NA,NA,NA,NA,NA,NA,NA,NA,NA,NA,NA,NA,NA,NA
AA_0233,NA,NA,NA,NA,NA,NA,NA,NA,NA,NA,NA,NA,NA,NA,NA,NA,NA,NA,NA,NA,NA,NA,NA,NA,NA,NA,NA,NA,NA
AA_0234,NA,NA,NA,NA,NA,NA,NA,NA,NA,NA,NA,NA,NA,NA,NA,NA,NA,NA,NA,NA,NA,NA,NA,NA,NA,NA,NA,NA,NA
AA_0235,NA,NA,NA,NA,NA,NA,NA,NA,NA,NA,NA,NA,NA,NA,NA,NA,NA,NA,NA,NA,NA,NA,NA,NA,NA,NA,NA,NA,NA
AA_0236,NA,NA,NA,NA,NA,NA,NA,NA,NA,NA,NA,NA,NA,NA,NA,NA,NA,NA,NA,NA,NA,NA,NA,NA,NA,NA,NA,NA,NA
AA_0242,NA,NA,NA,NA,NA,NA,NA,NA,NA,NA,NA,NA,NA,NA,NA,NA,NA,NA,NA,NA,NA,NA,NA,NA,NA,NA,NA,NA,NA
AA_0245,NA,NA,NA,NA,NA,NA,NA,NA,NA,NA,NA,NA,NA,NA,NA,NA,NA,NA,NA,NA,NA,NA,NA,NA,NA,NA,NA,NA,NA
AA_0253,NA,NA,NA,NA,NA,NA,NA,NA,NA,NA,NA,NA,NA,NA,NA,NA,NA,NA,NA,NA,NA,NA,NA,NA,NA,NA,NA,NA,NA
AA_0254,NA,NA,NA,NA,NA,NA,NA,NA,NA,NA,NA,NA,NA,NA,NA,NA,NA,NA,NA,NA,NA,NA,NA,NA,NA,NA,NA,NA,NA
AA_0262,NA,NA,NA,NA,NA,NA,NA,NA,NA,NA,NA,NA,NA,NA,NA,NA,NA,NA,NA,NA,NA,NA,NA,NA,NA,NA,NA,NA,NA
AA_0267,NA,NA,NA,NA,NA,NA,NA,NA,NA,NA,NA,NA,NA,NA,NA,NA,NA,NA,NA,NA,NA,NA,NA,NA,NA,NA,NA,NA,NA
AA_0287,NA,NA,NA,NA,NA,NA,NA,NA,NA,NA,NA,NA,NA,NA,NA,NA,NA,NA,NA,NA,NA,NA,NA,NA,NA,NA,NA,NA,NA
AA_0293,NA,NA,NA,NA,NA,NA,NA,NA,NA,NA,NA,NA,NA,NA,NA,NA,NA,NA,NA,NA,NA,NA,NA,NA,NA,NA,NA,NA,NA
AA_0294,NA,NA,NA,NA,NA,NA,NA,NA,NA,NA,NA,NA,NA,NA,NA,NA,NA,NA,NA,NA,NA,NA,NA,NA,NA,NA,NA,NA,NA
AA_0302,NA,NA,NA,NA,NA,NA,NA,NA,NA,NA,NA,NA,NA,NA,NA,NA,NA,NA,NA,NA,NA,NA,NA,NA,NA,NA,NA,NA,NA
AA_0304_E1,NA,NA,NA,NA,NA,NA,NA,NA,NA,NA,NA,NA,NA,NA,NA,NA,NA,NA,NA,NA,NA,NA,NA,NA,NA,NA,NA,NA,NA
AA_0304_E2,NA,NA,NA,NA,NA,NA,NA,NA,NA,NA,NA,NA,NA,NA,NA,NA,NA,NA,NA,NA,NA,NA,NA,NA,NA,NA,NA,NA,NA
AA_0320,NA,NA,NA,NA,NA,NA,NA,NA,NA,NA,NA,NA,NA,NA,NA,NA,NA,NA,NA,NA,NA,NA,NA,NA,NA,NA,NA,NA,NA
AA_0321,NA,NA,NA,NA,NA,NA,NA,NA,NA,NA,NA,NA,NA,NA,NA,NA,NA,NA,NA,NA,NA,NA,NA,NA,NA,NA,NA,NA,NA
AA_0329,NA,NA,NA,NA,NA,NA,NA,NA,NA,NA,NA,NA,NA,NA,NA,NA,NA,NA,NA,NA,NA,NA,NA,NA,NA,NA,NA,NA,NA
AA_0330,NA,NA,NA,NA,NA,NA,NA,NA,NA,NA,NA,NA,NA,NA,NA,NA,NA,NA,NA,NA,NA,NA,NA,NA,NA,NA,NA,NA,NA
AA_0331,NA,NA,NA,NA,NA,NA,NA,NA,NA,NA,NA,NA,NA,NA,NA,NA,NA,NA,NA,NA,NA,NA,NA,NA,NA,NA,NA,NA,NA
AA_0332,NA,NA,NA,NA,NA,NA,NA,NA,NA,NA,NA,NA,NA,NA,NA,NA,NA,NA,NA,NA,NA,NA,NA,NA,NA,NA,NA,NA,NA
AA_0334,NA,NA,NA,NA,NA,NA,NA,NA,NA,NA,NA,NA,NA,NA,NA,NA,NA,NA,NA,NA,NA,NA,NA,NA,NA,NA,NA,NA,NA
AA_0335,NA,NA,NA,NA,NA,NA,NA,NA,NA,NA,NA,NA,NA,NA,NA,NA,NA,NA,NA,NA,NA,NA,NA,NA,NA,NA,NA,NA,NA
AA_0336,NA,NA,NA,NA,NA,NA,NA,NA,NA,NA,NA,NA,NA,NA,NA,NA,NA,NA,NA,NA,NA,NA,NA,NA,NA,NA,NA,NA,NA
AA_0341,NA,NA,NA,NA,NA,NA,NA,NA,NA,NA,NA,NA,NA,NA,NA,NA,NA,NA,NA,NA,NA,NA,NA,NA,NA,NA,NA,NA,NA
AA_0349,NA,NA,NA,NA,NA,NA,NA,NA,NA,NA,NA,NA,NA,NA,NA,NA,NA,NA,NA,NA,NA,NA,NA,NA,NA,NA,NA,NA,NA
AA_0361,NA,NA,NA,NA,NA,NA,NA,NA,NA,NA,NA,NA,NA,NA,NA,NA,NA,NA,NA,NA,NA,NA,NA,NA,NA,NA,NA,NA,NA
AA_0362,NA,NA,NA,NA,NA,NA,NA,NA,NA,NA,NA,NA,NA,NA,NA,NA,NA,NA,NA,NA,NA,NA,NA,NA,NA,NA,NA,NA,NA
AA_0363,NA,NA,NA,NA,NA,NA,NA,NA,NA,NA,NA,NA,NA,NA,NA,NA,NA,NA,NA,NA,NA,NA,NA,NA,NA,NA,NA,NA,NA
AA_0364,NA,NA,NA,NA,NA,NA,NA,NA,NA,NA,NA,NA,NA,NA,NA,NA,NA,NA,NA,NA,NA,NA,NA,NA,NA,NA,NA,NA,NA
AA_0373,NA,NA,NA,NA,NA,NA,NA,NA,NA,NA,NA,NA,NA,NA,NA,NA,NA,NA,NA,NA,NA,NA,NA,NA,NA,NA,NA,NA,NA
AA_0382,NA,NA,NA,NA,NA,NA,NA,NA,NA,NA,NA,NA,NA,NA,NA,NA,NA,NA,NA,NA,NA,NA,NA,NA,NA,NA,NA,NA,NA
AA_0386,NA,NA,NA,NA,NA,NA,NA,NA,NA,NA,NA,NA,NA,NA,NA,NA,NA,NA,NA,NA,NA,NA,NA,NA,NA,NA,NA,NA,NA
AA_0389,NA,NA,NA,NA,NA,NA,NA,NA,NA,NA,NA,NA,NA,NA,NA,NA,NA,NA,NA,NA,NA,NA,NA,NA,NA,NA,NA,NA,NA
AA_0391,NA,NA,NA,NA,NA,NA,NA,NA,NA,NA,NA,NA,NA,NA,NA,NA,NA,NA,NA,NA,NA,NA,NA,NA,NA,NA,NA,NA,NA
AA_0396,NA,NA,NA,NA,NA,NA,NA,NA,NA,NA,NA,NA,NA,NA,NA,NA,NA,NA,NA,NA,NA,NA,NA,NA,NA,NA,NA,NA,NA
AA_0400,NA,NA,NA,NA,NA,NA,NA,NA,NA,NA,NA,NA,NA,NA,NA,NA,NA,NA,NA,NA,NA,NA,NA,NA,NA,NA,NA,NA,NA
AA_0411,NA,NA,NA,NA,NA,NA,NA,NA,NA,NA,NA,NA,NA,NA,NA,NA,NA,NA,NA,NA,NA,NA,NA,NA,NA,NA,NA,NA,NA
AA_0412,NA,NA,NA,NA,NA,NA,NA,NA,NA,NA,NA,NA,NA,NA,NA,NA,NA,NA,NA,NA,NA,NA,NA,NA,NA,NA,NA,NA,NA
AA_0414,NA,NA,NA,NA,NA,NA,NA,NA,NA,NA,NA,NA,NA,NA,NA,NA,NA,NA,NA,NA,NA,NA,NA,NA,NA,NA,NA,NA,NA
AA_0415,NA,NA,NA,NA,NA,NA,NA,NA,NA,NA,NA,NA,NA,NA,NA,NA,NA,NA,NA,NA,NA,NA,NA,NA,NA,NA,NA,NA,NA
AA_0416,NA,NA,NA,NA,NA,NA,NA,NA,NA,NA,NA,NA,NA,NA,NA,NA,NA,NA,NA,NA,NA,NA,NA,NA,NA,NA,NA,NA,NA
AA_0417,NA,NA,NA,NA,NA,NA,NA,NA,NA,NA,NA,NA,NA,NA,NA,NA,NA,NA,NA,NA,NA,NA,NA,NA,NA,NA,NA,NA,NA
AA_0418,NA,NA,NA,NA,NA,NA,NA,NA,NA,NA,NA,NA,NA,NA,NA,NA,NA,NA,NA,NA,NA,NA,NA,NA,NA,NA,NA,NA,NA
AA_0419,NA,NA,NA,NA,NA,NA,NA,NA,NA,NA,NA,NA,NA,NA,NA,NA,NA,NA,NA,NA,NA,NA,NA,NA,NA,NA,NA,NA,NA
AA_0420,NA,NA,NA,NA,NA,NA,NA,NA,NA,NA,NA,NA,NA,NA,NA,NA,NA,NA,NA,NA,NA,NA,NA,NA,NA,NA,NA,NA,NA
AA_0421,NA,NA,NA,NA,NA,NA,NA,NA,NA,NA,NA,NA,NA,NA,NA,NA,NA,NA,NA,NA,NA,NA,NA,NA,NA,NA,NA,NA,NA
AA_0433,NA,NA,NA,NA,NA,NA,NA,NA,NA,NA,NA,NA,NA,NA,NA,NA,NA,NA,NA,NA,NA,NA,NA,NA,NA,NA,NA,NA,NA
AA_0447,NA,NA,NA,NA,NA,NA,NA,NA,NA,NA,NA,NA,NA,NA,NA,NA,NA,NA,NA,NA,NA,NA,NA,NA,NA,NA,NA,NA,NA
AA_0464,NA,NA,NA,NA,NA,NA,NA,NA,NA,NA,NA,NA,NA,NA,NA,NA,NA,NA,NA,NA,NA,NA,NA,NA,NA,NA,NA,NA,NA
AA_0472,NA,NA,NA,NA,NA,NA,NA,NA,NA,NA,NA,NA,NA,NA,NA,NA,NA,NA,NA,NA,NA,NA,NA,NA,NA,NA,NA,NA,NA
AA_0473,NA,NA,NA,NA,NA,NA,NA,NA,NA,NA,NA,NA,NA,NA,NA,NA,NA,NA,NA,NA,NA,NA,NA,NA,NA,NA,NA,NA,NA
AA_0474,NA,NA,NA,NA,NA,NA,NA,NA,NA,NA,NA,NA,NA,NA,NA,NA,NA,NA,NA,NA,NA,NA,NA,NA,NA,NA,NA,NA,NA
AA_0475,NA,NA,NA,NA,NA,NA,NA,NA,NA,NA,NA,NA,NA,NA,NA,NA,NA,NA,NA,NA,NA,NA,NA,NA,NA,NA,NA,NA,NA
AA_0476,NA,NA,NA,NA,NA,NA,NA,NA,NA,NA,NA,NA,NA,NA,NA,NA,NA,NA,NA,NA,NA,NA,NA,NA,NA,NA,NA,NA,NA
AA_0477,NA,NA,NA,NA,NA,NA,NA,NA,NA,NA,NA,NA,NA,NA,NA,NA,NA,NA,NA,NA,NA,NA,NA,NA,NA,NA,NA,NA,NA
AA_0478,NA,NA,NA,NA,NA,NA,NA,NA,NA,NA,NA,NA,NA,NA,NA,NA,NA,NA,NA,NA,NA,NA,NA,NA,NA,NA,NA,NA,NA
AA_0479,NA,NA,NA,NA,NA,NA,NA,NA,NA,NA,NA,NA,NA,NA,NA,NA,NA,NA,NA,NA,NA,NA,NA,NA,NA,NA,NA,NA,NA
AA_0480,NA,NA,NA,NA,NA,NA,NA,NA,NA,NA,NA,NA,NA,NA,NA,NA,NA,NA,NA,NA,NA,NA,NA,NA,NA,NA,NA,NA,NA
AA_0481,NA,NA,NA,NA,NA,NA,NA,NA,NA,NA,NA,NA,NA,NA,NA,NA,NA,NA,NA,NA,NA,NA,NA,NA,NA,NA,NA,NA,NA
AA_0482,NA,NA,NA,NA,NA,NA,NA,NA,NA,NA,NA,NA,NA,NA,NA,NA,NA,NA,NA,NA,NA,NA,NA,NA,NA,NA,NA,NA,NA
AA_0483,NA,NA,NA,NA,NA,NA,NA,NA,NA,NA,NA,NA,NA,NA,NA,NA,NA,NA,NA,NA,NA,NA,NA,NA,NA,NA,NA,NA,NA
AA_0484,NA,NA,NA,NA,NA,NA,NA,NA,NA,NA,NA,NA,NA,NA,NA,NA,NA,NA,NA,NA,NA,NA,NA,NA,NA,NA,NA,NA,NA
AA_0485,NA,NA,NA,NA,NA,NA,NA,NA,NA,NA,NA,NA,NA,NA,NA,NA,NA,NA,NA,NA,NA,NA,NA,NA,NA,NA,NA,NA,NA
AA_0486,NA,NA,NA,NA,NA,NA,NA,NA,NA,NA,NA,NA,NA,NA,NA,NA,NA,NA,NA,NA,NA,NA,NA,NA,NA,NA,NA,NA,NA
AA_0487,NA,NA,NA,NA,NA,NA,NA,NA,NA,NA,NA,NA,NA,NA,NA,NA,NA,NA,NA,NA,NA,NA,NA,NA,NA,NA,NA,NA,NA
AA_0488,NA,NA,NA,NA,NA,NA,NA,NA,NA,NA,NA,NA,NA,NA,NA,NA,NA,NA,NA,NA,NA,NA,NA,NA,NA,NA,NA,NA,NA
AA_0492,NA,NA,NA,NA,NA,NA,NA,NA,NA,NA,NA,NA,NA,NA,NA,NA,NA,NA,NA,NA,NA,NA,NA,NA,NA,NA,NA,NA,NA
AA_0493,NA,NA,NA,NA,NA,NA,NA,NA,NA,NA,NA,NA,NA,NA,NA,NA,NA,NA,NA,NA,NA,NA,NA,NA,NA,NA,NA,NA,NA
AA_0494,NA,NA,NA,NA,NA,NA,NA,NA,NA,NA,NA,NA,NA,NA,NA,NA,NA,NA,NA,NA,NA,NA,NA,NA,NA,NA,NA,NA,NA
AA_0495,NA,NA,NA,NA,NA,NA,NA,NA,NA,NA,NA,NA,NA,NA,NA,NA,NA,NA,NA,NA,NA,NA,NA,NA,NA,NA,NA,NA,NA
AA_0496,NA,NA,NA,NA,NA,NA,NA,NA,NA,NA,NA,NA,NA,NA,NA,NA,NA,NA,NA,NA,NA,NA,NA,NA,NA,NA,NA,NA,NA
AA_0497,NA,NA,NA,NA,NA,NA,NA,NA,NA,NA,NA,NA,NA,NA,NA,NA,NA,NA,NA,NA,NA,NA,NA,NA,NA,NA,NA,NA,NA
AA_0500,NA,NA,NA,NA,NA,NA,NA,NA,NA,NA,NA,NA,NA,NA,NA,NA,NA,NA,NA,NA,NA,NA,NA,NA,NA,NA,NA,NA,NA
AA_0501,NA,NA,NA,NA,NA,NA,NA,NA,NA,NA,NA,NA,NA,NA,NA,NA,NA,NA,NA,NA,NA,NA,NA,NA,NA,NA,NA,NA,NA
AA_0503,NA,NA,NA,NA,NA,NA,NA,NA,NA,NA,NA,NA,NA,NA,NA,NA,NA,NA,NA,NA,NA,NA,NA,NA,NA,NA,NA,NA,NA
AA_0504,NA,NA,NA,NA,NA,NA,NA,NA,NA,NA,NA,NA,NA,NA,NA,NA,NA,NA,NA,NA,NA,NA,NA,NA,NA,NA,NA,NA,NA
AA_0505,NA,NA,NA,NA,NA,NA,NA,NA,NA,NA,NA,NA,NA,NA,NA,NA,NA,NA,NA,NA,NA,NA,NA,NA,NA,NA,NA,NA,NA
AA_0507,NA,NA,NA,NA,NA,NA,NA,NA,NA,NA,NA,NA,NA,NA,NA,NA,NA,NA,NA,NA,NA,NA,NA,NA,NA,NA,NA,NA,NA
AA_0508,NA,NA,NA,NA,NA,NA,NA,NA,NA,NA,NA,NA,NA,NA,NA,NA,NA,NA,NA,NA,NA,NA,NA,NA,NA,NA,NA,NA,NA
AA_0509,NA,NA,NA,NA,NA,NA,NA,NA,NA,NA,NA,NA,NA,NA,NA,NA,NA,NA,NA,NA,NA,NA,NA,NA,NA,NA,NA,NA,NA
AA_0510,NA,NA,NA,NA,NA,NA,NA,NA,NA,NA,NA,NA,NA,NA,NA,NA,NA,NA,NA,NA,NA,NA,NA,NA,NA,NA,NA,NA,NA
AA_0516,NA,NA,NA,NA,NA,NA,NA,NA,NA,NA,NA,NA,NA,NA,NA,NA,NA,NA,NA,NA,NA,NA,NA,NA,NA,NA,NA,NA,NA
AA_0555,NA,NA,NA,NA,NA,NA,NA,NA,NA,NA,NA,NA,NA,NA,NA,NA,NA,NA,NA,NA,NA,NA,NA,NA,NA,NA,NA,NA,NA
AA_0563,NA,NA,NA,NA,NA,NA,NA,NA,NA,NA,NA,NA,NA,NA,NA,NA,NA,NA,NA,NA,NA,NA,NA,NA,NA,NA,NA,NA,NA
AA_0609_E1,NA,NA,NA,NA,NA,NA,NA,NA,NA,NA,NA,NA,NA,NA,NA,NA,NA,NA,NA,NA,NA,NA,NA,NA,NA,NA,NA,NA,NA
AA_0609_E2,NA,NA,NA,NA,NA,NA,NA,NA,NA,NA,NA,NA,NA,NA,NA,NA,NA,NA,NA,NA,NA,NA,NA,NA,NA,NA,NA,NA,NA
AA_0609_E3,NA,NA,NA,NA,NA,NA,NA,NA,NA,NA,NA,NA,NA,NA,NA,NA,NA,NA,NA,NA,NA,NA,NA,NA,NA,NA,NA,NA,NA
AA_0611,NA,NA,NA,NA,NA,NA,NA,NA,NA,NA,NA,NA,NA,NA,NA,NA,NA,NA,NA,NA,NA,NA,NA,NA,NA,NA,NA,NA,NA
AA_0631,NA,NA,NA,NA,NA,NA,NA,NA,NA,NA,NA,NA,NA,NA,NA,NA,NA,NA,NA,NA,NA,NA,NA,NA,NA,NA,NA,NA,NA
AA_0646,NA,NA,NA,NA,NA,NA,NA,NA,NA,NA,NA,NA,NA,NA,NA,NA,NA,NA,NA,NA,NA,NA,NA,NA,NA,NA,NA,NA,NA
AA_0665,NA,NA,NA,NA,NA,NA,NA,NA,NA,NA,NA,NA,NA,NA,NA,NA,NA,NA,NA,NA,NA,NA,NA,NA,NA,NA,NA,NA,NA
AA_0698,NA,NA,NA,NA,NA,NA,NA,NA,NA,NA,NA,NA,NA,NA,NA,NA,NA,NA,NA,NA,NA,NA,NA,NA,NA,NA,NA,NA,NA
AA_0751,NA,NA,NA,NA,NA,NA,NA,NA,NA,NA,NA,NA,NA,NA,NA,NA,NA,NA,NA,NA,NA,NA,NA,NA,NA,NA,NA,NA,NA
AA_0776,NA,NA,NA,NA,NA,NA,NA,NA,NA,NA,NA,NA,NA,NA,NA,NA,NA,NA,NA,NA,NA,NA,NA,NA,NA,NA,NA,NA,NA
AA_0777,NA,NA,NA,NA,NA,NA,NA,NA,NA,NA,NA,NA,NA,NA,NA,NA,NA,NA,NA,NA,NA,NA,NA,NA,NA,NA,NA,NA,NA
AA_0778,NA,NA,NA,NA,NA,NA,NA,NA,NA,NA,NA,NA,NA,NA,NA,NA,NA,NA,NA,NA,NA,NA,NA,NA,NA,NA,NA,NA,NA
AA_0779,NA,NA,NA,NA,NA,NA,NA,NA,NA,NA,NA,NA,NA,NA,NA,NA,NA,NA,NA,NA,NA,NA,NA,NA,NA,NA,NA,NA,NA
AA_0781,NA,NA,NA,NA,NA,NA,NA,NA,NA,NA,NA,NA,NA,NA,NA,NA,NA,NA,NA,NA,NA,NA,NA,NA,NA,NA,NA,NA,NA
AA_0782,NA,NA,NA,NA,NA,NA,NA,NA,NA,NA,NA,NA,NA,NA,NA,NA,NA,NA,NA,NA,NA,NA,NA,NA,NA,NA,NA,NA,NA
AA_0785,NA,NA,NA,NA,NA,NA,NA,NA,NA,NA,NA,NA,NA,NA,NA,NA,NA,NA,NA,NA,NA,NA,NA,NA,NA,NA,NA,NA,NA
AA_0787,NA,NA,NA,NA,NA,NA,NA,NA,NA,NA,NA,NA,NA,NA,NA,NA,NA,NA,NA,NA,NA,NA,NA,NA,NA,NA,NA,NA,NA
AA_0792,NA,NA,NA,NA,NA,NA,NA,NA,NA,NA,NA,NA,NA,NA,NA,NA,NA,NA,NA,NA,NA,NA,NA,NA,NA,NA,NA,NA,NA
AA_0795,NA,NA,NA,NA,NA,NA,NA,NA,NA,NA,NA,NA,NA,NA,NA,NA,NA,NA,NA,NA,NA,NA,NA,NA,NA,NA,NA,NA,NA
AA_0796,NA,NA,NA,NA,NA,NA,NA,NA,NA,NA,NA,NA,NA,NA,NA,NA,NA,NA,NA,NA,NA,NA,NA,NA,NA,NA,NA,NA,NA
AA_0797,NA,NA,NA,NA,NA,NA,NA,NA,NA,NA,NA,NA,NA,NA,NA,NA,NA,NA,NA,NA,NA,NA,NA,NA,NA,NA,NA,NA,NA
AA_0798,NA,NA,NA,NA,NA,NA,NA,NA,NA,NA,NA,NA,NA,NA,NA,NA,NA,NA,NA,NA,NA,NA,NA,NA,NA,NA,NA,NA,NA
AA_0800,NA,NA,NA,NA,NA,NA,NA,NA,NA,NA,NA,NA,NA,NA,NA,NA,NA,NA,NA,NA,NA,NA,NA,NA,NA,NA,NA,NA,NA
AA_0802,NA,NA,NA,NA,NA,NA,NA,NA,NA,NA,NA,NA,NA,NA,NA,NA,NA,NA,NA,NA,NA,NA,NA,NA,NA,NA,NA,NA,NA
AA_0803,NA,NA,NA,NA,NA,NA,NA,NA,NA,NA,NA,NA,NA,NA,NA,NA,NA,NA,NA,NA,NA,NA,NA,NA,NA,NA,NA,NA,NA
AA_0809,NA,NA,NA,NA,NA,NA,NA,NA,NA,NA,NA,NA,NA,NA,NA,NA,NA,NA,NA,NA,NA,NA,NA,NA,NA,NA,NA,NA,NA
AA_0810,NA,NA,NA,NA,NA,NA,NA,NA,NA,NA,NA,NA,NA,NA,NA,NA,NA,NA,NA,NA,NA,NA,NA,NA,NA,NA,NA,NA,NA
AA_0812,NA,NA,NA,NA,NA,NA,NA,NA,NA,NA,NA,NA,NA,NA,NA,NA,NA,NA,NA,NA,NA,NA,NA,NA,NA,NA,NA,NA,NA
AA_0813,NA,NA,NA,NA,NA,NA,NA,NA,NA,NA,NA,NA,NA,NA,NA,NA,NA,NA,NA,NA,NA,NA,NA,NA,NA,NA,NA,NA,NA
AA_0814,NA,NA,NA,NA,NA,NA,NA,NA,NA,NA,NA,NA,NA,NA,NA,NA,NA,NA,NA,NA,NA,NA,NA,NA,NA,NA,NA,NA,NA
AA_0816,NA,NA,NA,NA,NA,NA,NA,NA,NA,NA,NA,NA,NA,NA,NA,NA,NA,NA,NA,NA,NA,NA,NA,NA,NA,NA,NA,NA,NA
AA_0817,NA,NA,NA,NA,NA,NA,NA,NA,NA,NA,NA,NA,NA,NA,NA,NA,NA,NA,NA,NA,NA,NA,NA,NA,NA,NA,NA,NA,NA
AA_0818,NA,NA,NA,NA,NA,NA,NA,NA,NA,NA,NA,NA,NA,NA,NA,NA,NA,NA,NA,NA,NA,NA,NA,NA,NA,NA,NA,NA,NA
AA_0819,NA,NA,NA,NA,NA,NA,NA,NA,NA,NA,NA,NA,NA,NA,NA,NA,NA,NA,NA,NA,NA,NA,NA,NA,NA,NA,NA,NA,NA
AA_0822,NA,NA,NA,NA,NA,NA,NA,NA,NA,NA,NA,NA,NA,NA,NA,NA,NA,NA,NA,NA,NA,NA,NA,NA,NA,NA,NA,NA,NA
AA_0824,NA,NA,NA,NA,NA,NA,NA,NA,NA,NA,NA,NA,NA,NA,NA,NA,NA,NA,NA,NA,NA,NA,NA,NA,NA,NA,NA,NA,NA
AA_0825,NA,NA,NA,NA,NA,NA,NA,NA,NA,NA,NA,NA,NA,NA,NA,NA,NA,NA,NA,NA,NA,NA,NA,NA,NA,NA,NA,NA,NA
AA_0826,NA,NA,NA,NA,NA,NA,NA,NA,NA,NA,NA,NA,NA,NA,NA,NA,NA,NA,NA,NA,NA,NA,NA,NA,NA,NA,NA,NA,NA
AA_0829,NA,NA,NA,NA,NA,NA,NA,NA,NA,NA,NA,NA,NA,NA,NA,NA,NA,NA,NA,NA,NA,NA,NA,NA,NA,NA,NA,NA,NA
AA_0831,NA,NA,NA,NA,NA,NA,NA,NA,NA,NA,NA,NA,NA,NA,NA,NA,NA,NA,NA,NA,NA,NA,NA,NA,NA,NA,NA,NA,NA
AA_0832,NA,NA,NA,NA,NA,NA,NA,NA,NA,NA,NA,NA,NA,NA,NA,NA,NA,NA,NA,NA,NA,NA,NA,NA,NA,NA,NA,NA,NA
AA_0833,NA,NA,NA,NA,NA,NA,NA,NA,NA,NA,NA,NA,NA,NA,NA,NA,NA,NA,NA,NA,NA,NA,NA,NA,NA,NA,NA,NA,NA
AA_0834,NA,NA,NA,NA,NA,NA,NA,NA,NA,NA,NA,NA,NA,NA,NA,NA,NA,NA,NA,NA,NA,NA,NA,NA,NA,NA,NA,NA,NA
AA_0835,NA,NA,NA,NA,NA,NA,NA,NA,NA,NA,NA,NA,NA,NA,NA,NA,NA,NA,NA,NA,NA,NA,NA,NA,NA,NA,NA,NA,NA
AA_0836,NA,NA,NA,NA,NA,NA,NA,NA,NA,NA,NA,NA,NA,NA,NA,NA,NA,NA,NA,NA,NA,NA,NA,NA,NA,NA,NA,NA,NA
AA_0838,NA,NA,NA,NA,NA,NA,NA,NA,NA,NA,NA,NA,NA,NA,NA,NA,NA,NA,NA,NA,NA,NA,NA,NA,NA,NA,NA,NA,NA
AA_0839,NA,NA,NA,NA,NA,NA,NA,NA,NA,NA,NA,NA,NA,NA,NA,NA,NA,NA,NA,NA,NA,NA,NA,NA,NA,NA,NA,NA,NA
AA_0840,NA,NA,NA,NA,NA,NA,NA,NA,NA,NA,NA,NA,NA,NA,NA,NA,NA,NA,NA,NA,NA,NA,NA,NA,NA,NA,NA,NA,NA
AA_0841,NA,NA,NA,NA,NA,NA,NA,NA,NA,NA,NA,NA,NA,NA,NA,NA,NA,NA,NA,NA,NA,NA,NA,NA,NA,NA,NA,NA,NA
AA_0842,NA,NA,NA,NA,NA,NA,NA,NA,NA,NA,NA,NA,NA,NA,NA,NA,NA,NA,NA,NA,NA,NA,NA,NA,NA,NA,NA,NA,NA
AA_0843,NA,NA,NA,NA,NA,NA,NA,NA,NA,NA,NA,NA,NA,NA,NA,NA,NA,NA,NA,NA,NA,NA,NA,NA,NA,NA,NA,NA,NA