Gene / Gene Family,Primer Pair,Target Gene ID (Reference Sequence UGA55),Locus Direction,Chr,Size including Primers,Primer Length,Min binding position in genome,Max binding position in genome,Sequence,GC (%),Tm (°C),Hairpin Tm (°C),Self-Dimer Tm (°C),Pair Dimer Tm (°C),"Pair binds to
 1...tyz 
 2...tyz+par
 3...tyz+par+hom 
 4...tyz+hom",Exon,Target (nt),Identical Sites (nt),Nucleotide Pairwise Identity (%),SNPs Outside ORF (nt),SNPs in ORF (nt),Synonymous SNPs (nt),Non- Synonymous SNPs (nt),Indels in ORF Sum (nt),Indels outside ORF Sum (nt),Insertion in ORF Sum (nt),Deletions in ORF Sum (nt),Insertions outside ORF Sum (nt),Deletions outside ORF sum (nt),Insertions in ORF (nt),Deletions in ORF (nt),Insertions outside ORF (nt),Deletions outside ORF (nt),NNNNN (unknown nt),# aa amplified,Identical Sites with parvum (aa),Amino Acid Pairwise Identity (%),aa inserted,aa deleted,aa inserted sum,aa deleted sum,aa changes sum,X = aa exchanges,B = D/N exchange,J = I/L exchange,Z = E/Q exchange,"??? 
(unknown aa)",Basic Tm (°C),Salt Adjusted Tm (°C),Nearest Neighbor Tm (°C),"Single Base Runs
Pass",Dinucleotide Base Runs Pass,"Length 
Pass","GC (%) 
Pass","Tm Nearest Neighbor
Pass","GC - Clamp
Pass","Self Annealing
Pass","Hairpin formation 
Pass"
GP60,GP60-a1,CTYZ_00001283,Rev,6,283,20,"254,790","254,809",TGGCGTCCTGATTCAACGTA,50,59.4,-,11.4,-,1,1,244,233,95.5,3,7,2,5,,1,,,,1,,,,1 x 1,,50,45,90.0,,,,,5,5,,,,,52,47,64.39,T,T,T,T,FALSE,T,T,T
GP60,GP60-a1,CTYZ_00001283,Rev,6,283,20,"255,053","255,072",ACCGGCTCAAATAGTGGCTC,55,60.1,34.5,-,-,1,1,244,233,95.5,3,7,2,5,,1,,,,1,,,,1 x 1,,50,45,90.0,,,,,5,5,,,,,54,49,64.81,T,T,T,T,FALSE,FALSE,FALSE,FALSE
GP60,GP60-a2,CTYZ_00001283,Rev,6,296,20,"254,964","254,983",AAGCAGAGGAACCAGCATCC,55,60.0,37.2,5.9,-,1,1,259,223,86.1,,33,14,19,3,,,3,,,,1 x 3,,,,87,68,78.2,,,,,19,18,1,,,,54,49,64.79,T,T,T,T,FALSE,T,T,T
GP60,GP60-a2,CTYZ_00001283,Rev,6,296,20,"255,240","255,259",CGAATCCAGTGGTGCTCAGT,55,60.0,-,2.3,-,1,1,259,223,86.1,,33,14,19,3,,,3,,,,1 x 3,,,,87,68,78.2,,,,,19,18,1,,,,54,49,65.03,T,T,T,T,FALSE,T,T,T
GP60,GP60-a3,CTYZ_00001283,Rev,6,251,24,"255,207","255,230",CACCTTCCTCTGAGAGTGATCTTC,50,60.1,30.8,9.9,-,1,1,207,173,83.6,,34,17,17,,,,,,,,,,,,70,53,75.7,,,,,17,16,1,,,,57,52,65.03,T,T,T,T,FALSE,T,T,T
GP60,GP60-a3,CTYZ_00001283,Rev,6,251,20,"255,438","255,457",TGCGACCTTGAAGTGTGGTG,55,60.8,33.7,-,-,1,1,207,173,83.6,,34,17,17,,,,,,,,,,,,70,53,75.7,,,,,17,16,1,,,,54,49,65.77,T,T,T,T,FALSE,T,T,T
GP60,GP60-a4,CTYZ_00001283,Rev,6,261,20,"255,300","255,319",TGCTGAACTCCTTACCGTCG,55,59.8,-,-,11.1,1,1,221,197,89.1,,24,12,12,,,,,,,,,,,,74,62,83.8,,,,,12,11,,,1,,54,49,64.70,T,T,T,T,FALSE,FALSE,T,T
GP60,GP60-a4,CTYZ_00001283,Rev,6,261,20,"255,541","255,560",CCCCAACTCAAGGTTCTGCT,55,59.9,35.7,-,11.1,1,1,221,197,89.1,,24,12,12,,,,,,,,,,,,74,62,83.8,,,,,12,11,,,1,,54,49,64.99,T,T,T,T,FALSE,T,T,T
GP60,GP60-a5,CTYZ_00001283,Rev,6,250,22,"255,522","255,543",CTGTGGACTGAGTAGTGTCAGC,54.5,60.4,46.9,-,-,1,1,208,97,46.6,,87,49,38,24,,24,,,,"1 x 21
 1 x 3",,,,,70,23,32.9,9,,9,,47,35,,,3,,57,52,65.09,T,T,T,T,FALSE,T,T,T
GP60,GP60-a5,CTYZ_00001283,Rev,6,250,20,"255,752","255,771",ATCGCACCAGCAAATAAGGC,50,59.3,42.3,-,-,1,1,208,97,46.6,,87,49,38,24,,24,,,,"1 x 21
 1 x 3",,,,,70,23,32.9,9,,9,,47,35,,,3,,52,47,63.61,T,T,T,T,FALSE,T,T,T
GP60,GP60-a6,CTYZ_00001283,Rev,6,257,22,"255,623","255,644",TCCTGGGTAGCATTAGAATCGC,50,60.0,-,-,-,1,1,213,122,57.3,,67,37,30,24,,24,,,,"1 x 21
 1 x 2
 1 x 1",,,,,72,37,51.4,5,,5,,35,29,,,1,,55,50,64.49,T,T,T,T,FALSE,T,T,T
GP60,GP60-a6,CTYZ_00001283,Rev,6,257,22,"255,858","255,879",CTCTCCGTTATAGTCTCCGCTG,54.5,59.8,-,-,-,1,1,213,122,57.3,,67,37,30,24,,24,,,,"1 x 21
 1 x 2
 1 x 1",,,,,72,37,51.4,5,,5,,35,29,,,1,,57,52,64.49,T,T,T,T,FALSE,FALSE,T,T
GP60,GP60-a7,CTYZ_00001283,Rev,6,253,20,"255,822","255,841",AAGTGCCTCTGAGTGGAACG,55,60.0,30.6,-,-,2,1,213,209,98.1,3,1,1,0,,,,,,,,,,,,22,22,100.0,,,,,0,0,,,,,54,49,64.96,T,T,T,T,FALSE,T,FALSE,T
GP60,GP60-a7,CTYZ_00001283,Rev,6,253,20,"256,055","256,074",CGTGGACAGGGTGTATCCAC,60,60.1,40.2,7.5,-,2,1,213,209,98.1,3,1,1,0,,,,,,,,,,,,22,22,100.0,,,,,0,0,,,,,56,51,65.40,T,T,T,T,FALSE,T,T,T
MSC6-7,MSC6-7-a1,CTYZ_00001179,Rev,6,257,20,"5,072","5,091",CGCCGCAAATGTACAAAAGC,50,59.3,-,6.7,-,1,1,259,200,77.2,,14,6,8,45,,,45,,,,1 x 45,,,,73,50,68.5,,1 x 15,,15,23,8,,,,,52,47,63.49,T,T,T,T,FALSE,T,FALSE,T
MSC6-7,MSC6-7-a1,CTYZ_00001179,Rev,6,257,23,"5,306","5,328",GGGCTATCAATCAGAAGGTGAGG,52.2,60.5,39.1,-,-,1,1,259,200,77.2,,14,6,8,45,,,45,,,,1 x 45,,,,73,50,68.5,,1 x 15,,15,23,8,,,,,57,52,65.24,T,T,T,T,FALSE,T,T,T
MSC6-7,MSC6-7-a2,CTYZ_00001179,Rev,6,250,21,"5,281","5,301",GTGCCATCGTTGCCTTCATTG,52.4,60.7,-,-,-,2,1,218,180,82.6,,23,2,21,15,,6,9,,,1 x 6,1 x 9,,,,73,47,64.4,2,1 x 3,2,3,26,21,,,,,54,49,65.22,T,T,T,T,FALSE,T,T,T
MSC6-7,MSC6-7-a2,CTYZ_00001179,Rev,6,250,20,"5,511","5,530",GCGGTGGTGGATTTTGCAAG,55,60.7,-,-,-,2,1,218,180,82.6,,23,2,21,15,,6,9,,,1 x 6,1 x 9,,,,73,47,64.4,2,1 x 3,2,3,26,21,,,,,54,49,65.26,T,T,T,T,FALSE,T,FALSE,T
MSC6-7,MSC6-7-a3,CTYZ_00001179,Rev,6,309,21,"5,521","5,541",CCACCACCGCATTTAACCTTG,52.4,60.1,-,-,2.3,2,1,267,263,98.5,3,1,0,1,,,,,,,,,,,,40,39,97.5,,,,,1,1,,,,,54,49,64.91,T,T,T,T,FALSE,T,T,T
MSC6-7,MSC6-7-a3,CTYZ_00001179,Rev,6,309,21,"5,809","5,829",GGGAGGTGATACTGGACGTTG,57.1,60.1,-,-,2.3,2,1,267,263,98.5,3,1,0,1,,,,,,,,,,,,40,39,97.5,,,,,1,1,,,,,56,51,65.31,T,T,T,T,FALSE,T,T,T
HSP90,HSP90-a1,CTYZ_00003102,Fwd,3,252,20,"929,794","929,813",GGTATCGGTGAGACGGGTAC,60,59.3,-,-,5.7,2,1,212,203,95.8,9,0,0,0,,,,,,,,,,,,0,0,0.0,,,,,0,0,,,,,56,51,64.58,T,T,T,T,FALSE,T,FALSE,T
HSP90,HSP90-a1,CTYZ_00003102,Fwd,3,252,20,"930,026","930,045",TCTCTTCTCTCACCTGCCCC,60,60.6,-,-,5.7,2,1,212,203,95.8,9,0,0,0,,,,,,,,,,,,0,0,0.0,,,,,0,0,,,,,56,51,65.74,T,T,T,T,FALSE,FALSE,T,T
HSP90,HSP90-a2,CTYZ_00003102,Fwd,3,243,22,"930,021","930,042",AATTAGGGGCAGGTGAGAGAAG,50,59.5,-,-,-,2,1,199,199,100,,0,0,0,,,,,,,,,,,,36,36,100.0,,,,,0,0,,,,,55,50,64.40,T,T,T,T,FALSE,T,FALSE,T
HSP90,HSP90-a2,CTYZ_00003102,Fwd,3,243,22,"930,242","930,263",TCTTGTCTAAAGCATCGGAGGC,50,60.4,35.7,6.5,-,2,1,199,199,100,,0,0,0,,,,,,,,,,,,36,36,100.0,,,,,0,0,,,,,55,50,64.92,T,T,T,T,FALSE,FALSE,T,T
HSP90,HSP90-a3,CTYZ_00003102,Fwd,3,230,22,"930,241","930,262",TGCCTCCGATGCTTTAGACAAG,50,60.7,35.3,-,-,2,1,187,187,100,,0,0,0,,,,,,,,,,,,63,63,100.0,,,,,0,0,,,,,55,50,65.17,T,T,T,T,FALSE,T,T,T
HSP90,HSP90-a3,CTYZ_00003102,Fwd,3,230,21,"930,450","930,470",CATCACCACCAGCTTGGATTG,52.4,59.5,39.2,4.4,-,2,1,187,187,100,,0,0,0,,,,,,,,,,,,63,63,100.0,,,,,0,0,,,,,54,49,64.40,T,T,T,T,FALSE,T,FALSE,T
HSP90,HSP90-a4,CTYZ_00003102,Fwd,3,182,20,"930,419","930,438",GCTCGTTCAGGTACAAAGGC,55,59.2,-,-,0.2,2,1,140,139,99.3,,1,1,0,,,,,,,,,,,,48,48,100.0,,,,,0,0,,,,,54,49,63.79,T,T,T,T,FALSE,T,T,T
HSP90,HSP90-a4,CTYZ_00003102,Fwd,3,182,22,"930,579","930,600",GTGAATGAACCACCAGCTGATG,50,59.8,-,-,0.2,2,1,140,139,99.3,,1,1,0,,,,,,,,,,,,48,48,100.0,,,,,0,0,,,,,55,50,64.58,T,T,T,T,FALSE,T,FALSE,T
HSP90,HSP90-a5,CTYZ_00003102,Fwd,3,255,20,"930,572","930,591",TGGGAATCATCAGCTGGTGG,55,59.7,-,26.4,-,2,1,213,209,98.1,,4,3,1,,,,,,,,,,,,72,71,98.6,,,,,1,1,,,,,54,49,64.84,T,T,T,T,FALSE,FALSE,FALSE,T
HSP90,HSP90-a5,CTYZ_00003102,Fwd,3,255,22,"930,805","930,826",TTCACCCTCCTTCTTCTCTTCC,50,59.1,-,-,-,2,1,213,209,98.1,,4,3,1,,,,,,,,,,,,72,71,98.6,,,,,1,1,,,,,55,50,64.28,T,T,T,T,FALSE,T,T,T
HSP90,HSP90-a6,CTYZ_00003102,Fwd,3,250,21,"930,780","930,800",TCACCGATTCTGATGTCGACG,52.4,60.2,40.1,11.6,-,2,1,207,205,99,,2,2,0,,,,,,,,,,,,70,70,100.0,,,,,0,0,,,,,54,49,65.28,T,T,T,T,FALSE,FALSE,FALSE,T
HSP90,HSP90-a6,CTYZ_00003102,Fwd,3,250,22,"931,008","931,029",TTAACTGCGAGAGGATCTTCCC,50,59.6,40.1,-,-,2,1,207,205,99,,2,2,0,,,,,,,,,,,,70,70,100.0,,,,,0,0,,,,,55,50,64.39,T,T,T,T,FALSE,T,FALSE,T
HSP90,HSP90-a7,CTYZ_00003102,Fwd,3,673,20,"931,006","931,025",TTGGGAAGATCCTCTCGCAG,55,59.2,38.9,3.1,-,2,1,631,624,98.9,,7,7,0,,,,,,,,,,,,211,211,100.0,,,,,0,0,,,,,54,49,64.21,T,T,T,T,FALSE,FALSE,FALSE,T
HSP90,HSP90-a7,CTYZ_00003102,Fwd,3,673,22,"931,657","931,678",GCATCTCAACTTCTTGCCATCG,50,60.2,-,-,-,2,1,631,624,98.9,,7,7,0,,,,,,,,,,,,211,211,100.0,,,,,0,0,,,,,55,50,64.63,T,T,T,T,FALSE,T,T,T
HSP90,HSP90-a8,CTYZ_00003102,Fwd,3,248,22,"931,657","931,678",CGATGGCAAGAAGTTGAGATGC,50,60.2,35.5,-,5.5,2,1,204,202,99,,2,2,0,,,,,,,,,,,,68,68,100.0,,,,,0,0,,,,,55,50,64.63,T,T,T,T,FALSE,T,T,T
HSP90,HSP90-a8,CTYZ_00003102,Fwd,3,248,22,"931,883","931,904",GAGCTTGAGCCTTCATGATACG,50,59.2,43.4,-,5.5,2,1,204,202,99,,2,2,0,,,,,,,,,,,,68,68,100.0,,,,,0,0,,,,,55,50,63.63,T,T,T,T,FALSE,T,FALSE,T
HSP90,HSP90-a9,CTYZ_00003102,Fwd,3,251,22,"931,826","931,847",TCTGACTCACCATGTGTACTCG,50,59.5,34.8,-,-,2,1,207,203,98.1,,4,4,0,,,,,,,,,,,,128,128,100.0,,,,,0,0,,,,,55,50,64.56,T,T,T,T,FALSE,T,T,T
HSP90,HSP90-a9,CTYZ_00003102,Fwd,3,251,22,"932,055","932,076",AAACCAGAAGTAAGGAGGGAGG,50,59.1,-,-,-,2,1,207,203,98.1,,4,4,0,,,,,,,,,,,,128,128,100.0,,,,,0,0,,,,,55,50,64.31,T,T,T,T,FALSE,FALSE,T,T
HSP90,HSP90-a10,CTYZ_00003102,Fwd,3,237,22,"931,980","932,001",CTGAGCTCAAGACCAAGATTGC,50,59.6,-,12.3,22.8,2,1,193,189,97.9,,4,4,0,,,,,,,,,,,,65,65,100.0,,,,,0,0,,,,,55,50,64.03,T,T,T,T,FALSE,T,FALSE,FALSE
HSP90,HSP90-a10,CTYZ_00003102,Fwd,3,237,22,"932,195","932,216",TCTTAGATGCTTGGAGCTCTGC,50,60.2,45.6,16.1,22.8,2,1,193,189,97.9,,4,4,0,,,,,,,,,,,,65,65,100.0,,,,,0,0,,,,,55,50,64.39,T,T,T,T,FALSE,T,T,T
TRAP-C1,TRAP-C1-a1,CTYZ_00003946,Rev,1,228,22,"762,980","763,001",TGTCTCAACTAGCCCAGTTCTG,50,59.7,44.5,-,13.1,3,1,185,182,98.4,,3,2,1,,,,,,,,,,,,67,66,98.5,,,,,1,1,,,,,55,50,64.53,T,T,T,T,FALSE,T,FALSE,FALSE
TRAP-C1,TRAP-C1-a1,CTYZ_00003946,Rev,1,228,21,"763,187","763,207",CAGATTCTGGAGACGCAACAC,52.4,59.3,-,5.7,13.1,3,1,185,182,98.4,,3,2,1,,,,,,,,,,,,67,66,98.5,,,,,1,1,,,,,54,49,64.05,T,T,T,T,FALSE,T,FALSE,FALSE
TRAP-C1,TRAP-C1-a2,CTYZ_00003946,Rev,1,251,22,"763,163","763,184",CTGGTAATCCAACAGCAATGGC,50,60.2,43.8,-,-,3,1,208,204,98.1,,4,3,1,,,,,,,,,,,,70,69,98.6,,,,,1,1,,,,,55,50,64.64,T,T,T,T,FALSE,T,T,T
TRAP-C1,TRAP-C1-a2,CTYZ_00003946,Rev,1,251,21,"763,393","763,413",AGAAGAGGAGCCATGCACTTC,52.4,60.1,32.3,7.5,-,3,1,208,204,98.1,,4,3,1,,,,,,,,,,,,70,69,98.6,,,,,1,1,,,,,54,49,64.70,T,T,T,T,FALSE,T,FALSE,T
TRAP-C1,TRAP-C1-a3,CTYZ_00003946,Rev,1,155,22,"763,324","763,345",CCAGAACAATCACAGCTTGACC,50,59.8,36.9,-,-,3,1,111,107,96.4,,4,3,1,,,,,,,,,,,,38,37,97.4,,,,,1,1,,,,,55,50,64.52,T,T,T,T,FALSE,T,T,T
TRAP-C1,TRAP-C1-a3,CTYZ_00003946,Rev,1,155,22,"763,457","763,478",AATCCACCCGGTACATCAGAAG,50,59.8,-,-,-,3,1,111,107,96.4,,4,3,1,,,,,,,,,,,,38,37,97.4,,,,,1,1,,,,,55,50,64.97,T,T,T,T,FALSE,T,T,T
TRAP-C1,TRAP-C1-a4,CTYZ_00003946,Rev,1,291,21,"763,455","763,475",TTCTTCTGATGTACCGGGTGG,52.4,59.4,42.8,-,-,3,1,247,242,98,,5,3,2,,,,,,,,,,,,83,81,97.6,,,,,2,2,,,,,54,49,64.69,T,T,T,T,FALSE,FALSE,T,T
TRAP-C1,TRAP-C1-a4,CTYZ_00003946,Rev,1,291,23,"763,723","763,745",GGAGAATGGTCTTCTTGGTCACC,52.2,60.9,44.4,-,-,3,1,247,242,98,,5,3,2,,,,,,,,,,,,83,81,97.6,,,,,2,2,,,,,57,52,65.88,T,T,T,T,FALSE,T,T,T
TRAP-C1,TRAP-C1-a5,CTYZ_00003946,Rev,1,290,21,"763,719","763,739",ACAAGGTGACCAAGAAGACCA,47.6,59.2,-,1.7,25.2,4,1,247,238,96.4,,9,3,6,,,,,,,,,,,,83,77,92.8,,,,,6,6,,,,,52,47,64.48,T,T,T,T,FALSE,T,T,T
TRAP-C1,TRAP-C1-a5,CTYZ_00003946,Rev,1,290,22,"763,987","764,008",GGGCAAATACACCTTGTAGGGA,50,60.0,43.7,-,25.2,4,1,247,238,96.4,,9,3,6,,,,,,,,,,,,83,77,92.8,,,,,6,6,,,,,55,50,64.92,T,T,T,T,FALSE,T,T,T
TRAP-C1,TRAP-C1-a6,CTYZ_00003946,Rev,1,266,22,"763,987","764,008",TCCCTACAAGGTGTATTTGCCC,50,60.0,35.4,-,2.7,4,1,223,215,96.4,,8,5,3,,,,,,,,,,,,75,72,96.0,,,,,3,3,,,,,55,50,64.92,T,T,T,T,FALSE,FALSE,T,T
TRAP-C1,TRAP-C1-a6,CTYZ_00003946,Rev,1,266,21,"764,232","764,252",GAAGGGCCAGATTCTGTTGGA,52.4,60.0,-,12.5,2.7,4,1,223,215,96.4,,8,5,3,,,,,,,,,,,,75,72,96.0,,,,,3,3,,,,,54,49,64.98,T,T,T,T,FALSE,T,T,T
TRAP-C1,TRAP-C1-a7,CTYZ_00003946,Rev,1,250,20,"764,158","764,177",ACCCATCCTGGTGCTAAAGC,55,60.0,37.2,-,24.6,3,1,208,205,98.6,,3,2,1,,,,,,,,,,,,70,69,98.6,,,,,1,1,,,,,54,49,64.80,T,T,T,T,FALSE,T,T,T
TRAP-C1,TRAP-C1-a7,CTYZ_00003946,Rev,1,250,22,"764,386","764,407",GGGTTTCAATATTGGGATGGGG,50,59.0,-,3.4,24.6,3,1,208,205,98.6,,3,2,1,,,,,,,,,,,,70,69,98.6,,,,,1,1,,,,,55,50,64.21,T,T,T,T,FALSE,FALSE,T,T
TRAP-C1,TRAP-C1-a8,CTYZ_00003946,Rev,1,260,21,"764,232","764,252",TCCAACAGAATCTGGCCCTTC,52.4,60.0,35.5,15.4,-,2,1,217,212,97.7,,5,3,2,,,,,,,,,,,,73,71,97.3,,,,,2,1,,,1,,54,49,64.98,T,T,T,T,FALSE,T,T,T
TRAP-C1,TRAP-C1-a8,CTYZ_00003946,Rev,1,260,22,"764,470","764,491",ACGATCATGAATATTGTCCGCA,40.9,58.3,-,-,-,2,1,217,212,97.7,,5,3,2,,,,,,,,,,,,73,71,97.3,,,,,2,1,,,1,,51,46,63.05,T,T,T,T,FALSE,FALSE,FALSE,T
TRAP-C1,TRAP-C1-a9,CTYZ_00003946,Rev,1,251,20,"764,411","764,430",ACTGTGGGCAATTTTCTGGA,45,57.6,-,-,-,2,1,207,200,96.6,,7,3,4,,,,,,,,,,,,70,66,94.3,,,,,4,3,,,1,,50,45,62.73,T,T,T,T,FALSE,T,T,T
TRAP-C1,TRAP-C1-a9,CTYZ_00003946,Rev,1,251,24,"764,638","764,661",TGACTGTATGAAGTCTCCAGATGG,45.8,59.6,45.7,10.1,-,2,1,207,200,96.6,,7,3,4,,,,,,,,,,,,70,66,94.3,,,,,4,3,,,1,,56,51,64.53,T,T,T,T,FALSE,T,FALSE,T
TRAP-C1,TRAP-C1-a10,CTYZ_00003946,Rev,1,253,24,"764,638","764,661",CCATCTGGAGACTTCATACAGTCA,45.8,59.6,45.1,6.3,1.1,2,1,206,197,95.6,,9,4,5,,,,,,,,,,,,69,64,92.8,,,,,5,5,,,,,56,51,64.53,T,T,T,T,FALSE,T,T,FALSE
TRAP-C1,TRAP-C1-a10,CTYZ_00003946,Rev,1,253,23,"764,868","764,890",GTGGCGATTTTAATGTACCAGGA,43.5,59.1,-,-,1.1,2,1,206,197,95.6,,9,4,5,,,,,,,,,,,,69,64,92.8,,,,,5,5,,,,,53,48,63.76,T,T,T,T,FALSE,T,T,T
TRAP-C1,TRAP-C1-a11,CTYZ_00003946,Rev,1,257,22,"764,814","764,835",ACAACCAAATCCTCTTGGGTCT,45.5,59.6,43.1,-,-,3,1,221,206,93.2,,3,3,0,12,,,12,,,,1 x 12,,,,71,67,94.4,,1 x 4,,4,4,0,,,,,53,48,64.80,T,T,T,T,FALSE,T,FALSE,FALSE
TRAP-C1,TRAP-C1-a11,CTYZ_00003946,Rev,1,257,26,"765,045","765,070",AGAATTGTGGTGGATTATAATAACGT,30.8,57.0,-,5.2,-,3,1,221,206,93.2,,3,3,0,12,,,12,,,,1 x 12,,,,71,67,94.4,,1 x 4,,4,4,0,,,,,52,47,61.77,T,T,T,FALSE,FALSE,T,FALSE,T
TRAP-C1,TRAP-C1-a12,CTYZ_00003946,Rev,1,268,26,"765,058","765,083",CCACCACAATTCTTCACTTATTGTAT,34.6,57.9,-,-,-,1,1,223,218,97.8,4,0,0,0,,1,,,,1,,,,1 x 1,,0,0,0.0,,,,,0,0,,,,,53,48,62.67,T,T,T,FALSE,FALSE,T,T,T
TRAP-C1,TRAP-C1-a12,CTYZ_00003946,Rev,1,268,20,"765,306","765,325",CATTGGCCCACACATGCAAA,50,60.0,-,-,-,1,1,223,218,97.8,4,0,0,0,,1,,,,1,,,,1 x 1,,0,0,0.0,,,,,0,0,,,,,52,47,64.66,T,T,T,T,FALSE,T,T,T
GST,GST-A1,CTYZ_00001095,Fwd,7,168,20,"1,078,424","1,078,443",AAGGTTGCTGCTGGTAGACC,55,60.0,-,0.2,-,3,1,126,126,100,,0,-4,4,,,,,,,,,,,,16,12,75.0,,,,,4,4,,,,,54,49,64.70,T,T,T,T,FALSE,T,T,T
GST,GST-A1,CTYZ_00001095,Fwd,7,168,22,"1,078,570","1,078,591",GAACTTGTTGAAACTCGGGCTG,50,60.3,-,-,-,3,1,126,126,100,,0,-4,4,,,,,,,,,,,,16,12,75.0,,,,,4,4,,,,,55,50,64.98,T,T,T,T,FALSE,FALSE,T,T
GST,GST-A2,CTYZ_00001095,Fwd,7,342,22,"1,078,570","1,078,591",CAGCCCGAGTTTCAACAAGTTC,50,60.3,-,-,-,3,1,298,294,98.7,,4,2,2,,,,,,,,,,,,100,98,98.0,,,,,2,2,,,,,55,50,64.98,T,T,T,T,FALSE,T,T,T
GST,GST-A2,CTYZ_00001095,Fwd,7,342,22,"1,078,890","1,078,911",AGCCCAGACTCCTTGTTCAATC,50,60.3,-,-,-,3,1,298,294,98.7,,4,2,2,,,,,,,,,,,,100,98,98.0,,,,,2,2,,,,,55,50,65.15,T,T,T,T,FALSE,T,T,T
GST,GST-A3,CTYZ_00001095,Fwd,7,336,24,"1,078,897","1,078,920",CAAGGAGTCTGGGCTCTAGAATAC,50,60.0,35.9,-,1.2,4,1,290,284,97.9,4,2,2,0,,,,,,,,,,,,54,54,100.0,,,,,0,0,,,,,57,52,64.60,T,T,T,T,FALSE,T,T,T
GST,GST-A3,CTYZ_00001095,Fwd,7,336,22,"1,079,211","1,079,232",TGGGTTGTAAGTGAGCGAGATC,50,60.1,-,-,1.2,4,1,290,284,97.9,4,2,2,0,,,,,,,,,,,,54,54,100.0,,,,,0,0,,,,,55,50,64.88,T,T,T,T,FALSE,T,FALSE,T
GST,GST-B1,CTYZ_00000322,Fwd,8,191,20,"757,446","757,465",ACAAGCACAATTCCGTCACC,50,59.0,-,-,-,3,1,145,143,98.6,,2,1,1,,,,,,,,,,,,49,48,98.0,,,,,1,1,,,,,52,47,64.00,T,T,T,T,FALSE,T,T,T
GST,GST-B1,CTYZ_00000322,Fwd,8,191,26,"757,611","757,636",GATAGATCCCCAATATCACGGACTGG,50,62.3,-,1.0,-,3,1,145,143,98.6,,2,1,1,,,,,,,,,,,,49,48,98.0,,,,,1,1,,,,,60,54,67.08,T,T,T,T,FALSE,T,T,T
GST,GST-B2,CTYZ_00000322,Fwd,8,251,20,"757,566","757,585",AACCGAGTTATGGCCCCTTC,55,59.7,-,-,2.8,3,1,211,210,99.5,,1,1,0,,,,,,,,,,,,71,71,100.0,,,,,0,0,,,,,54,49,64.83,T,T,T,T,FALSE,T,T,T
GST,GST-B2,CTYZ_00000322,Fwd,8,251,20,"757,797","757,816",CCCAGCTTTACAACCGGAAG,55,58.8,-,1.0,2.8,3,1,211,210,99.5,,1,1,0,,,,,,,,,,,,71,71,100.0,,,,,0,0,,,,,54,49,63.79,T,T,T,T,FALSE,T,T,T
GST,GST-B3,CTYZ_00000322,Fwd,8,314,20,"757,802","757,821",GGTTGTAAAGCTGGGGGATC,55,58.2,-,-,-,3,1,272,265,97.4,,7,4,3,,,,,,,,,,,,91,88,96.7,,,,,3,3,,,,,54,49,63.28,FALSE,T,T,T,FALSE,T,FALSE,T
GST,GST-B3,CTYZ_00000322,Fwd,8,314,22,"758,094","758,115",CGATAAAAGGCCCCTTATCACC,50,58.9,34.8,24.1,-,3,1,272,265,97.4,,7,4,3,,,,,,,,,,,,91,88,96.7,,,,,3,3,,,,,55,50,63.65,T,T,T,T,FALSE,T,FALSE,FALSE
GST,GST-B4,CTYZ_00000322,Fwd,8,257,19,"758,100","758,118",AAGGGGCCTTTTATCGCAG,52.6,57.8,31.3,-,-,2,1,218,216,99.1,,2,2,0,,,,,,,,,,,,73,73,100.0,,,,,0,0,,,,,51,46,62.65,T,T,T,T,FALSE,FALSE,FALSE,T
GST,GST-B4,CTYZ_00000322,Fwd,8,257,20,"758,337","758,356",CCGCTTTCACCCTCTATCTG,55,57.8,-,-,-,2,1,218,216,99.1,,2,2,0,,,,,,,,,,,,73,73,100.0,,,,,0,0,,,,,54,49,62.73,T,T,T,T,FALSE,T,T,T
GST,GST-B5,CTYZ_00000322,Fwd,8,195,21,"758,336","758,356",ACAGATAGAGGGTGAAAGCGG,52.4,59.5,-,-,-,2,1,154,149,96.8,,5,2,3,,,,,,,,,,,,52,49,94.2,,,,,3,3,,,,,54,49,64.45,T,T,T,T,FALSE,FALSE,T,T
GST,GST-B5,CTYZ_00000322,Fwd,8,195,20,"758,511","758,530",GGGAAAAATCGCACTCCTGC,55,59.8,40.4,-,-,2,1,154,149,96.8,,5,2,3,,,,,,,,,,,,52,49,94.2,,,,,3,3,,,,,54,49,64.44,FALSE,T,T,T,FALSE,FALSE,T,T
GST,GST-B6,CTYZ_00000322,Fwd,8,294,22,"758,640","758,661",CCCCTCCTAAATATCTATGGCC,50,57.2,-,-,-,3,1,248,237,95.6,,11,5,6,,,,,,,,,,,,83,77,92.8,,,,,6,6,,,,,55,50,62.11,T,T,T,T,FALSE,FALSE,FALSE,T
GST,GST-B6,CTYZ_00000322,Fwd,8,294,24,"758,368","758,391",CTCCTCCTGCTTCTCTATCTACTC,50,59.0,-,-,-,3,1,248,237,95.6,,11,5,6,,,,,,,,,,,,83,77,92.8,,,,,6,6,,,,,57,52,63.64,T,T,T,T,FALSE,T,T,T
GST,GST-C1,CTYZ_00002625,Rev,2,130,21,"825,377","825,397",TTAGGACTACAAAGCTGCCCC,52.4,59.7,-,-,-,4,1,224,216,96.4,4,4,3,1,,,,,,,,,,,,40,39,97.5,,,,,1,1,,,,,54,49,64.39,T,T,T,T,FALSE,FALSE,T,T
GST,GST-C1,CTYZ_00002625,Rev,2,257,24,"825,622","825,645",CTCTCAACGTTAGTTCTATCCCCC,50,60.2,38.8,5.2,-,4,1,224,216,96.4,4,4,3,1,,,,,,,,,,,,40,39,97.5,,,,,1,1,,,,,57,52,65.09,FALSE,T,T,T,FALSE,FALSE,T,T
GST,GST-C2,CTYZ_00002625,Rev,2,295,24,"825,623","825,646",GGGGATAGAACTAACGTTGAGAGC,50,60.7,32.4,4.0,-,4,1,249,244,98,,5,2,3,,,,,,,,,,,,83,80,96.4,,,,,3,3,,,,,57,52,65.33,T,T,T,T,FALSE,T,T,T
GST,GST-C2,CTYZ_00002625,Rev,2,295,22,"825,896","825,917",CCAGCTTTCTTCCATTGCTAGG,50,59.3,-,-,-,4,1,249,244,98,,5,2,3,,,,,,,,,,,,83,80,96.4,,,,,3,3,,,,,55,50,63.82,T,T,T,T,FALSE,T,FALSE,T
GST,GST-C3,CTYZ_00002625,Rev,2,792,20,"825,988","826,007",AAACCGCTTCATCAGTGCTG,50,59.1,-,-,7.7,1,1,750,724,96.5,16,10,4,6,,,,,,,,,,,,100,94,94.0,,,,,6,5,1,,,,52,47,63.76,T,T,T,T,FALSE,T,T,T
GST,GST-C3,CTYZ_00002625,Rev,2,792,22,"826,758","826,779",GAGCAAAGCGAAAGTAGTGGAG,50,59.6,-,-,7.7,1,1,750,724,96.5,16,10,4,6,,,,,,,,,,,,100,94,94.0,,,,,6,5,1,,,,55,50,64.00,T,T,T,T,FALSE,T,T,T
CP47,CP47-a1,CTYZ_00001339,Fwd,6,224,20,"360,087","360,106",GCGACAGCACAGGCAATAAC,55,60.2,44.6,-,-,3,1,182,177,97.3,,5,1,4,,,,,,,,,,,,61,57,93.4,,,,,4,3,1,,,,54,49,64.42,T,T,T,T,FALSE,T,T,T
CP47,CP47-a1,CTYZ_00001339,Fwd,6,224,22,"360,289","360,310",ATATGTACCACCCACTCGGTAC,50,59.0,46.1,11.0,-,3,1,182,177,97.3,,5,1,4,,,,,,,,,,,,61,57,93.4,,,,,4,3,1,,,,55,50,64.17,T,T,T,T,FALSE,T,FALSE,T
CP47,CP47-a2,CTYZ_00001339,Fwd,6,309,22,"360,171","360,192",CAGATGCTCAGGAGTTTAAGCC,50,59.1,-,-,-,1,1,267,260,97.4,,7,4,3,,,,,,,,,,,,90,87,96.7,,,,,3,1,2,,,,55,50,63.54,T,T,T,T,FALSE,T,T,T
CP47,CP47-a2,CTYZ_00001339,Fwd,6,309,20,"360,460","360,479",TATCGGCGCAGACTGGTTTC,55,60.5,-,7.7,-,1,1,267,260,97.4,,7,4,3,,,,,,,,,,,,90,87,96.7,,,,,3,1,2,,,,54,49,65.08,T,T,T,T,FALSE,T,T,T
CP47,CP47-a3,CTYZ_00001339,Fwd,6,253,19,"360,462","360,480",AACCAGTCTGCGCCGATAC,57.9,60.2,-,-,-,1,1,213,209,98.1,,4,4,0,,,,,,,,,,,,72,72,100.0,,,,,0,0,,,,,53,48,64.88,T,T,T,T,FALSE,T,T,T
CP47,CP47-a3,CTYZ_00001339,Fwd,6,253,21,"360,694","360,714",GCCTTCTGGGGTGATAGATCC,57.1,59.7,35.1,-,-,1,1,213,209,98.1,,4,4,0,,,,,,,,,,,,72,72,100.0,,,,,0,0,,,,,56,51,64.62,T,T,T,T,FALSE,T,T,T
CP47,CP47-a4,CTYZ_00001339,Fwd,6,157,22,"360,597","360,618",GTTCTCCGCCACAGAATGTAAC,50,59.6,-,-,-,3,1,113,110,97.3,,3,3,0,,,,,,,,,,,,39,39,100.0,,,,,0,0,,,,,55,50,64.29,T,T,T,T,FALSE,T,FALSE,T
CP47,CP47-a4,CTYZ_00001339,Fwd,6,157,22,"360,732","360,753",GACAGTTTGTTAGAAGCCGGAC,50,59.5,-,-,-,3,1,113,110,97.3,,3,3,0,,,,,,,,,,,,39,39,100.0,,,,,0,0,,,,,55,50,64.22,T,T,T,T,FALSE,FALSE,T,T
CP47,CP47-a5,CTYZ_00001339,Fwd,6,557,22,"360,732","360,753",GTCCGGCTTCTAACAAACTGTC,50,59.5,-,-,-,3,1,516,461,89.3,,13,5,8,42,,42,,,,"1 x 24
 1 x 18",,,,,173,151,87.3,"1 x 1
 1 x 13",,14,,22,6,2,,,,55,50,64.22,T,T,T,T,FALSE,T,T,T
CP47,CP47-a5,CTYZ_00001339,Fwd,6,557,19,"361,270","361,288",TTTGAGTCTCTGCGCCCAG,57.9,60.0,40.5,0.7,-,3,1,516,461,89.3,,13,5,8,42,,42,,,,"1 x 24
 1 x 18",,,,,173,151,87.3,"1 x 1
 1 x 13",,14,,22,6,2,,,,53,48,64.77,T,T,T,T,FALSE,FALSE,T,T
CP47,CP47-a6,CTYZ_00001339,Fwd,6,192,20,"361,272","361,291",GGGCGCAGAGACTCAAAAAC,55,59.8,-,-,11.7,3,1,150,146,97.3,,4,0,4,,,,,,,,,,,,50,46,92.0,,,,,4,4,,,,,54,49,64.34,FALSE,T,T,T,FALSE,T,T,T
CP47,CP47-a6,CTYZ_00001339,Fwd,6,192,22,"361,442","361,463",CTTTTGAGGAGCCTCCAGTTTG,50,59.4,42.1,6.7,11.7,3,1,150,146,97.3,,4,0,4,,,,,,,,,,,,50,46,92.0,,,,,4,4,,,,,55,50,64.23,T,T,T,T,FALSE,T,T,T
CP47,CP47-a7,CTYZ_00001339,Fwd,6,283,22,"361,442","361,463",CAAACTGGAGGCTCCTCAAAAG,50,59.4,44.4,32.3,-,3,1,239,229,95.8,,10,5,5,,,,,,,,,,,,80,75,93.8,,,,,5,4,,1,,,55,50,64.23,T,T,T,T,FALSE,T,T,T
CP47,CP47-a7,CTYZ_00001339,Fwd,6,283,22,"361,703","361,724",CTTTGGGACAGTCGAAAGCTAC,50,59.3,42.4,9.6,-,3,1,239,229,95.8,,10,5,5,,,,,,,,,,,,80,75,93.8,,,,,5,4,,1,,,55,50,63.97,T,T,T,T,FALSE,T,FALSE,T
CP47,CP47-a8,CTYZ_00001339,Fwd,6,264,22,"361,719","361,740",CCAAAGAGGAAAAGACTGCCAC,50,59.7,41.2,-,5.9,3,1,220,213,96.8,,7,5,2,,,,,,,,,,,,74,72,97.3,,,,,2,2,,,,,55,50,64.48,T,T,T,T,FALSE,FALSE,T,T
CP47,CP47-a8,CTYZ_00001339,Fwd,6,264,22,"361,961","361,982",GGCCGTAATTTCCAGTTTCACG,50,60.4,-,-,5.9,3,1,220,213,96.8,,7,5,2,,,,,,,,,,,,74,72,97.3,,,,,2,2,,,,,55,50,65.10,T,T,T,T,FALSE,T,FALSE,T
CP47,CP47-a9,CTYZ_00001339,Fwd,6,250,20,"361,901","361,920",CATCGTGGCAGAGGATGGTC,60,60.5,41.4,12.8,0.5,3,1,209,204,97.6,,5,5,0,,,,,,,,,,,,71,71,100.0,,,,,0,0,,,,,56,51,65.49,T,T,T,T,FALSE,T,FALSE,FALSE
CP47,CP47-a9,CTYZ_00001339,Fwd,6,250,21,"362,130","362,150",CAACCCAACTTTCCGCAGAAC,52.4,60.3,-,-,0.5,3,1,209,204,97.6,,5,5,0,,,,,,,,,,,,71,71,100.0,,,,,0,0,,,,,54,49,65.08,T,T,T,T,FALSE,T,T,T
CP47,CP47-a10,CTYZ_00001339,Fwd,6,296,21,"362,130","362,150",GTTCTGCGGAAAGTTGGGTTG,52.4,60.3,32.8,-,-,3,1,255,253,99.2,,2,2,0,,,,,,,,,,,,86,86,100.0,,,,,0,0,,,,,54,49,65.08,T,T,T,T,FALSE,T,T,T
CP47,CP47-a10,CTYZ_00001339,Fwd,6,296,20,"362,406","362,425",ACGCCTGGTCTCTATGGTTG,55,59.5,-,-,-,3,1,255,253,99.2,,2,2,0,,,,,,,,,,,,86,86,100.0,,,,,0,0,,,,,54,49,64.49,T,T,T,T,FALSE,T,T,T
CP47,CP47-a11,CTYZ_00001339,Fwd,6,227,22,"362,365","362,386",TGAGCTCTGTGATAAGCTACGC,50,60.2,-,16.2,3.2,3,1,183,182,99.5,,1,0,1,,,,,,,,,,,,61,60,98.4,,,,,1,1,,,,,55,50,64.39,T,T,T,T,FALSE,T,FALSE,T
CP47,CP47-a11,CTYZ_00001339,Fwd,6,227,22,"362,570","362,591",CCTTTTTGCGGACTAAGCTAGC,50,59.9,35.3,6.6,3.2,3,1,183,182,99.5,,1,0,1,,,,,,,,,,,,61,60,98.4,,,,,1,1,,,,,55,50,64.05,FALSE,T,T,T,FALSE,T,FALSE,T
CP47,CP47-a12,CTYZ_00001339,Fwd,6,259,21,"362,444","362,464",CAGGAGCTGTTTGTGGAGAAC,52.4,59.1,-,-,7.8,3,1,216,215,99.5,,1,0,1,,,,,,,,,,,,72,71,98.6,,,,,1,1,,,,,54,49,63.97,T,T,T,T,FALSE,T,T,T
CP47,CP47-a12,CTYZ_00001339,Fwd,6,259,22,"362,681","362,702",CTAAAAACGGCCCTACATGGTG,50,59.6,-,-,7.8,3,1,216,215,99.5,,1,0,1,,,,,,,,,,,,72,71,98.6,,,,,1,1,,,,,55,50,64.33,FALSE,T,T,T,FALSE,T,FALSE,T
CP47,CP47-a13,CTYZ_00001339,Fwd,6,250,22,"362,681","362,702",CACCATGTAGGGCCGTTTTTAG,50,59.6,43.9,-,-,1,1,206,205,99.5,,1,1,0,,,,,,,,,,,,69,69,100.0,,,,,0,0,,,,,55,50,64.33,FALSE,T,T,T,FALSE,T,FALSE,T
CP47,CP47-a13,CTYZ_00001339,Fwd,6,250,22,"362,909","362,930",TTGAGCTACCTCCTGACTCTCC,54.5,60.6,37.3,-,-,1,1,206,205,99.5,,1,1,0,,,,,,,,,,,,69,69,100.0,,,,,0,0,,,,,57,52,65.51,T,T,T,T,FALSE,T,T,T
CP47,CP47-a14,CTYZ_00001339,Fwd,6,252,21,"362,905","362,925",ACGTGGAGAGTCAGGAGGTAG,57.1,60.3,-,-,-,2,1,209,201,96.2,,8,4,4,,,,,,,,,,,,71,67,94.4,,,,,4,4,,,,,56,51,65.60,T,T,T,T,FALSE,T,FALSE,T
CP47,CP47-a14,CTYZ_00001339,Fwd,6,252,22,"363,135","363,156",GCGTCATGAGTTGAATGGCTAG,50,59.7,35.7,-,-,2,1,209,201,96.2,,8,4,4,,,,,,,,,,,,71,67,94.4,,,,,4,4,,,,,55,50,64.12,T,T,T,T,FALSE,T,FALSE,T
CP47,CP47-a15,CTYZ_00001339,Fwd,6,361,22,"363,135","363,156",CTAGCCATTCAACTCATGACGC,50,59.7,37.9,-,-,2,1,317,314,99.1,,3,2,1,,,,,,,,,,,,107,106,99.1,,,,,1,1,,,,,55,50,64.12,T,T,T,T,FALSE,FALSE,FALSE,T
CP47,CP47-a15,CTYZ_00001339,Fwd,6,361,22,"363,474","363,495",TGGAGAGCCATTTGGATTCCTG,50,60.4,39.9,13.5,-,2,1,317,314,99.1,,3,2,1,,,,,,,,,,,,107,106,99.1,,,,,1,1,,,,,55,50,65.25,T,T,T,T,FALSE,T,T,T
CP56,CP56-a1,CTYZ_00001753,Rev,4,253,20,"1,259","1,278",TTTGAGTGGGGGAGAACCAG,55,59.2,42.9,-,-,4,1,223,97,43.5,,116,74,42,10,,,10,,,,"1 x 3
 2 x 1
 1 x 5",,,,72,21,29.2,"1 x 8
 1 x 1",,9,,51,42,,,,,54,49,64.68,FALSE,T,T,T,FALSE,T,T,T
CP56,CP56-a1,CTYZ_00001753,Rev,4,244,20,"1,492","1,511",TGGCTCCTCGTTAGCTGTTG,55,60.0,40.0,6.4,-,4,1,223,97,43.5,,116,74,42,10,,,10,,,,"1 x 3
 2 x 1
 1 x 5",,,,72,21,29.2,"1 x 8
 1 x 1",,9,,51,42,,,,,54,49,64.70,T,T,T,T,FALSE,T,T,T
CP56,CP56-a2,CTYZ_00001753,Rev,4,249,22,"1,372","1,393",TTCTTGGAGAGCCAGCAGATAC,50,59.8,46.9,-,3.9,1,1,232,91,39.2,,114,74,40,27,,,27,,,,"3 x 1
 1 x 5
 1 x 8
 1 x 7
 1 x 4",,,,74,21,28.4,8,"2 x 1 
 1 x 3",8,5,53,37,1,2,,,55,50,64.38,T,T,T,T,FALSE,T,T,T
CP56,CP56-a2,CTYZ_00001753,Rev,4,249,22,"1,599","1,620",AGTTGAAGTCTGGTTCCCCTAG,50,59.1,-,-,3.9,1,1,232,91,39.2,,114,74,40,27,,,27,,,,"3 x 1
 1 x 5
 1 x 8
 1 x 7
 1 x 4",,,,74,21,28.4,8,"2 x 1 
 1 x 3",8,5,53,37,1,2,,,55,50,64.28,T,T,T,T,FALSE,T,FALSE,T
CP56,CP56-a3,CTYZ_00001753,Rev,4,273,20,"1,554","1,573",ACAACGGTTGGATTCCCACC,55,60.5,43.4,23.5,-,1,1,243,209,86,2,20,8,12,11,1,,11,1,,,"1 x 7
 1 x 4",1 x 1,,,76,50,65.8,,1 x 14,,14,26,11,,1,,,54,49,65.93,T,T,T,T,FALSE,FALSE,FALSE,T
CP56,CP56-a3,CTYZ_00001753,Rev,4,273,21,"1,806","1,826",CTCTAACTGTTTCTCGCTGGC,52.4,59.0,-,-,-,1,1,243,209,86,2,20,8,12,11,1,,11,1,,,"1 x 7
 1 x 4",1 x 1,,,76,50,65.8,,1 x 14,,14,26,11,,1,,,54,49,63.50,T,T,T,T,FALSE,FALSE,T,T
Mucin-1,Mucin-1-a1,CTYZ_00001745,Rev,6,250,22,"1,269,223","1,269,244",CGAAACTTCATCATAGCCGGTC,50,59.5,-,-,-,2,1,208,201,96.6,7,0,0,0,,,,,,,,,,,,0,0,0.0,,,,,0,0,,,,,55,50,64.14,T,T,T,T,FALSE,FALSE,T,T
Mucin-1,Mucin-1-a1,CTYZ_00001745,Rev,6,250,20,"1,269,453","1,269,472",AGACCATCCCGTTTCCCAAG,55,59.7,-,-,-,2,1,208,201,96.6,7,0,0,0,,,,,,,,,,,,0,0,0.0,,,,,0,0,,,,,54,49,65.08,T,T,T,T,FALSE,T,T,T
Mucin-1,Mucin-1-a2,CTYZ_00001745,Rev,6,191,21,"1,269,448","1,269,468",CCAATCTTGGGAAACGGGATG,52.4,59.2,45.9,0.7,2.8,2,1,150,138,92,12,0,0,0,,,,,,,,,,,,0,0,0.0,,,,,0,0,,,,,54,49,64.44,T,T,T,T,FALSE,T,FALSE,FALSE
Mucin-1,Mucin-1-a2,CTYZ_00001745,Rev,6,191,20,"1,269,619","1,269,638",AACCACCACAACTGAACCCG,55,60.8,-,-,2.8,2,1,150,138,92,12,0,0,0,,,,,,,,,,,,0,0,0.0,,,,,0,0,,,,,54,49,66.10,T,T,T,T,FALSE,FALSE,T,T
Mucin-1,Mucin-1-a3,CTYZ_00001745,Rev,6,503,19,"1,269,618","1,269,636",ACGGGTTCAGTTGTGGTGG,57.9,60.2,-,-,-,1,1,463,376,81.2,1,86,71,15,,,,,,,,,,,57,151,87,57.6,,"1 x 12
 1 x 18",,30,45,12,,3,,19,53,48,65.64,T,T,T,T,FALSE,FALSE,T,T
Mucin-1,Mucin-1-a3,CTYZ_00001745,Rev,6,503,21,"1,270,100","1,270,120",AGTTCCCATAACCTCTCAGCC,52.4,59.2,39.0,-,-,1,1,463,376,81.2,1,86,71,15,,,,,,,,,,,57,151,87,57.6,,"1 x 12
 1 x 18",,30,45,12,,3,,,54,49,64.16,T,T,T,T,FALSE,FALSE,T,T
Mucin-1,Mucin-1-a4,CTYZ_00001745,Rev,6,238,22,"1,270,095","1,270,116",TTGTAGGCTGAGAGGTTATGGG,50,59.2,-,-,4.1,2,1,194,187,96.4,,7,1,6,,,,,,,,,,,,65,59,90.8,,,,,6,6,,,,,55,50,64.12,T,T,T,T,FALSE,T,T,T
Mucin-1,Mucin-1-a4,CTYZ_00001745,Rev,6,238,22,"1,270,311","1,270,332",GAAGAACTGACACCAGCAACTC,50,59.5,44.2,-,4.1,2,1,194,187,96.4,,7,1,6,,,,,,,,,,,,65,59,90.8,,,,,6,6,,,,,55,50,64.17,T,T,T,T,FALSE,T,T,T
Mucin-1,Mucin-1-a5,CTYZ_00001745,Rev,6,236,21,"1,270,189","1,270,209",GCCTTCTTCGGCCATTAATGC,52.4,60.3,44.4,5.7,-,2,1,196,183,93.4,,7,1,6,6,,3,3,,,1 x 3,1 x 3,,,,66,59,89.4,1,1 x 1,,1,7,6,,,,,54,49,64.50,T,T,T,T,FALSE,T,FALSE,FALSE
Mucin-1,Mucin-1-a5,CTYZ_00001745,Rev,6,236,22,"1,270,403","1,270,424",CTGGTTCATCCTGTGCTTCTTG,50,59.5,37.1,-,-,2,1,196,183,93.4,,7,1,6,6,,3,3,,,1 x 3,1 x 3,,,,66,59,89.4,1,1 x 1,,1,7,6,,,,,55,50,64.27,T,T,T,T,FALSE,T,T,T
Mucin-1,Mucin-1-a6,CTYZ_00001745,Rev,6,275,22,"1,270,403","1,270,424",CAAGAAGCACAGGATGAACCAG,50,59.5,42.0,-,9.4,2,1,422,220,52.1,,13,10,3,189,,,189,,,,1 x 189,,,,142,76,53.5,,1 x 63,,63,66,2,1,,,,55,50,64.27,T,T,T,T,FALSE,T,T,T
Mucin-1,Mucin-1-a6,CTYZ_00001745,Rev,6,275,20,"1,270,658","1,270,677",TGCGCTTGTTGTTCTTGCTC,50,60.0,-,9.7,9.4,2,1,422,220,52.1,,13,10,3,189,,,189,,,,1 x 189,,,,142,76,53.5,,1 x 63,,63,66,2,1,,,,52,47,64.24,T,T,T,T,FALSE,T,FALSE,T
Mucin-1,Mucin-1-a7,CTYZ_00001745,Rev,6,205,20,"1,270,657","1,270,676",TGAGCAAGAACAACAAGCGC,50,60.0,-,-,-,2,1,168,161,95.8,,4,0,4,3,,,3,,,,1 x 3,,,,57,52,91.2,,1 x 1,,1,5,3,1,,,,52,47,64.24,T,T,T,T,FALSE,FALSE,FALSE,T
Mucin-1,Mucin-1-a7,CTYZ_00001745,Rev,6,205,20,"1,270,842","1,270,861",GACTGATGTGTCAAGTGGCG,55,59.2,37.0,-,-,2,1,168,161,95.8,,4,0,4,3,,,3,,,,1 x 3,,,,57,52,91.2,,1 x 1,,1,5,3,1,,,,54,49,64.08,T,T,T,T,FALSE,FALSE,T,T
Mucin-1,Mucin-1-a8,CTYZ_00001745,Rev,6,255,20,"1,270,842","1,270,861",CGCCACTTGACACATCAGTC,55,59.2,35.8,-,-,2,1,213,196,92,,17,7,10,,,,,,,,,,,,72,62,86.1,,,,,10,10,,,,,54,49,64.08,T,T,T,T,FALSE,T,T,T
Mucin-1,Mucin-1-a8,CTYZ_00001745,Rev,6,255,22,"1,271,075","1,271,096",GCTTGAAACATTCCTCCACTCC,50,59.5,-,-,-,2,1,213,196,92,,17,7,10,,,,,,,,,,,,72,62,86.1,,,,,10,10,,,,,55,50,64.29,T,T,T,T,FALSE,T,T,T
Mucin-1,Mucin-1-a9,CTYZ_00001745,Rev,6,171,22,"1,271,075","1,271,096",GGAGTGGAGGAATGTTTCAAGC,50,59.5,-,-,-,2,1,127,109,85.8,,18,4,14,,,,,,,,,,,,43,29,67.4,,,,,14,13,,1,,,55,50,64.29,T,T,T,T,FALSE,T,T,T
Mucin-1,Mucin-1-a9,CTYZ_00001745,Rev,6,171,22,"1,271,224","1,271,245",GTTCTGCTCTGTCTCAAGCAAC,50,59.8,31.4,-,-,2,1,127,109,85.8,,18,4,14,,,,,,,,,,,,43,29,67.4,,,,,14,13,,1,,,55,50,64.19,T,T,T,T,FALSE,T,T,T
Mucin-1,Mucin-1-a10,CTYZ_00001745,Rev,6,251,22,"1,271,224","1,271,245",GTTGCTTGAGACAGAGCAGAAC,50,59.8,32.6,-,-,2,1,211,201,95.3,7,1,0,1,,2,,,,2,,,,2,,15,14,93.3,,,,,1,1,,,,,55,50,64.19,T,T,T,T,FALSE,T,T,T
Mucin-1,Mucin-1-a10,CTYZ_00001745,Rev,6,251,20,"1,271,455","1,271,474",CCGCGGTTTAGACACGTAAC,55,59.3,-,19.5,-,2,1,211,201,95.3,7,1,0,1,,2,,,,2,,,,2,,15,14,93.3,,,,,1,1,,,,,54,49,64.09,T,T,T,T,FALSE,T,FALSE,T
Mucin-1,Mucin-1-a11,CTYZ_00001745,Rev,6,250,20,"1,271,404","1,271,423",CTGGCGCCATATGGTTACCC,60,60.9,37.6,31.1,-,2,1,209,198,94.7,11,0,0,0,,,,,,,,,,,,0,0,0.0,,,,,0,0,,,,,56,51,65.57,T,T,T,T,FALSE,T,FALSE,FALSE
Mucin-1,Mucin-1-a11,CTYZ_00001745,Rev,6,250,21,"1,271,633","1,271,653",GGATTTAGATCGCAACGCTGG,52.4,59.7,32.8,-,-,2,1,209,198,94.7,11,0,0,0,,,,,,,,,,,,0,0,0.0,,,,,0,0,,,,,54,49,64.21,T,T,T,T,FALSE,FALSE,T,T
COWP,COWP-A1,CTYZ_00001833,Rev,4,267,22,"185,421","185,442",GGAGCAAATTCAAGAGCAGCAC,50,60.7,-,-,1.1,3,1,224,221,98.7,,3,2,1,,,,,,,,,,,,76,75,98.7,,,,,1,1,,,,,55,50,64.82,T,T,T,T,FALSE,T,T,T
COWP,COWP-A1,CTYZ_00001833,Rev,4,267,21,"185,667","185,687",AGAGCTTGTTCCAACTGAGGG,52.4,59.9,-,-,1.1,3,1,224,221,98.7,,3,2,1,,,,,,,,,,,,76,75,98.7,,,,,1,1,,,,,54,49,64.89,T,T,T,T,FALSE,FALSE,T,T
COWP,COWP-A2,CTYZ_00001833,Rev,4,408,22,"185,494","185,515",GTCCAAAACCGCTAGTACTTGC,50,59.8,-,17.9,-,3,1,365,360,98.6,,5,4,1,,,,,,,,,,,,122,121,99.2,,,,,1,1,,,,,55,50,64.25,T,T,T,T,FALSE,T,FALSE,T
COWP,COWP-A2,CTYZ_00001833,Rev,4,408,21,"185,881","185,901",CCTGTCCAATTGAAGGCTGTG,52.4,59.5,-,2.8,-,3,1,365,360,98.6,,5,4,1,,,,,,,,,,,,122,121,99.2,,,,,1,1,,,,,54,49,64.33,T,T,T,T,FALSE,T,T,T
COWP,COWP-A3,CTYZ_00001833,Rev,4,261,21,"185,881","185,901",CACAGCCTTCAATTGGACAGG,52.4,59.5,-,7.7,-,3,1,219,215,98.2,,4,3,1,,,,,,,,,,,,74,73,98.6,,,,,1,1,,,,,54,49,64.33,T,T,T,T,FALSE,T,T,T
COWP,COWP-A3,CTYZ_00001833,Rev,4,261,21,"186,121","186,141",GGAAATGCCCTTTCGGAAGTG,52.4,59.8,43.6,3.6,-,3,1,219,215,98.2,,4,3,1,,,,,,,,,,,,74,73,98.6,,,,,1,1,,,,,54,49,64.65,T,T,T,T,FALSE,T,T,T
COWP,COWP-A4,CTYZ_00001833,Rev,4,289,22,"186,127","186,148",CGAAAGGGCATTTCCATTCAGG,50,60.2,43.8,17.9,-,3,1,248,236,95.2,,9,5,4,3,,,3,,,,1 x 3,,,,83,78,94.0,,1 x 1,,1,5,4,,,,,55,50,64.93,T,T,T,T,FALSE,T,FALSE,FALSE
COWP,COWP-A4,CTYZ_00001833,Rev,4,289,22,"186,394","186,415",AGAAGTGGTAGATGTGAGCAGC,50,60.1,-,-,-,3,1,248,236,95.2,,9,5,4,3,,,3,,,,1 x 3,,,,83,78,94.0,,1 x 1,,1,5,4,,,,,55,50,64.61,T,T,T,T,FALSE,FALSE,T,T
COWP,COWP-A5,CTYZ_00001833,Rev,4,218,22,"186,320","186,341",TGGAAGTCTGGTTGTTGAGCTC,50,60.5,-,6.8,-,3,1,174,173,99.4,,1,1,0,,,,,,,,,,,,59,59,100.0,,,,,0,0,,,,,55,50,65.30,T,T,T,T,FALSE,T,FALSE,T
COWP,COWP-A5,CTYZ_00001833,Rev,4,218,22,"186,516","186,537",ACGTAGAAACTGCTCCAGCTAC,50,60.1,42.7,1.0,-,3,1,174,173,99.4,,1,1,0,,,,,,,,,,,,59,59,100.0,,,,,0,0,,,,,55,50,64.57,T,T,T,T,FALSE,T,FALSE,T
COWP,COWP-A6,CTYZ_00001833,Rev,4,451,22,"186,514","186,535",ACGTAGCTGGAGCAGTTTCTAC,50,60.1,45.2,-,-,3,1,407,401,98.5,,6,5,1,,,,,,,,,,,,136,135,99.3,,,,,1,1,,,,,55,50,64.57,T,T,T,T,FALSE,T,FALSE,T
COWP,COWP-A6,CTYZ_00001833,Rev,4,451,22,"186,943","186,964",CCAGATGCAGTTATTGTTGGCC,50,60.2,-,-,-,3,1,407,401,98.5,,6,5,1,,,,,,,,,,,,136,135,99.3,,,,,1,1,,,,,55,50,64.64,T,T,T,T,FALSE,FALSE,FALSE,T
COWP,COWP-A7,CTYZ_00001833,Rev,4,401,22,"187,044","187,065",CCGTCATTGCAACGAGGAATTG,50,60.7,42.6,10.4,-,3,1,357,352,98.6,,5,3,2,,,,,,,,,,,,120,118,98.3,,,,,2,2,,,,,55,50,65.39,T,T,T,T,FALSE,T,FALSE,T
COWP,COWP-A7,CTYZ_00001833,Rev,4,401,22,"187,423","187,444",GACGATGGTTCAAAGTCTCCAG,50,59.0,-,1.1,-,3,1,357,352,98.6,,5,3,2,,,,,,,,,,,,120,118,98.3,,,,,2,2,,,,,55,50,64.01,T,T,T,T,FALSE,T,T,T
COWP,COWP-A8,CTYZ_00001833,Rev,4,307,22,"187,423","187,444",CTGGAGACTTTGAACCATCGTC,50,59.0,-,-,-,3,1,265,260,98.1,,5,2,3,,,,,,,,,,,,89,86,96.6,,,,,3,3,,,,,55,50,64.01,T,T,T,T,FALSE,T,T,T
COWP,COWP-A8,CTYZ_00001833,Rev,4,307,20,"187,710","187,729",TATGACAAGCGCACTCAGGC,55,60.7,-,9.0,-,3,1,265,260,98.1,,5,2,3,,,,,,,,,,,,89,86,96.6,,,,,3,3,,,,,54,49,65.09,T,T,T,T,FALSE,FALSE,T,T
COWP,COWP-A9,CTYZ_00001833,Rev,4,199,21,"187,711","187,731",CCTGAGTGCGCTTGTCATATC,52.4,59.1,-,8.4,-,3,1,156,154,98.7,,2,1,1,,,,,,,,,,,,53,52,98.1,,,,,1,1,,,,,54,49,63.63,T,T,T,T,FALSE,T,FALSE,T
COWP,COWP-A9,CTYZ_00001833,Rev,4,199,22,"187,888","187,909",GTTAGCCCTGTTCCAAACTGTC,50,59.4,-,-,-,3,1,156,154,98.7,,2,1,1,,,,,,,,,,,,53,52,98.1,,,,,1,1,,,,,55,50,64.21,T,T,T,T,FALSE,T,T,T
COWP,COWP-B1,CTYZ_00000367,Fwd,8,275,23,"834,885","834,907",AGTTTCATTATCTCGAGAGTGCT,39.1,57.4,-,10.4,-,3,1,231,227,98.3,1,2,2,0,,1,,,1,,,,1,,,23,23,100.0,,,,,0,0,,,,,52,47,62.13,T,T,T,FALSE,FALSE,T,T,T
COWP,COWP-B1,CTYZ_00000367,Fwd,8,275,21,"835,139","835,159",TGTGATGCCGAAATTCCAGGT,47.6,60.3,-,-,-,3,1,231,227,98.3,1,2,2,0,,1,,,1,,,,1,,,23,23,100.0,,,,,0,0,,,,,52,47,65.24,T,T,T,T,FALSE,T,T,T
COWP,COWP-B2,CTYZ_00000367,Fwd,8,252,21,"835,139","835,159",ACCTGGAATTTCGGCATCACA,47.6,60.3,-,-,-,3,1,211,206,97.6,,5,3,2,,,,,,,,,,,,71,69,97.2,,,,,2,2,,,,,52,47,65.24,T,T,T,T,FALSE,T,T,T
COWP,COWP-B2,CTYZ_00000367,Fwd,8,252,20,"835,371","835,390",CCCTCCGGACACTCAATGTT,55,59.7,43.6,-,-,3,1,211,206,97.6,,5,3,2,,,,,,,,,,,,71,69,97.2,,,,,2,2,,,,,54,49,65.05,T,T,T,T,FALSE,T,T,T
COWP,COWP-B3,CTYZ_00000367,Fwd,8,252,20,"835,367","835,386",TGCAAACATTGAGTGTCCGG,50,59.0,41.1,-,5.5,3,1,208,206,99,,2,0,2,,,,,,,,,,,,70,68,97.1,,,,,2,2,,,,,52,47,64.00,T,T,T,T,FALSE,FALSE,FALSE,T
COWP,COWP-B3,CTYZ_00000367,Fwd,8,252,24,"835,595","835,618",TCCAAACATTTCAAAGTTGGAGGT,37.5,59.3,-,7.3,5.5,3,1,208,206,99,,2,0,2,,,,,,,,,,,,70,68,97.1,,,,,2,2,,,,,52,47,64.26,T,T,T,FALSE,FALSE,T,FALSE,T
COWP,COWP-B4,CTYZ_00000367,Fwd,8,284,24,"835,595","835,618",ACCTCCAACTTTGAAATGTTTGGA,37.5,59.3,-,9.0,4.8,3,1,239,233,97.5,,6,4,2,,,,,,,,,,,,81,79,97.5,,,,,2,2,,,,,52,47,64.26,T,T,T,FALSE,FALSE,T,T,FALSE
COWP,COWP-B4,CTYZ_00000367,Fwd,8,284,21,"835,858","835,878",CCAATGTGGGGATTTCTTGCA,47.6,59.1,-,-,4.8,3,1,239,233,97.5,,6,4,2,,,,,,,,,,,,81,79,97.5,,,,,2,2,,,,,52,47,64.06,T,T,T,T,FALSE,T,FALSE,T
COWP,COWP-B5,CTYZ_00000367,Fwd,8,274,21,"835,858","835,878",TGCAAGAAATCCCCACATTGG,47.6,59.1,37.5,-,-,3,1,230,224,97.4,,3,0,3,3,,,3,,,,1 x 3,,,,77,73,94.8,,1 x 1,,1,4,2,1,,,,52,47,64.06,T,T,T,T,FALSE,T,FALSE,T
COWP,COWP-B5,CTYZ_00000367,Fwd,8,274,26,"836,106","836,131",TCTCGTAAATTTGAAACAGAATCCGA,34.6,59.4,-,1.3,-,3,1,230,224,97.4,,3,0,3,3,,,3,,,,1 x 3,,,,77,73,94.8,,1 x 1,,1,4,2,1,,,,53,48,64.05,T,T,T,FALSE,FALSE,T,T,T
COWP,COWP-B6,CTYZ_00000367,Fwd,8,267,23,"836,057","836,079",TGGCCAAATTAAATTGCCATCTA,34.8,57.1,34.1,15.5,-,3,1,227,221,97.4,,3,1,2,3,,,3,,,,1 x 3,,,,76,73,96.1,,1 x 1,,1,3,1,1,,,,50,45,61.57,T,T,T,FALSE,FALSE,T,FALSE,T
COWP,COWP-B6,CTYZ_00000367,Fwd,8,267,20,"836,304","836,323",AGTCCTGGAGGGCACTCTAC,60,60.3,43.8,9.3,-,3,1,227,221,97.4,,3,1,2,3,,,3,,,,1 x 3,,,,76,73,96.1,,1 x 1,,1,3,1,1,,,,56,51,65.45,T,T,T,T,FALSE,T,T,T
COWP,COWP-B7,CTYZ_00000367,Fwd,8,261,25,"836,194","836,218",AGGCACTGTATGATTCAAGTAGAGA,40,59.3,37.2,-,-,3,1,216,211,97.7,,5,3,2,,,,,,,,,,,,73,71,97.3,,,,,2,2,,,,,54,49,63.96,T,T,T,T,FALSE,T,T,T
COWP,COWP-B7,CTYZ_00000367,Fwd,8,261,20,"836,435","836,454",ATTCAACCTCTGCGGGAAGT,50,59.3,37.0,-,-,3,1,216,211,97.7,,5,3,2,,,,,,,,,,,,73,71,97.3,,,,,2,2,,,,,52,47,64.41,T,T,T,T,FALSE,T,T,T
COWP,COWP-B8,CTYZ_00000367,Fwd,8,287,20,"836,435","836,454",ACTTCCCGCAGAGGTTGAAT,50,59.3,38.7,-,13.8,3,1,247,243,98.4,,4,2,2,,,,,,,,,,,,83,81,97.6,,,,,2,2,,,,,52,47,64.41,T,T,T,T,FALSE,T,T,T
COWP,COWP-B8,CTYZ_00000367,Fwd,8,287,20,"836,702","836,721",ATGGTAGCTGTGCGTCCTTC,55,60.1,-,7.3,13.8,3,1,247,243,98.4,,4,2,2,,,,,,,,,,,,83,81,97.6,,,,,2,2,,,,,54,49,64.78,T,T,T,T,FALSE,T,T,T
COWP,COWP-B9,CTYZ_00000367,Fwd,8,252,20,"836,702","836,721",GAAGGACGCACAGCTACCAT,55,60.1,-,4.7,-,3,1,214,213,99.5,,1,0,1,,,,,,,,,,,,72,71,98.6,,,,,1,1,,,,,54,49,64.78,T,T,T,T,FALSE,T,T,T
COWP,COWP-B9,CTYZ_00000367,Fwd,8,252,18,"836,936","836,953",ACAGGTCCTCTCCCAGCC,66.7,60.3,-,-,-,3,1,214,213,99.5,,1,0,1,,,,,,,,,,,,72,71,98.6,,,,,1,1,,,,,55,50,65.71,T,T,T,FALSE,FALSE,FALSE,T,T
COWP,COWP-B10,CTYZ_00000367,Fwd,8,256,18,"836,936","836,953",GGCTGGGAGAGGACCTGT,66.7,60.3,-,-,1.0,3,1,218,212,97.2,,6,1,5,,,,,,,,,,,,74,69,93.2,,,,,5,5,,,,,55,50,65.71,T,T,T,FALSE,FALSE,T,T,T
COWP,COWP-B10,CTYZ_00000367,Fwd,8,256,20,"837,172","837,191",TCCCCATCCAAAACAGACCA,50,58.8,-,-,1.0,3,1,218,212,97.2,,6,1,5,,,,,,,,,,,,74,69,93.2,,,,,5,5,,,,,52,47,64.36,T,T,T,T,FALSE,T,T,T
COWP,COWP-B11,CTYZ_00000367,Fwd,8,261,20,"837,172","837,191",TGGTCTGTTTTGGATGGGGA,50,58.8,-,-,6.3,3,1,221,219,99.1,,2,2,0,,,,,,,,,,,,74,74,100.0,,,,,0,0,,,,,52,47,64.36,T,T,T,T,FALSE,FALSE,T,T
COWP,COWP-B11,CTYZ_00000367,Fwd,8,261,20,"837,413","837,432",CAGGCTCCCTCCTACTTCCA,60,60.3,34.0,-,6.3,3,1,221,219,99.1,,2,2,0,,,,,,,,,,,,74,74,100.0,,,,,0,0,,,,,56,51,65.49,T,T,T,T,FALSE,T,T,T
COWP,COWP-B12,CTYZ_00000367,Fwd,8,270,20,"837,413","837,432",TGGAAGTAGGAGGGAGCCTG,60,60.3,39.1,-,20.3,3,1,226,219,96.9,,7,5,2,,,,,,,,,,,,76,74,97.4,,,,,2,2,,,,,56,51,65.49,T,T,T,T,FALSE,FALSE,T,T
COWP,COWP-B12,CTYZ_00000367,Fwd,8,270,24,"837,659","837,682",TCATCTCGTTCTCTTACTTCATGA,37.5,57.2,-,-,20.3,3,1,226,219,96.9,,7,5,2,,,,,,,,,,,,76,74,97.4,,,,,2,2,,,,,52,47,62.13,T,T,T,FALSE,FALSE,T,FALSE,T
COWP,COWP-B13,CTYZ_00000367,Fwd,8,286,20,"837,582","837,601",ATCAAGCCCACACCTAGCTG,55,59.7,-,-,-,3,2,246,242,98.4,,4,4,0,,,,,,,,,,,,43,43,100.0,,,,,0,0,,,,,54,49,64.50,T,T,T,T,FALSE,T,FALSE,T
COWP,COWP-B13,CTYZ_00000367,Fwd,8,286,21,"837,847","837,867",CTTGCGAGAGTCCAAGCTCTA,52.4,59.5,45.0,4.2,-,3,2,246,242,98.4,,4,4,0,,,,,,,,,,,,43,43,100.0,,,,,0,0,,,,,54,49,64.10,T,T,T,T,FALSE,T,T,T
COWP,COWP-C1,CTYZ_00002073,Fwd,4,254,19,"700,858","700,876",CGAACAGGAGCGATGCTTG,57.9,59.3,39.9,-,-,3,1,215,211,98.1,1,3,2,1,,,,,,,,,,,,32,31,96.9,,,,,1,1,,,,,53,48,63.91,T,T,T,T,FALSE,T,T,T
COWP,COWP-C1,CTYZ_00002073,Fwd,4,254,19,"701,093","701,111",ATTACATGGTGGCCGTGGC,57.9,60.8,44.2,11.5,-,3,1,215,211,98.1,1,3,2,1,,,,,,,,,,,,32,31,96.9,,,,,1,1,,,,,53,48,65.56,T,T,T,T,FALSE,FALSE,T,T
COWP,COWP-C2,CTYZ_00002073,Fwd,4,251,20,"701,064","701,083",ACAGCACGGTCAACATTTGC,50,60.0,-,-,19.0,3,1,210,203,96.7,,7,5,2,,,,,,,,,,,,71,69,97.2,,,,,2,2,,,,,52,47,64.57,T,T,T,T,FALSE,T,T,T
COWP,COWP-C2,CTYZ_00002073,Fwd,4,251,21,"701,294","701,314",GTTCGCAAACTAGGACAGCTG,52.4,59.5,32.4,13.5,19.0,3,1,210,203,96.7,,7,5,2,,,,,,,,,,,,71,69,97.2,,,,,2,2,,,,,54,49,64.02,T,T,T,T,FALSE,T,T,T
COWP,COWP-C3,CTYZ_00002073,Fwd,4,251,22,"701,138","701,159",CAAATACAGACGTTCTCGCTCC,50,59.4,41.2,-,-,3,1,208,202,97.1,,6,4,2,,,,,,,,,,,,70,68,97.1,,,,,2,2,,,,,55,50,64.05,T,T,T,T,FALSE,FALSE,T,T
COWP,COWP-C3,CTYZ_00002073,Fwd,4,251,21,"701,368","701,388",TCCATGCGGACAGATTCTCTC,52.4,59.6,35.9,-,-,3,1,208,202,97.1,,6,4,2,,,,,,,,,,,,70,68,97.1,,,,,2,2,,,,,54,49,64.49,T,T,T,T,FALSE,T,T,T
COWP,COWP-C4,CTYZ_00002073,Fwd,4,243,20,"701,329","701,348",ATTGGTGGCCGTTGCATTAC,50,59.5,40.1,-,3.8,3,1,201,199,99,,2,2,0,,,,,,,,,,,,68,68,100.0,,,,,0,0,,,,,52,47,64.14,T,T,T,T,FALSE,T,T,T
COWP,COWP-C4,CTYZ_00002073,Fwd,4,243,22,"701,550","701,571",TCTAGTGCACTGAACCATCCTC,50,59.5,-,20.8,3.8,3,1,201,199,99,,2,2,0,,,,,,,,,,,,68,68,100.0,,,,,0,0,,,,,55,50,64.34,T,T,T,T,FALSE,T,FALSE,FALSE
COWP,COWP-C5,CTYZ_00002073,Fwd,4,250,20,"701,506","701,525",TTGGAAAGTTGCCCTCCTGG,55,60.2,37.1,-,-,3,1,210,204,97.1,,6,3,3,,,,,,,,,,,,71,68,95.8,,,,,3,3,,,,,54,49,65.29,T,T,T,T,FALSE,FALSE,T,T
COWP,COWP-C5,CTYZ_00002073,Fwd,4,250,20,"701,736","701,755",GGATGGAACCTGCTGGACAC,60,60.7,37.0,7.1,-,3,1,210,204,97.1,,6,3,3,,,,,,,,,,,,71,68,95.8,,,,,3,3,,,,,56,51,65.69,T,T,T,T,FALSE,T,T,T
COWP,COWP-C6,CTYZ_00002073,Fwd,4,254,21,"701,702","701,722",GCAACAGACTTCTCCAGGTTG,52.4,59.1,31.5,3.8,-,3,1,212,209,98.6,,3,3,0,,,,,,,,,,,,71,71,100.0,,,,,0,0,,,,,54,49,63.97,T,T,T,T,FALSE,T,T,T
COWP,COWP-C6,CTYZ_00002073,Fwd,4,254,21,"701,935","701,955",TGGGCAAGAAACCTCTGGTTC,52.4,60.5,46.2,-,-,3,1,212,209,98.6,,3,3,0,,,,,,,,,,,,71,71,100.0,,,,,0,0,,,,,54,49,65.45,T,T,T,T,FALSE,T,FALSE,FALSE
COWP,COWP-C7,CTYZ_00002073,Fwd,4,250,22,"701,889","701,910",GGGATTCAAACTCGAATCTGGG,50,59.1,46.9,12.1,-,3,1,207,203,98.1,,4,3,1,,,,,,,,,,,,69,68,98.6,,,,,1,1,,,,,55,50,64.12,T,T,T,T,FALSE,FALSE,FALSE,FALSE
COWP,COWP-C7,CTYZ_00002073,Fwd,4,250,21,"702,118","702,138",CTTTACGCACTGGCTTCCTTG,52.4,59.8,38.1,-,-,3,1,207,203,98.1,,4,3,1,,,,,,,,,,,,69,68,98.6,,,,,1,1,,,,,54,49,64.30,T,T,T,T,FALSE,T,T,T
COWP,COWP-C8,CTYZ_00002073,Fwd,4,250,20,"701,969","701,988",CCCATGGGCATCACAACAAG,55,59.5,-,20.4,-,3,1,208,204,98.1,,4,3,1,,,,,,,,,,,,70,69,98.6,,,,,1,1,,,,,54,49,64.47,T,T,T,T,FALSE,T,FALSE,FALSE
COWP,COWP-C8,CTYZ_00002073,Fwd,4,250,22,"702,197","702,218",GGAGCTGTCTCAAATGAAACGC,50,60.4,41.1,2.5,-,3,1,208,204,98.1,,4,3,1,,,,,,,,,,,,70,69,98.6,,,,,1,1,,,,,55,50,64.81,T,T,T,T,FALSE,T,T,T
COWP,COWP-C9,CTYZ_00002073,Fwd,4,254,23,"702,154","702,176",CCGTCTAAGAGTTGTCCATCAGG,52.2,60.4,-,-,-,3,1,212,210,99.1,,2,2,0,,,,,,,,,,,,72,72,100.0,,,,,0,0,,,,,57,52,65.39,T,T,T,T,FALSE,T,T,T
COWP,COWP-C9,CTYZ_00002073,Fwd,4,254,19,"702,389","702,407",CATTTTCCGTGGCCATCGC,57.9,60.2,-,18.6,-,3,1,212,210,99.1,,2,2,0,,,,,,,,,,,,72,72,100.0,,,,,0,0,,,,,53,48,64.88,T,T,T,T,FALSE,T,T,T
COWP,COWP-D1,CTYZ_00001816,Fwd,4,394,20,"135,319","135,338",TCGTCATCGAGTGCTGATGC,55,60.5,41.4,3.5,-,3,2-Jan,354,351,99.2,1,1,0,1,1,,,1,,,,1 x 1,,,,50,24,48.0,,1 x 25,,25,26,1,,,,,54,49,65.10,T,T,T,T,FALSE,T,T,T
COWP,COWP-D1,CTYZ_00001816,Fwd,4,394,21,"135,692","135,712",AGGGGTATGATGATGCGAGTG,52.4,59.7,-,-,-,3,2-Jan,354,351,99.2,1,1,0,1,1,,,1,,,,1 x 1,,,,50,24,48.0,,1 x 25,,25,26,1,,,,,54,49,64.59,T,T,T,T,FALSE,T,T,T
COWP,COWP-D2,CTYZ_00001816,Fwd,4,182,22,"135,689","135,710",CATCACTCGCATCATCATACCC,50,59.0,-,-,-,3,2,140,138,98.6,,2,2,0,,,,,,,,,,,,47,47,100.0,,,,,0,0,,,,,55,50,63.73,T,T,T,T,FALSE,T,T,T
COWP,COWP-D2,CTYZ_00001816,Fwd,4,182,20,"135,851","135,870",GGATGGCCTGTTTCAACCAC,55,59.4,-,0.9,-,3,2,140,138,98.6,,2,2,0,,,,,,,,,,,,47,47,100.0,,,,,0,0,,,,,54,49,64.39,T,T,T,T,FALSE,T,T,T
COWP,COWP-D3,CTYZ_00001816,Fwd,4,299,20,"135,851","135,870",GTGGTTGAAACAGGCCATCC,55,59.4,-,-,2.3,3,3-Feb,259,255,98.5,2,2,1,1,,,,,,,,,,,,63,62,98.4,,,,,1,1,,,,,54,49,64.39,T,T,T,T,FALSE,T,T,T
COWP,COWP-D3,CTYZ_00001816,Fwd,4,299,20,"136,130","136,149",TGCTGTTAAAACTCCCGTGC,50,59.1,-,-,2.3,3,3-Feb,259,255,98.5,2,2,1,1,,,,,,,,,,,,63,62,98.4,,,,,1,1,,,,,52,47,63.69,T,T,T,T,FALSE,FALSE,T,T
COWP,COWP-D4,CTYZ_00001816,Fwd,4,252,20,"136,144","136,163",ACAGCAGATGCACAGAAAGC,50,59.1,45.2,3.4,6.6,3,3,213,211,99.1,,2,2,0,,,,,,,,,,,,72,72,100.0,,,,,0,0,,,,,52,47,63.46,T,T,T,T,FALSE,T,T,T
COWP,COWP-D4,CTYZ_00001816,Fwd,4,252,19,"136,377","136,395",AGGACATTCCAGTGCTGCG,57.9,60.4,38.8,-,6.6,3,3,213,211,99.1,,2,2,0,,,,,,,,,,,,72,72,100.0,,,,,0,0,,,,,53,48,65.15,T,T,T,T,FALSE,FALSE,T,T
COWP,COWP-D5,CTYZ_00001816,Fwd,4,413,22,"137,066","137,087",CCAGCTGGATCTATCCCACAAG,54.5,60.2,46.6,29.9,14.4,3,8-Jun,372,365,98.1,1,6,4,2,,,,,,2,,,,2,,81,79,97.5,,,,,2,1,,1,,,57,52,65.06,T,T,T,T,FALSE,T,FALSE,FALSE
COWP,COWP-D5,CTYZ_00001816,Fwd,4,413,21,"137,458","137,478",TGGGGATCCGCTTGTATTCTG,52.4,59.9,35.2,27.3,14.4,3,8-Jun,372,365,98.1,1,6,4,2,,,,,,2,,,,2,,81,79,97.5,,,,,2,1,,1,,,54,49,64.81,T,T,T,T,FALSE,T,FALSE,T
COWP,COWP-D6,CTYZ_00001816,Fwd,4,197,21,"137,584","137,604",TAGGGTCATCTGCTACTCCCC,57.1,60.1,-,-,-,3,9,155,152,98.1,,3,3,0,,,,,,,,,,,,57,57,100.0,,,,,0,0,,,,,56,51,65.18,T,T,T,T,FALSE,FALSE,T,T
COWP,COWP-D6,CTYZ_00001816,Fwd,4,197,21,"137,760","137,780",CCCAGTATCAGAGGCTGTCAC,57.1,59.9,32.6,4.0,-,3,9,155,152,98.1,,3,3,0,,,,,,,,,,,,57,57,100.0,,,,,0,0,,,,,56,51,64.76,T,T,T,T,FALSE,T,T,T
COWP,COWP-D7,CTYZ_00001816,Fwd,4,542,21,"137,760","137,780",GTGACAGCCTCTGATACTGGG,57.1,59.9,35.2,10.6,-,3,9,498,489,98.2,,3,0,3,,,,,,,,,,,,166,163,98.2,,,,,3,2,1,,,,56,51,64.76,T,T,T,T,FALSE,FALSE,T,T
COWP,COWP-D7,CTYZ_00001816,Fwd,4,542,23,"138,279","138,301",GGGAGCATTCTCTGATATGGAGG,52.2,60.1,39.3,3.4,-,3,9,498,489,98.2,,3,0,3,,,,,,,,,,,,166,163,98.2,,,,,3,2,1,,,,57,52,64.81,T,T,T,T,FALSE,FALSE,T,T
COWP,COWP-D8,CTYZ_00001816,Fwd,4,219,23,"138,279","138,301",CCTCCATATCAGAGAATGCTCCC,52.2,60.1,42.3,1.5,4.0,3,9,176,172,97.7,,4,4,0,,,,,,,,,,,,60,60,100.0,,,,,0,0,,,,,57,52,64.81,T,T,T,T,FALSE,FALSE,T,T
COWP,COWP-D8,CTYZ_00001816,Fwd,4,219,20,"138,478","138,497",TGTAAACCTTGGAGCAGGCG,55,60.6,-,-,4.0,3,9,176,172,97.7,,4,4,0,,,,,,,,,,,,60,60,100.0,,,,,0,0,,,,,54,49,65.29,T,T,T,T,FALSE,FALSE,T,T
COWP,COWP-E1,CTYZ_00001196,Rev,6,258,20,"42,880","42,899",TGATGATGACGTCCACCAGT,50,58.7,-,-,3.4,3,1,216,216,100,,0,0,0,,,,,,,,,,,,72,72,100.0,,,,,0,0,,,,,52,47,64.12,T,T,T,T,FALSE,T,T,T
COWP,COWP-E1,CTYZ_00001196,Rev,6,258,22,"43,116","43,137",TCCAGTTATTCAGGAAGTCCCA,45.5,58.5,37.4,-,3.4,3,1,216,216,100,,0,0,0,,,,,,,,,,,,72,72,100.0,,,,,0,0,,,,,53,48,63.72,T,T,T,T,FALSE,T,T,T
COWP,COWP-E2,CTYZ_00001196,Rev,6,282,22,"43,116","43,137",TGGGACTTCCTGAATAACTGGA,45.5,58.5,43.3,-,-,3,1,240,240,100,,0,0,0,,,,,,,,,,,,81,81,100.0,,,,,0,0,,,,,53,48,63.72,T,T,T,T,FALSE,T,T,T
COWP,COWP-E2,CTYZ_00001196,Rev,6,282,20,"43,378","43,397",GAATGTCCAAACCCAACCCC,55,59.0,-,-,-,3,1,240,240,100,,0,0,0,,,,,,,,,,,,81,81,100.0,,,,,0,0,,,,,54,49,64.40,T,T,T,T,FALSE,FALSE,T,T
COWP,COWP-E3,CTYZ_00001196,Rev,6,265,20,"43,379","43,398",GGGTTGGGTTTGGACATTCC,55,59.0,39.6,-,-,3,1,223,222,99.6,1,0,0,0,,,,,,,,,,,,49,49,100.0,,,,,0,0,,,,,54,49,64.40,T,T,T,T,FALSE,T,T,T
COWP,COWP-E3,CTYZ_00001196,Rev,6,265,22,"43,622","43,643",CATGGACATGGACATGGACATC,50,59.1,42.9,18.8,-,3,1,223,222,99.6,1,0,0,0,,,,,,,,,,,,49,49,100.0,,,,,0,0,,,,,55,50,64.19,T,T,T,T,FALSE,T,FALSE,FALSE
COWP,COWP-F1,CTYZ_00001197,Rev,6,775,22,"45,425","45,446",CTGGTGGCAAGAGTAATAAGGC,50,59.1,-,-,2.3,3,1,729,717,98.4,,12,5,7,,,,,,,,,,,,243,236,97.1,,,,,7,7,,,,,55,50,63.55,T,T,T,T,FALSE,T,T,T
COWP,COWP-F1,CTYZ_00001197,Rev,6,775,24,"46,176","46,199",GATCCTCCTATAGTATACCGGCAC,50,59.4,-,-,2.3,3,1,729,717,98.4,,12,5,7,,,,,,,,,,,,243,236,97.1,,,,,7,7,,,,,57,52,64.05,T,T,T,T,FALSE,FALSE,FALSE,T
COWP,COWP-F2,CTYZ_00001197,Rev,6,203,23,"46,174","46,196",TCGTGCCGGTATACTATAGGAGG,52.2,60.6,-,4.6,-,3,1,158,156,98.7,,2,2,0,,,,,,,,,,,,53,53,100.0,,,,,0,0,,,,,57,52,65.36,T,T,T,T,FALSE,FALSE,FALSE,T
COWP,COWP-F2,CTYZ_00001197,Rev,6,203,22,"46,355","46,376",GGTATTGGTGCTCCATTCTGTC,50,59.1,43.9,4.2,-,3,1,158,156,98.7,,2,2,0,,,,,,,,,,,,53,53,100.0,,,,,0,0,,,,,55,50,63.83,T,T,T,T,FALSE,T,T,T
COWP,COWP-F3,CTYZ_00001197,Rev,6,244,22,"46,620","46,641",TTGTGCTGTATATCCTTCCGGG,50,59.9,-,-,-,3,1,198,196,99,,2,1,1,,,,,,,,,,,,67,66,98.5,,,,,1,1,,,,,55,50,64.74,T,T,T,T,FALSE,FALSE,T,T
COWP,COWP-F3,CTYZ_00001197,Rev,6,244,24,"46,840","46,863",GTTATGGGGTTCACATAGAGGTGG,50,60.7,39.3,-,-,3,1,198,196,99,,2,1,1,,,,,,,,,,,,67,66,98.5,,,,,1,1,,,,,57,52,65.63,T,T,T,T,FALSE,FALSE,T,T
COWP,COWP-F4,CTYZ_00001197,Rev,6,256,22,"46,706","46,727",CTTCAGCACATCCTGGAAATCC,50,59.3,33.6,-,-,3,1,212,210,99.1,,2,1,1,,,,,,,,,,,,71,70,98.6,,,,,1,1,,,,,55,50,64.10,T,T,T,T,FALSE,T,T,T
COWP,COWP-F4,CTYZ_00001197,Rev,6,256,22,"46,940","46,961",GGCCTGAATTCAGTGTATGACC,50,59.1,42.3,11.6,-,3,1,212,210,99.1,,2,1,1,,,,,,,,,,,,71,70,98.6,,,,,1,1,,,,,55,50,63.83,T,T,T,T,FALSE,T,FALSE,FALSE
COWP,COWP-F5,CTYZ_00001197,Rev,6,205,22,"46,816","46,837",CTTTGTTTAGCATGGCAGCCTC,50,60.4,34.2,-,-,3,1,159,159,100,,0,0,0,,,,,,,,,,,,54,54,100.0,,,,,0,0,,,,,55,50,64.59,T,T,T,T,FALSE,FALSE,T,T
COWP,COWP-F5,CTYZ_00001197,Rev,6,205,24,"46,997","47,020",CCTATTGTAGCAGACCAACAGGAG,50,60.7,-,-,-,3,1,159,159,100,,0,0,0,,,,,,,,,,,,54,54,100.0,,,,,0,0,,,,,57,52,65.31,T,T,T,T,FALSE,T,T,T
COWP,COWP-F6,CTYZ_00001197,Rev,6,868,20,"46,995","47,014",TGCTCCTGTTGGTCTGCTAC,55,59.7,34.2,1.4,-,3,1,827,822,99.4,,5,2,3,,,,,,,,,,,,277,274,98.9,,,,,3,2,1,,,,54,49,64.39,T,T,T,T,FALSE,T,T,T
COWP,COWP-F6,CTYZ_00001197,Rev,6,868,21,"47,842","47,862",GCCTCCAAACTGTGATTGGTC,52.4,59.5,46.1,0.4,-,3,1,827,822,99.4,,5,2,3,,,,,,,,,,,,277,274,98.9,,,,,3,2,1,,,,54,49,64.32,T,T,T,T,FALSE,T,T,T
COWP,COWP-F7,CTYZ_00001197,Rev,6,373,21,"47,851","47,871",CAGTTTGGAGGCAAATCAGGG,52.4,59.5,-,-,-,3,1,333,321,96.4,,12,6,6,,,,,,,,,,,,112,106,94.6,,,,,6,1,3,,2,,54,49,64.35,T,T,T,T,FALSE,FALSE,T,T
COWP,COWP-F7,CTYZ_00001197,Rev,6,373,19,"48,205","48,223",CTGCACAAAAGCTTCCGGC,57.9,60.4,42.2,4.4,-,3,1,333,321,96.4,,12,6,6,,,,,,,,,,,,112,106,94.6,,,,,6,1,3,,2,,53,48,64.72,T,T,T,T,FALSE,FALSE,FALSE,T
MEDLE,MEDLE-A1,CTYZ_00002702,Fwd,2,265,22,"6,070","6,091",ATGCCATCAGATGACCCTAGTC,50,59.4,43.8,-,-,3,1,223,162,72.6,,40,18,22,21,,21,,,,"1 x 9
 1 x 12",,,,,75,46,61.3,"1 x 4 
 1 x 3",,7,,29,22,,,,,55,50,64.24,T,T,T,T,FALSE,T,T,T
MEDLE,MEDLE-A1,CTYZ_00002702,Fwd,2,265,20,"5,827","5,846",GCTTTCCAGAACCTCTTGGC,55,59.1,36.6,-,-,3,1,223,162,72.6,,40,18,22,21,,21,,,,"1 x 9
 1 x 12",,,,,75,46,61.3,"1 x 4 
 1 x 3",,7,,29,22,,,,,54,49,63.78,T,T,T,T,FALSE,T,T,T
MEDLE,MEDLE-B1,CTYZ_00003166,Rev,5,265,22,"6,070","6,091",ATGCCATCAGATGACCCTAGTC,50,59.4,43.8,-,-,3,1,223,162,72.6,,40,18,22,21,,21,,,,"1 x 9
 1 x 12",,,,,75,46,61.3,"1 x 4 
 1 x 3",,7,,29,22,,,,,55,50,64.24,T,T,T,T,FALSE,T,T,T
MEDLE,MEDLE-B1,CTYZ_00003166,Rev,5,265,20,"5,827","5,846",GCTTTCCAGAACCTCTTGGC,55,59.1,36.6,-,-,3,1,223,162,72.6,,40,18,22,21,,21,,,,"1 x 9
 1 x 12",,,,,75,46,61.3,"1 x 4 
 1 x 3",,7,,29,22,,,,,54,49,63.78,T,T,T,T,FALSE,T,T,T
MEDLE,MEDLE-B2,CTYZ_00003166,Rev,5,233,22,"6,126","6,147",TTCATTGGTAGAGACGGGATGC,50,60.2,-,-,-,1,1,189,152,80.4,,26,10,16,11,,11,,,,"1 x 6
 1 x 5",,,,,64,42,65.6,"1 x 4
 1 x 2",,6,,22,15,1,,,,55,50,64.97,T,T,T,T,FALSE,T,T,T
MEDLE,MEDLE-B2,CTYZ_00003166,Rev,5,233,22,"6,337","6,358",TCTGAAGGTTTGAGTAGGGGTG,50,59.4,-,-,-,1,1,189,152,80.4,,26,10,16,11,,11,,,,"1 x 6
 1 x 5",,,,,64,42,65.6,"1 x 4
 1 x 2",,6,,22,15,1,,,,55,50,64.54,T,T,T,T,FALSE,FALSE,T,T
MEDLE,MEDLE-B3,CTYZ_00003166,Rev,5,361,22,"6,336","6,357",CCACCCCTACTCAAACCTTCAG,54.5,60.3,-,-,-,1,1,323,279,86.4,27,13,4,9,,4,,,,4,,,,"1 x 3
 1 x 1",,53,44,83.0,,,,,9,8,1,,,,57,52,65.43,T,T,T,T,FALSE,T,T,T
MEDLE,MEDLE-B3,CTYZ_00003166,Rev,5,361,20,"6,677","6,696",TGGAAAGAGCGGACTTACCC,55,59.4,39.0,8.4,-,1,1,323,279,86.4,27,13,4,9,,4,,,,4,,,,"1 x 3
 1 x 1",,53,44,83.0,,,,,9,8,1,,,,54,49,64.43,T,T,T,T,FALSE,T,FALSE,T
SKSR,SKSR-A1,"CTYZ_00003595 
 + 
 CTYZ_00003594",Rev,1,252,22,"38,090","38,069",GTGGCGATGAAGAGACTTGTTC,50,59.6,-,-,-,3,2,211,204,96.7,,4,2,2,3,,,3,,,,1 x 3,,,,71,68,95.8,,1 x 1,,1,3,2,,,,,55,50,64.27,T,T,T,T,FALSE,T,T,T
SKSR,SKSR-A1,"CTYZ_00003595 
 + 
 CTYZ_00003594",Rev,1,252,22,"38,320","38,299",TGACCAATGGAGTATCACTGGG,50,59.5,-,-,-,3,2,211,204,96.7,,4,2,2,3,,,3,,,,1 x 3,,,,71,68,95.8,,1 x 1,,1,3,2,,,,,55,50,64.68,T,T,T,T,FALSE,FALSE,T,T
SKSR,SKSR-A2,"CTYZ_00003595 
 + 
 CTYZ_00003594",Rev,1,380,24,"38,575","38,552",GAGGAGGCTCAGATAAAGCTCTTC,50,60.5,39.8,10.9,-,3,2,334,319,95.5,,15,4,11,,,,,,,,,,,,112,101,90.2,,,,,11,10,1,,,,57,52,64.86,T,T,T,T,FALSE,T,FALSE,T
SKSR,SKSR-A2,"CTYZ_00003595 
 + 
 CTYZ_00003594",Rev,1,380,22,"38,217","38,196",CCAACAAAGCAAAGGAGAAGGC,50,60.5,-,-,-,3,2,334,319,95.5,,15,4,11,,,,,,,,,,,,112,101,90.2,,,,,11,10,1,,,,55,50,65.02,T,T,T,T,FALSE,T,T,T
SKSR,SKSR-A3,"CTYZ_00003595 
 + 
 CTYZ_00003594",Rev,1,210,22,"38,402","38,381",GAGGAACTATGGAAGGAGCTGC,54.5,60.5,41.6,-,-,3,2,166,157,94.6,,9,2,7,,,,,,,,,,,,56,49,87.5,,,,,7,6,1,,,,57,52,65.00,T,T,T,T,FALSE,FALSE,FALSE,T
SKSR,SKSR-A3,"CTYZ_00003595 
 + 
 CTYZ_00003594",Rev,1,210,22,"38,590","38,569",TTGGCTTATTTCTCGGAGGAGG,50,59.8,40.9,1.2,-,3,2,166,157,94.6,,9,2,7,,,,,,,,,,,,56,49,87.5,,,,,7,6,1,,,,55,50,64.68,T,T,T,T,FALSE,FALSE,T,T
SKSR,SKSR-A4,"CTYZ_00003595 
 + 
 CTYZ_00003594",Rev,1,428,21,"38,588","38,568",GCCTCCTCCGAGAAATAAGCC,57.1,60.5,38.5,-,-,3,2,399,375,94,,12,3,9,12,,,12,,,,1 x 12,,,,134,121,90.3,,1 x 4,,4,13,9,,,,,56,51,65.12,T,T,T,T,FALSE,T,T,T
SKSR,SKSR-A4,"CTYZ_00003595 
 + 
 CTYZ_00003594",Rev,1,428,20,"38,995","38,976",TGCCTGTCAATAGCGGTAGG,55,59.5,-,-,-,3,2,399,375,94,,12,3,9,12,,,12,,,,1 x 12,,,,134,121,90.3,,1 x 4,,4,13,9,,,,,54,49,64.24,T,T,T,T,FALSE,T,T,T
SKSR,SKSR-B1,CTYZ_00003596,Rev,1,446,22,"42,142","42,121",GCCGACTGAAACGTGAGAAAAG,50,60.3,-,-,3.0,3,1,403,393,97.5,,10,1,9,,,,,,,,,,,,135,126,93.3,,,,,9,7,2,,,,55,50,64.99,T,T,T,T,FALSE,T,T,T
SKSR,SKSR-B1,CTYZ_00003596,Rev,1,446,21,"41,717","41,697",GTCAAATTGGTCCTACGGCTG,52.4,59.3,-,-,3.0,3,1,403,393,97.5,,10,1,9,,,,,,,,,,,,135,126,93.3,,,,,9,7,2,,,,54,49,64.09,T,T,T,T,FALSE,FALSE,FALSE,T
SKSR,SKSR-B2,CTYZ_00003596,Rev,1,545,21,"41,402","41,382",TCTCTCGCTGTTCCTCATGAG,52.4,59.3,32.9,16.2,9.2,3,1,505,492,97.4,,13,3,10,,,,,,,,,,,,169,159,94.1,,,,,10,10,,,,,54,49,64.13,T,T,T,T,FALSE,T,FALSE,FALSE
SKSR,SKSR-B2,CTYZ_00003596,Rev,1,545,19,"40,876","40,858",AGGGGAAAGCGGTGGAAAG,57.9,59.9,-,-,9.2,3,1,505,492,97.4,,13,3,10,,,,,,,,,,,,169,159,94.1,,,,,10,10,,,,,53,48,65.13,T,T,T,T,FALSE,T,T,T
SKSR,SKSR-B3,CTYZ_00003596,Rev,1,333,19,"40,875","40,857",TTTCCACCGCTTTCCCCTG,57.9,60.2,-,-,-,3,1,294,292,99.3,,2,1,1,,,,,,,,,,,,99,98,99.0,,,,,1,1,,,,,53,48,65.41,T,T,T,T,FALSE,FALSE,T,T
SKSR,SKSR-B3,CTYZ_00003596,Rev,1,333,20,"40,562","40,543",AGGTCTTGCTGCCATGAACC,55,60.6,34.3,2.2,-,3,1,294,292,99.3,,2,1,1,,,,,,,,,,,,99,98,99.0,,,,,1,1,,,,,54,49,65.34,T,T,T,T,FALSE,T,T,T
SKSR,SKSR-B4,CTYZ_00003596,Rev,1,381,20,"40,563","40,544",AGGTTCATGGCAGCAAGACC,55,60.6,-,-,-,3,1,339,334,98.5,,5,2,3,,,,,,,,,,,,113,110,97.3,,,,,3,3,,,,,54,49,65.34,T,T,T,T,FALSE,T,T,T
SKSR,SKSR-B4,CTYZ_00003596,Rev,1,381,22,"40,204","40,183",TGGGGTTTCTAATGACTGCCTC,50,60.0,-,-,-,3,1,339,334,98.5,,5,2,3,,,,,,,,,,,,113,110,97.3,,,,,3,3,,,,,55,50,64.90,T,T,T,T,FALSE,FALSE,T,T
SKSR,SKSR-B5,CTYZ_00003596,Rev,1,512,22,"40,205","40,184",TGAGGCAGTCATTAGAAACCCC,50,60.0,-,-,2.7,3,1,468,452,96.6,1,15,5,10,,,,,,,,,,,,131,121,92.4,,,,,10,10,,,,,55,50,64.90,T,T,T,T,FALSE,FALSE,T,T
SKSR,SKSR-B5,CTYZ_00003596,Rev,1,512,22,"39,715","39,694",CCAGGTAAAAGAACAAGACGCC,50,59.8,-,-,2.7,3,1,468,452,96.6,1,15,5,10,,,,,,,,,,,,131,121,92.4,,,,,10,10,,,,,55,50,64.50,T,T,T,T,FALSE,FALSE,T,T
SKSR,SKSR-C1,CTYZ_00003983,Rev,1,250,20,"862,772","862,791",TTGGGCCGATTGGTTGAGAG,55,60.3,37.7,-,-,2,1,226,200,88.5,11,0,0,0,,15,,,,15,,,,1 x 15,,0,0,0.0,,,,,0,0,,,,,54,49,65.37,T,T,T,T,FALSE,T,T,T
SKSR,SKSR-C1,CTYZ_00003983,Rev,1,250,19,"863,003","863,021",CGTTTTTCCCTTCCGCTGG,57.9,59.4,-,-,-,2,1,226,200,88.5,11,0,0,0,,15,,,,15,,,,1 x 15,,0,0,0.0,,,,,0,0,,,,,53,48,64.44,T,T,T,T,FALSE,FALSE,T,T
SKSR,SKSR-C2,CTYZ_00003983,Rev,1,226,21,"862,989","863,009",AGCAATAGAGACATCCAGCGG,52.4,59.9,-,-,-,2,1,184,170,92.4,8,0,0,0,,6,,,6,,,,"1 x 1
 1 x 2
 1 x 3",,,0,0,0.0,,,,,0,0,,,,,54,49,64.53,T,T,T,T,FALSE,FALSE,T,T
SKSR,SKSR-C2,CTYZ_00003983,Rev,1,226,21,"863,194","863,214",CAGCCAATTCATGTCAGGTGG,52.4,59.5,-,-,-,2,1,184,170,92.4,8,0,0,0,,6,,,6,,,,"1 x 1
 1 x 2
 1 x 3",,,0,0,0.0,,,,,0,0,,,,,54,49,64.40,T,T,T,T,FALSE,FALSE,T,T
SKSR,SKSR-C3,CTYZ_00003983,Rev,1,142,22,"863,191","863,212",TCTCCACCTGACATGAATTGGC,50,60.6,-,-,-,2,1,103,90,87.4,10,0,0,0,,3,,,,3,,,,"1 x 1
 1 x 2",,0,0,0.0,,,,,0,0,,,,,55,50,65.47,T,T,T,T,FALSE,T,T,T
SKSR,SKSR-C3,CTYZ_00003983,Rev,1,142,20,"863,313","863,332",TTGTTTGGCGCCGAAAGTAG,50,59.4,-,14.6,-,2,1,103,90,87.4,10,0,0,0,,3,,,,3,,,,"1 x 1
 1 x 2",,0,0,0.0,,,,,0,0,,,,,52,47,64.01,T,T,T,T,FALSE,T,FALSE,T
SKSR,SKSR-C4,CTYZ_00003983,Rev,1,233,22,"863,305","863,326",AATCTCTACTACTTTCGGCGCC,50,60.2,-,19.1,-,3,1,189,177,93.7,8,4,3,1,,,,,,,,,,,,30,29,96.7,,,,,1,1,,,,,55,50,64.69,T,T,T,T,FALSE,FALSE,FALSE,T
SKSR,SKSR-C4,CTYZ_00003983,Rev,1,233,22,"863,516","863,537",CTGAAGAATTGTCACCAGGTGC,50,59.8,33.0,10.7,-,3,1,189,177,93.7,8,4,3,1,,,,,,,,,,,,30,29,96.7,,,,,1,1,,,,,55,50,64.52,T,T,T,T,FALSE,FALSE,FALSE,FALSE
SKSR,SKSR-C5,CTYZ_00003983,Rev,1,286,22,"863,516","863,537",GCACCTGGTGACAATTCTTCAG,50,59.8,42.1,21.0,-,2,1,240,189,78.8,,51,16,35,,,,,,,,,,,,81,46,56.8,,,,,35,30,4,1,,,55,50,64.52,T,T,T,T,FALSE,T,FALSE,FALSE
SKSR,SKSR-C5,CTYZ_00003983,Rev,1,286,24,"863,778","863,801",CCATACTAGCCCTTCTCTCAAACG,50,60.7,-,-,-,2,1,240,189,78.8,,51,16,35,,,,,,,,,,,,81,46,56.8,,,,,35,30,4,1,,,57,52,65.34,T,T,T,T,FALSE,T,T,T
SKSR,SKSR-C6,CTYZ_00003983,Rev,1,456,24,"863,778","863,801",CGTTTGAGAGAAGGGCTAGTATGG,50,60.7,-,-,0.0,2,1,410,325,79.3,,85,32,53,,,,,,,,,,,,137,84,61.3,,,,,53,50,2,,1,,57,52,65.34,T,T,T,T,FALSE,T,T,T
SKSR,SKSR-C6,CTYZ_00003983,Rev,1,456,22,"864,212","864,233",GGCTTGTAACTTGATCTCGAGC,50,59.4,-,7.8,0.0,2,1,410,325,79.3,,85,32,53,,,,,,,,,,,,137,84,61.3,,,,,53,50,2,,1,,55,50,63.81,T,T,T,T,FALSE,FALSE,FALSE,T
SKSR,SKSR-C7,CTYZ_00003983,Rev,1,808,22,"864,212","864,233",GCTCGAGATCAAGTTACAAGCC,50,59.4,-,18.8,-,2,1,765,656,85.8,,109,28,81,,,,,,,,,,,,256,175,68.4,,,,,81,76,2,1,2,,55,50,63.81,T,T,T,T,FALSE,T,FALSE,T
SKSR,SKSR-C7,CTYZ_00003983,Rev,1,808,21,"864,999","865,019",CCTTTGAAATATCGGCTGCGC,52.4,60.6,-,-,-,2,1,765,656,85.8,,109,28,81,,,,,,,,,,,,256,175,68.4,,,,,81,76,2,1,2,,54,49,64.77,T,T,T,T,FALSE,FALSE,FALSE,T
SKSR,SKSR-C8,CTYZ_00003983,Rev,1,196,22,"865,420","865,441",AAGTAGAGCTGGCATATCGAGC,50,60.0,45.5,2.5,-,3,1,153,145,94.8,,7,5,2,,1,,,,1,,,,1 x 1,,51,12,23.5,,,,,2,2,,,,,55,50,64.24,T,T,T,T,FALSE,FALSE,T,T
SKSR,SKSR-C8,CTYZ_00003983,Rev,1,196,22,"865,594","865,615",TGGTCTTGCTCCTAACTCCATC,50,59.5,-,-,-,3,1,153,145,94.8,,7,5,2,,1,,,,1,,,,1 x 1,,51,12,23.5,,,,,2,2,,,,,55,50,64.36,T,T,T,T,FALSE,T,T,T
SKSR,SKSR-D1,CTYZ_00002705,Fwd,3,299,20,503,522,AACACCCGGTGACACTTCAG,55,60.2,37.0,24.8,-,3,1,258,222,86,,36,13,23,,,,,,,,,,,,87,64,73.6,,,,,23,22,,1,,,54,49,65.51,T,T,T,T,FALSE,T,FALSE,FALSE
SKSR,SKSR-D1,CTYZ_00002705,Fwd,3,299,21,781,801,GAGGAACCCCACAAAACCAAG,52.4,59.3,33.9,-,-,3,1,258,222,86,,36,13,23,,,,,,,,,,,,87,64,73.6,,,,,23,22,,1,,,54,49,64.53,T,T,T,T,FALSE,T,T,T
SKSR,SKSR-D2,CTYZ_00002705,Fwd,3,195,21,781,801,CTTGGTTTTGTGGGGTTCCTC,52.4,59.3,-,-,8.6,3,1,170,138,81.2,,14,5,9,18,,,18,,,,1 x 18,,,,58,43,74.1,,1 x 6,,6,15,9,,,,,54,49,64.53,T,T,T,T,FALSE,T,T,T
SKSR,SKSR-D2,CTYZ_00002705,Fwd,3,195,22,954,975,AATCCAGGTCAAGGTCCAAGTC,50,60.0,-,-,8.6,3,1,170,138,81.2,,14,5,9,18,,,18,,,,1 x 18,,,,58,43,74.1,,1 x 6,,6,15,9,,,,,55,50,65.14,T,T,T,T,FALSE,T,T,T
SKSR,SKSR-D3,CTYZ_00002705,Fwd,3,250,22,945,966,CTTGTTCTGGACTTGGACCTTG,50,59.1,-,-,1.7,3,1,208,208,100,,0,0,0,,,,,,,,,,,,70,70,100.0,,,,,0,0,,,,,55,50,64.18,T,T,T,T,FALSE,T,T,T
SKSR,SKSR-D3,CTYZ_00002705,Fwd,3,250,20,"1,175","1,194",ATGCTCCTACTCGTCCAACC,55,59.2,-,-,1.7,3,1,208,208,100,,0,0,0,,,,,,,,,,,,70,70,100.0,,,,,0,0,,,,,54,49,64.21,T,T,T,T,FALSE,T,T,T
SKSR,SKSR-D4,CTYZ_00002705,Fwd,3,224,22,"1,170","1,191",TCAATGGTTGGACGAGTAGGAG,50,59.5,-,-,-,3,1,221,220,99.5,,1,0,1,,,,,,,,,,,,75,74,98.7,,,,,1,1,,,,,55,50,64.61,T,T,T,T,FALSE,T,T,T
SKSR,SKSR-D4,CTYZ_00002705,Fwd,3,255,20,"1,413","1,432",GCTACTGGAGGTGCTGAAGG,60,60.1,-,-,-,3,1,221,220,99.5,,1,0,1,,,,,,,,,,,,75,74,98.7,,,,,1,1,,,,,56,51,64.79,T,T,T,T,FALSE,T,T,T
SKSR,SKSR-D5,CTYZ_00002705,Fwd,3,551,23,"1,422","1,444",CCTCCAGTAGCTTCATCTTCACC,52.2,60.4,-,-,14.5,3,1,506,503,99.4,,3,0,3,,,,,,,,,,,,169,166,98.2,,,,,3,3,,,,,57,52,65.15,T,T,T,T,FALSE,T,T,T
SKSR,SKSR-D5,CTYZ_00002705,Fwd,3,551,22,"1,951","1,972",GAAGAGGAAAGGCTGCTTCAAG,50,59.5,31.5,8.5,14.5,3,1,506,503,99.4,,3,0,3,,,,,,,,,,,,169,166,98.2,,,,,3,3,,,,,55,50,63.99,T,T,T,T,FALSE,T,T,T
SKSR,SKSR-D6,CTYZ_00002705,Fwd,3,"1,104",21,"1,956","1,976",AGCAGCCTTTCCTCTTCTTCC,52.4,60.0,-,-,-,1,1,1063,909,85.5,,154,43,111,,,,,,,,,,,,355,244,68.7,,,,,111,111,4,4,5,,54,49,64.66,T,T,T,T,FALSE,T,T,T
SKSR,SKSR-D6,CTYZ_00002705,Fwd,3,"1,104",20,"3,040","3,059",TTCGCAGGATGTCAGCAGAG,55,60.1,-,-,-,1,1,1063,909,85.5,,154,43,111,,,,,,,,,,,,355,244,68.7,,,,,111,111,4,4,5,,54,49,64.73,T,T,T,T,FALSE,T,T,T
SKSR,SKSR-E1,CTYZ_00001847,Rev,4,276,20,"219,708","219,727",CCATGGCTCGGTGTCATTTG,55,59.5,39.3,-,-,3,1,237,231,97.5,6,0,0,0,,1,,,,1,,,,1 x 1,,0,0,0.0,,,,,0,0,,,,,54,49,64.48,T,T,T,T,FALSE,T,FALSE,T
SKSR,SKSR-E1,CTYZ_00001847,Rev,4,276,20,"219,964","219,983",GTGGAAAGAGGAAACTGGCG,55,59.1,44.4,-,-,3,1,237,231,97.5,6,0,0,0,,1,,,,1,,,,1 x 1,,0,0,0.0,,,,,0,0,,,,,54,49,64.05,T,T,T,T,FALSE,FALSE,T,T
SKSR,SKSR-E2,CTYZ_00001847,Rev,4,947,20,"219,964","219,983",CGCCAGTTTCCTCTTTCCAC,55,59.1,-,-,10.5,3,1,906,864,95.4,19,22,8,14,1,,,1,,,,1 x 1,,,,183,169,92.3,,,,,14,14,,,,,54,49,64.05,T,T,T,T,FALSE,T,T,T
SKSR,SKSR-E2,CTYZ_00001847,Rev,4,947,22,"220,889","220,910",GGCCAGAGAGAATTGGAACTTG,50,59.2,-,-,10.5,3,1,906,864,95.4,19,22,8,14,1,,,1,,,,1 x 1,,,,183,169,92.3,,,,,14,14,,,,,55,50,64.03,T,T,T,T,FALSE,T,FALSE,T
SKSR,SKSR-E3,CTYZ_00001847,Rev,4,563,22,"220,907","220,928",GGCCAAAAAGAACTTCTACGCC,50,60.4,-,1.1,-,3,1,520,501,96.3,8,11,3,8,,,,,,,,,,,,95,87,91.6,,,,,8,7,,1,,,55,50,64.79,FALSE,T,T,T,FALSE,FALSE,FALSE,T
SKSR,SKSR-E3,CTYZ_00001847,Rev,4,563,21,"221,449","221,469",TGGTGATCCGTCCATAGACAC,52.4,59.2,43.7,3.4,-,3,1,520,501,96.3,8,11,3,8,,,,,,,,,,,,95,87,91.6,,,,,8,7,,1,,,54,49,64.46,T,T,T,T,FALSE,T,T,T
SKSR,SKSR-E4,CTYZ_00001847,Rev,4,105,23,"221,446","221,468",GTAGTGTCTATGGACGGATCACC,52.2,60.0,44.8,-,-,2,1,62,60,96.8,2,0,0,0,,,,,,,,,,,,0,0,0.0,,,,,0,0,,,,,57,52,64.95,T,T,T,T,FALSE,T,T,T
SKSR,SKSR-E4,CTYZ_00001847,Rev,4,105,20,"221,531","221,550",TGAGCGTTGTTTTGCTTCCG,50,60.0,42.6,-,-,2,1,62,60,96.8,2,0,0,0,,,,,,,,,,,,0,0,0.0,,,,,0,0,,,,,52,47,64.53,T,T,T,T,FALSE,T,T,T
SKSR,SKSR-E5,CTYZ_00001847,Rev,4,432,20,"221,530","221,549",TCGGAAGCAAAACAACGCTC,50,59.7,37.5,-,-,3,1,391,373,95.4,16,0,0,0,,2,,,1,1,,,1,1,,0,0,0.0,,,,,0,0,,,,,52,47,64.26,T,T,T,T,FALSE,FALSE,T,T
SKSR,SKSR-E5,CTYZ_00001847,Rev,4,432,22,"221,940","221,961",CCGCAAGTTCTCATCATGCATG,50,60.5,-,21.1,-,3,1,391,373,95.4,16,0,0,0,,2,,,1,1,,,1,1,,0,0,0.0,,,,,0,0,,,,,55,50,64.95,T,T,T,T,FALSE,T,FALSE,FALSE
SKSR,SKSR-F1,CTYZ_00000002,Rev,8,251,23,"2,761","2,783",CGGAGATCTGCCTCTAGATCTAC,52.2,59.1,32.7,8.9,-,3,1,212,150,70.8,,56,42,14,6,,3,3,,,"1 x 1
 1 x 2",1 x 3,,,,79,49,62.0,1 x 8,1 x 8,8,8,30,14,,,,,57,52,63.74,T,T,T,T,FALSE,T,FALSE,FALSE
SKSR,SKSR-F1,CTYZ_00000002,Rev,8,251,19,"2,993","3,011",GCTCTGCATCAGGCTTTGC,57.9,59.9,45.2,11.3,-,3,1,212,150,70.8,,56,42,14,6,,3,3,,,"1 x 1
 1 x 2",1 x 3,,,,79,49,62.0,1 x 8,1 x 8,8,8,30,14,,,,,53,48,63.92,T,T,T,T,FALSE,T,T,T
SKSR,SKSR-F2,CTYZ_00000002,Rev,8,248,22,"2,818","2,839",TGACCTTAACCTAGTGCGAGAG,50,59.2,-,-,-,3,1,209,147,70.3,,56,41,15,6,,3,3,,,"1 x 1
 1 x 2",1 x 3,,,,77,46,59.7,1 x 8,1 x 8,8,8,31,15,,,,,55,50,64.04,T,T,T,T,FALSE,T,T,T
SKSR,SKSR-F2,CTYZ_00000002,Rev,8,248,20,"3,046","3,065",CAGGTGCCTTTGCTTCACTC,55,59.4,38.7,-,-,3,1,209,147,70.3,,56,41,15,6,,3,3,,,"1 x 1
 1 x 2",1 x 3,,,,77,46,59.7,1 x 8,1 x 8,8,8,31,15,,,,,54,49,64.04,T,T,T,T,FALSE,T,T,T
SKSR,SKSR-F3,CTYZ_00000002,Rev,8,301,20,"3,046","3,065",GAGTGAAGCAAAGGCACCTG,55,59.4,44.6,-,-,3,1,259,256,98.8,,3,1,2,,,,,,,,,,,,89,87,97.8,,,,,2,2,,,,,54,49,64.04,T,T,T,T,FALSE,T,T,T
SKSR,SKSR-F3,CTYZ_00000002,Rev,8,301,22,"3,325","3,346",GCAGGGTGAAAGAAGGACAAAG,50,59.7,-,-,-,3,1,259,256,98.8,,3,1,2,,,,,,,,,,,,89,87,97.8,,,,,2,2,,,,,55,50,64.48,T,T,T,T,FALSE,T,T,T
SKSR,SKSR-F4,CTYZ_00000002,Rev,8,356,21,"3,330","3,350",TCCTTCTTTCACCCTGCCTTC,52.4,59.9,-,-,0.2,2,1,315,283,89.8,,32,10,22,,,,,,,,,,,,106,84,79.2,,,,,22,21,1,,,,54,49,64.91,T,T,T,T,FALSE,T,T,T
SKSR,SKSR-F4,CTYZ_00000002,Rev,8,356,20,"3,666","3,685",AGCGGATAGAGAACGTAGCG,55,59.4,-,-,0.2,2,1,315,283,89.8,,32,10,22,,,,,,,,,,,,106,84,79.2,,,,,22,21,1,,,,54,49,64.00,T,T,T,T,FALSE,T,T,T
SKSR,SKSR-F5,CTYZ_00000002,Rev,8,253,20,"3,665","3,684",TCGCTACGTTCTCTATCCGC,55,59.4,-,-,7.9,3,1,212,195,92,,17,5,12,,,,,,,,,,,,71,59,83.1,,,,,12,12,,,,,54,49,63.99,T,T,T,T,FALSE,FALSE,T,T
SKSR,SKSR-F5,CTYZ_00000002,Rev,8,253,21,"3,897","3,917",GCGTAGTTTCAGCGTATGAGG,52.4,59.1,39.7,-,7.9,3,1,212,195,92,,17,5,12,,,,,,,,,,,,71,59,83.1,,,,,12,12,,,,,54,49,63.60,T,T,T,T,FALSE,T,T,T
SKSR,SKSR-F6,CTYZ_00000002,Rev,8,"1,147",21,"3,897","3,917",CCTCATACGCTGAAACTACGC,52.4,59.1,32.1,-,-,3,1,1107,1034,93.4,,70,11,59,3,,,3,,,,1 x 3,,,,370,311,84.1,,,,,59,57,2,,,,54,49,63.60,T,T,T,T,FALSE,T,T,T
SKSR,SKSR-F6,CTYZ_00000002,Rev,8,"1,147",22,"5,022","5,043",CCTCACAGTTCTGATGAAAGCG,50,59.6,33.5,-,-,3,1,1107,1034,93.4,,70,11,59,3,,,3,,,,1 x 3,,,,370,311,84.1,,,,,59,57,2,,,,55,50,64.28,T,T,T,T,FALSE,T,T,T
SKSR,SKSR-G1,"CTYZ_00000003
 +
 CTYZ_00000004",Rev,8,196,22,"7,387","7,408",AATCTGTCCCTTTTAGGCTCGG,50,60.1,36.0,0.5,-,3,1,150,140,93.3,,10,3,7,,,,,,,,,,,,50,43,86.0,,,,,7,5,,1,1,,55,50,64.95,T,T,T,T,FALSE,FALSE,T,T
SKSR,SKSR-G1,"CTYZ_00000003
 +
 CTYZ_00000004",Rev,8,196,24,"7,559","7,582",CCTAGTGGAAGCTCTAATTCAGGC,50,60.7,34.6,0.5,-,3,1,150,140,93.3,,10,3,7,,,,,,,,,,,,50,43,86.0,,,,,7,5,,1,1,,57,52,65.11,T,T,T,T,FALSE,FALSE,FALSE,T
SKSR,SKSR-G2,"CTYZ_00000003
 +
 CTYZ_00000004",Rev,8,388,24,"7,559","7,582",GCCTGAATTAGAGCTTCCACTAGG,50,60.7,-,-,-,2,1,381,324,85,,21,6,15,36,,,36,,,,1 x 36,,,,127,100,78.7,,1 x 12,,12,27,14,1,,,,57,52,65.11,T,T,T,T,FALSE,T,T,T
SKSR,SKSR-G2,"CTYZ_00000003
 +
 CTYZ_00000004",Rev,8,388,19,"7,928","7,946",AGGTCATGCTGGCGTTTCC,57.9,60.7,-,-,-,2,1,381,324,85,,21,6,15,36,,,36,,,,1 x 36,,,,127,100,78.7,,1 x 12,,12,27,14,1,,,,53,48,65.46,T,T,T,T,FALSE,T,FALSE,T
SKSR,SKSR-G3,"CTYZ_00000003
 +
 CTYZ_00000004",Rev,8,168,20,"7,908","7,927",AAATCTTCGCTGTCAGCTGC,50,59.2,42.5,17.2,15.8,3,1,126,121,96,,5,2,3,,,,,,,,,,,,42,39,92.9,,,,,3,3,,,,,52,47,63.51,T,T,T,T,FALSE,FALSE,T,T
SKSR,SKSR-G3,"CTYZ_00000003
 +
 CTYZ_00000004",Rev,8,168,22,"8,054","8,075",GGCTGAAGAAGATCTTGCAAGC,50,60.2,39.1,17.2,22.0,3,1,126,121,96,,5,2,3,,,,,,,,,,,,42,39,92.9,,,,,3,3,,,,,55,50,64.32,T,T,T,T,FALSE,T,FALSE,FALSE
SKSR,SKSR-G4,"CTYZ_00000003
 +
 CTYZ_00000004",Rev,8,215,20,"7,980","7,999",TTTGTTGCACTTTCTGCCCC,50,59.5,46.5,-,-,3,1,172,165,95.9,,7,4,3,,,,,,,,,,,,58,55,94.8,,,,,3,3,,,,,52,47,64.24,T,T,T,T,FALSE,FALSE,T,T
SKSR,SKSR-G4,"CTYZ_00000003
 +
 CTYZ_00000004",Rev,8,215,23,"8,172","8,194",AGTTCGGTGGAGTCTATAGAGGG,52.2,60.4,-,-,-,3,1,172,165,95.9,,7,4,3,,,,,,,,,,,,58,55,94.8,,,,,3,3,,,,,57,52,65.51,T,T,T,T,FALSE,FALSE,FALSE,FALSE
SKSR,SKSR-G5,"CTYZ_00000003
 +
 CTYZ_00000004",Rev,8,343,22,"8,172","8,193",CCCTCTATAGACTCCACCGAAC,54.5,59.1,-,-,-,3,1,297,281,94.6,,16,5,11,,,,,,,,,,,,100,89,89.0,,,,,11,10,,1,,,57,52,64.20,T,T,T,T,FALSE,T,FALSE,FALSE
SKSR,SKSR-G5,"CTYZ_00000003
 +
 CTYZ_00000004",Rev,8,343,24,"8,491","8,514",CTAGATCTACTTCACCTGGAGGAC,50,59.2,38.9,-,-,3,1,297,281,94.6,,16,5,11,,,,,,,,,,,,100,89,89.0,,,,,11,10,,1,,,57,52,64.09,T,T,T,T,FALSE,T,FALSE,FALSE
SKSR,SKSR-G6,"CTYZ_00000003
 +
 CTYZ_00000004",Rev,8,183,24,"8,491","8,514",GTCCTCCAGGTGAAGTAGATCTAG,50,59.2,36.3,-,2.9,3,1,137,126,92,,5,0,5,6,,6,,,,1 x 6,,,,,47,40,85.1,,1 x 2,2,,7,5,,,,,57,52,64.09,T,T,T,T,FALSE,T,FALSE,FALSE
SKSR,SKSR-G6,"CTYZ_00000003
 +
 CTYZ_00000004",Rev,8,183,22,"8,652","8,673",AGTTGAAAGAGGAGAAAGCCGG,50,60.6,-,-,-,3,1,137,126,92,,5,0,5,6,,6,,,,1 x 6,,,,,47,40,85.1,,1 x 2,2,,7,5,,,,,55,50,65.37,T,T,T,T,FALSE,FALSE,FALSE,T
SKSR,SKSR-G7,CTYZ_00000004,Rev,8,529,21,"8,652","8,672",CCGGCTTTCTCCTCTTTCAAC,52.4,59.2,-,-,-,3,1,484,456,94.2,,28,7,21,,,,,,,,,,,,162,141,87.0,,,,,21,21,,,,,54,49,64.03,T,T,T,T,FALSE,T,FALSE,T
SKSR,SKSR-G7,CTYZ_00000004,Rev,8,529,24,"9,157","9,180",GAGGAACACCTCTGAGAGTTGAAG,50,60.6,44.7,-,9.8,3,1,484,456,94.2,,28,7,21,,,,,,,,,,,,162,141,87.0,,,,,21,21,,,,,57,52,65.44,T,T,T,T,FALSE,T,FALSE,FALSE
SKSR,SKSR-G8,CTYZ_00000004,Rev,8,340,19,"9,661","9,679",CAAGCTGCGCAAACCCTTC,57.9,60.4,-,-,7.8,3,1,299,275,92,,24,7,17,,,,,,,,,,,,100,83,83.0,,,,,17,17,,,,,53,48,64.72,T,T,T,T,FALSE,T,T,T
SKSR,SKSR-G8,CTYZ_00000004,Rev,8,340,22,"9,979","10,000",GTGTTGGAAGCAATGTTACGGC,50,60.9,-,-,-,3,1,299,275,92,,24,7,17,,,,,,,,,,,,100,83,83.0,,,,,17,17,,,,,55,50,65.32,T,T,T,T,FALSE,FALSE,T,T
SKSR,SKSR-H1,CTYZ_00000005,Rev,8,250,23,"12,165","12,187",GATGGAGCCCCTACTCTTGTTAC,52.2,60.2,36.9,-,-,3,1,207,196,94.7,,11,4,7,,,,,,,,,,,,69,62,89.9,,,,,7,7,,,,,57,52,64.92,T,T,T,T,FALSE,T,T,T
SKSR,SKSR-H1,CTYZ_00000005,Rev,8,250,20,"12,395","12,414",ATCGACATGGTTTGGGAGCC,55,60.4,-,-,-,3,1,207,196,94.7,,11,4,7,,,,,,,,,,,,69,62,89.9,,,,,7,7,,,,,54,49,65.44,T,T,T,T,FALSE,FALSE,T,T
SKSR,SKSR-H2,CTYZ_00000005,Rev,8,217,21,"12,391","12,411",TCATGGCTCCCAAACCATGTC,52.4,60.6,37.0,18.7,-,2,1,175,167,95.4,,8,2,6,,,,,,,,,,,,59,53,89.8,,,,,6,6,,,,,54,49,65.59,T,T,T,T,FALSE,T,FALSE,FALSE
SKSR,SKSR-H2,CTYZ_00000005,Rev,8,217,21,"12,587","12,607",AGAAGGCAGGGTGAAAGAAGG,52.4,59.9,-,-,-,2,1,175,167,95.4,,8,2,6,,,,,,,,,,,,59,53,89.8,,,,,6,6,,,,,54,49,64.92,T,T,T,T,FALSE,T,T,T
SKSR,SKSR-H3,CTYZ_00000005,Rev,8,250,22,"12,581","12,602",CTTTGTCCTTCTTTCACCCTGC,50,59.7,-,-,2.7,2,1,206,180,87.4,,26,10,16,,,,,,,,,,,,69,53,76.8,,,,,16,15,,1,,,55,50,64.48,T,T,T,T,FALSE,FALSE,T,T
SKSR,SKSR-H3,CTYZ_00000005,Rev,8,250,22,"12,809","12,830",GCAAAGTAGGGAAGGTTCAGTG,50,59.2,-,-,2.7,2,1,206,180,87.4,,26,10,16,,,,,,,,,,,,69,53,76.8,,,,,16,15,,1,,,55,50,63.96,T,T,T,T,FALSE,T,T,T
SKSR,SKSR-H4,CTYZ_00000005,Rev,8,304,22,"12,815","12,836",ACCTTCCCTACTTTGCAGATGC,50,60.6,42.5,-,-,3,1,261,220,84.3,,41,13,28,,,,,,,,,,,,88,60,68.2,,,,,28,28,,,,,55,50,65.18,T,T,T,T,FALSE,T,T,T
SKSR,SKSR-H4,CTYZ_00000005,Rev,8,304,21,"13,098","13,118",AAGGAGGTGGGAAAGAGACAC,52.4,59.3,-,-,-,3,1,261,220,84.3,,41,13,28,,,,,,,,,,,,88,60,68.2,,,,,28,28,,,,,54,49,64.60,T,T,T,T,FALSE,T,T,T
SKSR,SKSR-H5,CTYZ_00000005,Rev,8,444,21,"13,096","13,116",ATGTGTCTCTTTCCCACCTCC,52.4,59.4,-,-,-,3,1,401,329,82,,72,24,48,,,,,,,,,,,,134,86,64.2,,,,,48,46,,,2,,54,49,64.67,T,T,T,T,FALSE,FALSE,T,T
SKSR,SKSR-H5,CTYZ_00000005,Rev,8,444,22,"13,518","13,539",CCGAGTCTGGTGCAAAATCAAG,50,60.1,-,-,-,3,1,401,329,82,,72,24,48,,,,,,,,,,,,134,86,64.2,,,,,48,46,,,2,,55,50,64.80,T,T,T,T,FALSE,T,T,T
SKSR,SKSR-H6,CTYZ_00000005,Rev,8,250,20,"13,662","13,681",CTGGCCGCTGTTTCAACTTC,55,60.0,-,-,1.8,1,1,208,167,80.3,,41,12,29,,,,,,,,,,,,70,41,58.6,,,,,29,26,,3,,,54,49,64.62,T,T,T,T,FALSE,T,T,T
SKSR,SKSR-H6,CTYZ_00000005,Rev,8,250,22,"13,890","13,911",TTGAAGGAGAGTCGGAAAAGGG,50,60.0,-,-,1.8,1,1,208,167,80.3,,41,12,29,,,,,,,,,,,,70,41,58.6,,,,,29,26,,3,,,55,50,65.10,T,T,T,T,FALSE,T,T,T
SKSR,SKSR-H7,CTYZ_00000005,Rev,8,388,21,"13,889","13,909",ACCCTTTTCCGACTCTCCTTC,52.4,59.4,-,-,7.6,3,1,347,281,81,,66,20,46,,,,,,,,,,,,116,70,60.3,,,,,46,43,1,2,,,54,49,64.64,T,T,T,T,FALSE,T,T,T
SKSR,SKSR-H7,CTYZ_00000005,Rev,8,388,20,"14,257","14,276",GGCTGCAGAGGGTGGTAAAG,60,60.7,-,20.4,7.6,3,1,347,281,81,,66,20,46,,,,,,,,,,,,116,70,60.3,,,,,46,43,1,2,,,56,51,65.37,T,T,T,T,FALSE,T,FALSE,T
SKSR,SKSR-H8,CTYZ_00000005,Rev,8,168,21,"14,255","14,275",ATCTTTACCACCCTCTGCAGC,52.4,60.1,-,9.5,7.4,3,1,134,122,91,,6,0,6,6,,,6,,,,1 x 6,,,,22,16,72.7,,,,,6,5,,1,,,54,49,64.72,T,T,T,T,FALSE,FALSE,FALSE,T
SKSR,SKSR-H8,CTYZ_00000005,Rev,8,168,19,"14,404","14,422",CGCTAGCATGTGCAGTGTG,57.9,59.6,45.2,16.5,7.4,3,1,134,122,91,,6,0,6,6,,,6,,,,1 x 6,,,,22,16,72.7,,,,,6,5,,1,,,53,48,63.89,T,T,T,T,FALSE,T,FALSE,T
Actin,Actin-A1,CTYZ_00004034,Fwd,0.03,119,23,"102,234","102,256",GGTTCTGGTATGGTTAAGGCAGG,52.2,60.9,-,-,19.1,3,1,72,72,100,,0,0,0,,,,,,,,,,,,25,25,100.0,,,,,0,0,,,,,57,52,65.68,T,T,T,T,FALSE,FALSE,T,T
Actin,Actin-A1,CTYZ_00004034,Fwd,0.03,119,24,"102,329","102,352",CAGTCCTTTTGGTCCATACCTACC,50,60.6,46.9,-,19.1,3,1,72,72,100,,0,0,0,,,,,,,,,,,,25,25,100.0,,,,,0,0,,,,,57,52,65.57,T,T,T,T,FALSE,T,T,T
Actin,Actin-A2,CTYZ_00004034,Fwd,0.03,250,20,"102,288","102,307",TTCCCATCGATCGTTGGTCG,55,60.2,41.4,32.6,-,3,1,208,206,99,,2,2,0,,,,,,,,,,,,70,70,100.0,,,,,0,0,,,,,54,49,65.42,T,T,T,T,FALSE,FALSE,FALSE,T
Actin,Actin-A2,CTYZ_00004034,Fwd,0.03,250,22,"102,516","102,537",CCTTTGGGTTCATTGGTGCTTC,50,60.3,-,-,-,3,1,208,206,99,,2,2,0,,,,,,,,,,,,70,70,100.0,,,,,0,0,,,,,55,50,65.08,T,T,T,T,FALSE,T,T,T
Actin,Actin-A3,CTYZ_00004034,Fwd,0.03,264,20,"102,483","102,502",GTTGCTCCAGAGGAACACCC,60,60.6,45.0,22.5,-,3,1,222,220,99.1,,2,1,1,,,,,,,,,,,,75,74,98.7,,,,,1,0,,1,,,56,51,65.62,T,T,T,T,FALSE,FALSE,FALSE,T
Actin,Actin-A3,CTYZ_00004034,Fwd,0.03,264,22,"102,725","102,746",ACGTCCAGCTAGATCCAATCTC,50,59.4,40.8,-,-,3,1,222,220,99.1,,2,1,1,,,,,,,,,,,,75,74,98.7,,,,,1,0,,1,,,55,50,64.19,T,T,T,T,FALSE,T,FALSE,FALSE
Actin,Actin-A4,CTYZ_00004034,Fwd,0.03,178,22,"102,622","102,643",TGTATGCCTCTGGTCGTACAAC,50,60.1,32.6,11.2,-,3,1,135,133,98.5,,2,1,1,,,,,,,,,,,,46,45,97.8,,,,,1,0,,1,,,55,50,64.87,T,T,T,T,FALSE,T,FALSE,T
Actin,Actin-A4,CTYZ_00004034,Fwd,0.03,178,21,"102,779","102,799",GTAAAGCTGTAACCACGGTCG,52.4,59.3,33.2,-,-,3,1,135,133,98.5,,2,1,1,,,,,,,,,,,,46,45,97.8,,,,,1,0,,1,,,54,49,64.02,T,T,T,T,FALSE,FALSE,FALSE,T
Actin,Actin-A5,CTYZ_00004034,Fwd,0.03,381,21,"102,779","102,799",CGACCGTGGTTACAGCTTTAC,52.4,59.3,-,-,-,3,1,338,333,98.5,,5,4,1,,,,,,,,,,,,114,113,99.1,,,,,1,1,,,,,54,49,64.02,T,T,T,T,FALSE,T,FALSE,T
Actin,Actin-A5,CTYZ_00004034,Fwd,0.03,381,22,"103,138","103,159",GCCAAAGAAGTGAGCTCCTTTG,50,60.0,-,24.8,-,3,1,338,333,98.5,,5,4,1,,,,,,,,,,,,114,113,99.1,,,,,1,1,,,,,55,50,64.49,T,T,T,T,FALSE,T,FALSE,FALSE
Actin,Actin-A6,CTYZ_00004034,Fwd,0.03,157,21,"103,141","103,161",AGGAGCTCACTTCTTTGGCTC,52.4,60.0,38.3,9.3,-,3,1,112,112,100,,0,0,0,,,,,,,,,,,,38,38,100.0,,,,,0,0,,,,,54,49,64.63,T,T,T,T,FALSE,FALSE,FALSE,FALSE
Actin,Actin-A6,CTYZ_00004034,Fwd,0.03,157,24,"103,274","103,297",GGACCAGATTCGTCATACTCTTCC,50,60.5,31.6,-,-,3,1,112,112,100,,0,0,0,,,,,,,,,,,,38,38,100.0,,,,,0,0,,,,,57,52,65.37,T,T,T,T,FALSE,T,T,T
Actin,Actin-B1,CTYZ_00003679,Fwd,1,164,22,"231,842","231,863",GCATAGTAATCGACTGCGGATC,50,59.1,39.4,-,-,3,1,122,120,98.4,,2,2,0,,,,,,,,,,,,42,42,100.0,,,,,0,0,,,,,55,50,63.47,T,T,T,T,FALSE,T,FALSE,T
Actin,Actin-B1,CTYZ_00003679,Fwd,1,164,20,"231,986","232,005",TTGCGCAATTGCTTCCTCTC,50,59.5,39.3,21.9,-,3,1,122,120,98.4,,2,2,0,,,,,,,,,,,,42,42,100.0,,,,,0,0,,,,,52,47,63.79,T,T,T,T,FALSE,T,FALSE,FALSE
Actin,Actin-B2,CTYZ_00003679,Fwd,1,377,20,"231,898","231,917",AGCCCAACATGCATTTTCCC,50,59.4,-,-,-,3,1,335,332,99.1,,3,3,0,,,,,,,,,,,,113,113,100.0,,,,,0,0,,,,,52,47,64.13,T,T,T,T,FALSE,T,FALSE,T
Actin,Actin-B2,CTYZ_00003679,Fwd,1,377,22,"232,253","232,274",ACTCCTGTTGTTCTACCTGCAC,50,60.2,-,-,-,3,1,335,332,99.1,,3,3,0,,,,,,,,,,,,113,113,100.0,,,,,0,0,,,,,55,50,65.04,T,T,T,T,FALSE,T,FALSE,T
Actin,Actin-B3,CTYZ_00003679,Fwd,1,253,22,"232,252","232,273",AGTGCAGGTAGAACAACAGGAG,50,60.0,-,-,-,3,1,212,209,98.6,,3,2,1,,,,,,,,,,,,71,70,98.6,,,,,1,1,,,,,55,50,64.79,T,T,T,T,FALSE,T,T,T
Actin,Actin-B3,CTYZ_00003679,Fwd,1,253,19,"232,486","232,504",CATTTTCCGCTGCAGGGTC,57.9,59.5,-,21.9,-,3,1,212,209,98.6,,3,2,1,,,,,,,,,,,,71,70,98.6,,,,,1,1,,,,,53,48,64.20,T,T,T,T,FALSE,FALSE,FALSE,T
Actin,Actin-B4,CTYZ_00003679,Fwd,1,283,22,"232,336","232,357",TCCAGCTCTCTAAAAAGGGCAG,50,60.0,-,-,-,3,1,238,235,98.7,,3,3,0,,,,,,,,,,,,80,80,100.0,,,,,0,0,,,,,55,50,64.60,T,T,T,T,FALSE,FALSE,FALSE,T
Actin,Actin-B4,CTYZ_00003679,Fwd,1,283,23,"232,596","232,618",CCTCAGGAGCATAGAACCTTTCC,52.2,60.4,-,-,-,3,1,238,235,98.7,,3,3,0,,,,,,,,,,,,80,80,100.0,,,,,0,0,,,,,57,52,65.18,T,T,T,T,FALSE,T,T,T
Actin,Actin-B5,CTYZ_00003679,Fwd,1,185,20,"232,485","232,504",AGACCCTGCAGCGGAAAATG,55,61.0,-,23.2,-,3,1,143,142,99.3,,1,1,0,,,,,,,,,,,,48,48,100.0,,,,,0,0,,,,,54,49,65.65,T,T,T,T,FALSE,T,T,T
Actin,Actin-B5,CTYZ_00003679,Fwd,1,185,22,"232,648","232,669",GTTCGTGAACTGGCTGTACATC,50,59.6,38.3,5.5,-,3,1,143,142,99.3,,1,1,0,,,,,,,,,,,,48,48,100.0,,,,,0,0,,,,,55,50,64.26,T,T,T,T,FALSE,T,FALSE,T
Actin,Actin-B6,CTYZ_00003679,Fwd,1,256,23,"232,596","232,618",GGAAAGGTTCTATGCTCCTGAGG,52.2,60.4,-,-,10.2,3,1,212,208,98.1,,4,4,0,,,,,,,,,,,,71,71,100.0,,,,,0,0,,,,,57,52,65.18,T,T,T,T,FALSE,T,T,T
Actin,Actin-B6,CTYZ_00003679,Fwd,1,256,21,"232,831","232,851",ACGATCGTCAGCAGGAGTAAC,52.4,59.9,-,20.5,10.2,3,1,212,208,98.1,,4,4,0,,,,,,,,,,,,71,71,100.0,,,,,0,0,,,,,54,49,64.69,T,T,T,T,FALSE,T,FALSE,FALSE
Actin,Actin-B7,CTYZ_00003679,Fwd,1,270,21,"232,834","232,854",ACTCCTGCTGACGATCGTAAC,52.4,59.9,-,13.8,-,3,1,227,220,96.9,5,2,1,1,,,,,,,,,,,,47,46,97.9,,,,,1,1,,,,,54,49,64.69,T,T,T,T,FALSE,T,FALSE,FALSE
Actin,Actin-B7,CTYZ_00003679,Fwd,1,270,22,"233,082","233,103",GCTGACCGCGTAAAATATGTGC,50,60.9,-,-,-,3,1,227,220,96.9,5,2,1,1,,,,,,,,,,,,47,46,97.9,,,,,1,1,,,,,55,50,64.92,T,T,T,T,FALSE,T,T,T
Actin,Actin-B8,CTYZ_00003679,Fwd,1,173,22,"233,050","233,071",ACCGTGTAATAGTTTCTGGCCC,50,60.4,-,-,14.9,4,1,131,123,93.9,6,0,0,0,,2,,,,2,,,,2,,0,0,0.0,,,,,0,0,,,,,55,50,65.19,T,T,T,T,FALSE,FALSE,T,T
Actin,Actin-B8,CTYZ_00003679,Fwd,1,173,22,"233,201","233,222",CGTTTTGGCGGGAATGTTACAC,50,60.9,-,-,14.9,4,1,131,123,93.9,6,0,0,0,,2,,,,2,,,,2,,0,0,0.0,,,,,0,0,,,,,55,50,65.59,T,T,T,T,FALSE,T,T,T
Actin,Actin-C1,CTYZ_00003405,Rev,5,251,20,"515,089","515,108",TCATTCTTGCCAAGCCTCCC,55,60.3,-,-,-,3,1,209,207,99,1,1,1,0,,,,,,,,,,,,35,35,100.0,,,,,0,0,,,,,54,49,65.09,T,T,T,T,FALSE,FALSE,T,FALSE
Actin,Actin-C1,CTYZ_00003405,Rev,5,251,22,"515,318","515,339",CGATAGAAACCTGTTGCCTTGG,50,59.6,39.8,-,-,3,1,209,207,99,1,1,1,0,,,,,,,,,,,,35,35,100.0,,,,,0,0,,,,,55,50,64.32,T,T,T,T,FALSE,T,T,T
Actin,Actin-C2,CTYZ_00003405,Rev,5,142,22,"515,306","515,327",AGATCCTCCAATCCAAGGCAAC,50,60.4,32.4,-,17.8,3,1,98,97,99,,1,1,0,,,,,,,,,,,,33,33,100.0,,,,,0,0,,,,,55,50,65.25,T,T,T,T,FALSE,T,FALSE,T
Actin,Actin-C2,CTYZ_00003405,Rev,5,142,22,"515,426","515,447",AGTATTAGCTGGAGGGTCAACC,50,59.2,40.7,-,17.8,3,1,98,97,99,,1,1,0,,,,,,,,,,,,33,33,100.0,,,,,0,0,,,,,55,50,64.12,T,T,T,T,FALSE,T,T,T
Actin,Actin-C3,CTYZ_00003405,Rev,5,252,22,"515,397","515,418",AGAAGTCGATCTCCAAGTCCTG,50,59.2,-,-,0.8,3,1,208,203,97.6,,5,5,0,,,,,,,,,,,,70,70,100.0,,,,,0,0,,,,,55,50,64.35,T,T,T,T,FALSE,T,T,T
Actin,Actin-C3,CTYZ_00003405,Rev,5,252,22,"515,627","515,648",CGGTAATAGAGTAGCTTCGGGC,54.5,60.4,42.2,-,0.8,3,1,208,203,97.6,,5,5,0,,,,,,,,,,,,70,70,100.0,,,,,0,0,,,,,57,52,64.79,T,T,T,T,FALSE,FALSE,T,T
Actin,Actin-C4,CTYZ_00003405,Rev,5,259,22,"515,548","515,569",GCTGGAAAAGAAGTTCTGGTGC,50,60.3,-,2.4,-,3,1,215,213,99.1,,2,1,1,,,,,,,,,,,,72,71,98.6,,,,,1,1,,,,,55,50,64.74,T,T,T,T,FALSE,FALSE,FALSE,FALSE
Actin,Actin-C4,CTYZ_00003405,Rev,5,259,22,"515,785","515,806",CAGCTTAGAATTGCAGGGACAG,50,59.3,-,-,-,3,1,215,213,99.1,,2,1,1,,,,,,,,,,,,72,71,98.6,,,,,1,1,,,,,55,50,63.80,T,T,T,T,FALSE,T,FALSE,T
Actin,Actin-C5,CTYZ_00003405,Rev,5,252,22,"515,669","515,690",GGTTGAATTCCCCACTTGGTTC,50,59.7,-,6.4,9.8,3,1,208,207,99.5,,1,1,0,,,,,,,,,,,,70,70,100.0,,,,,0,0,,,,,55,50,64.81,T,T,T,T,FALSE,T,FALSE,T
Actin,Actin-C5,CTYZ_00003405,Rev,5,252,22,"515,899","515,920",GATAGTGGGGATGGAGTGACTC,54.5,59.4,-,3.5,9.8,3,1,208,207,99.5,,1,1,0,,,,,,,,,,,,70,70,100.0,,,,,0,0,,,,,57,52,64.50,T,T,T,T,FALSE,T,FALSE,FALSE
Actin,Actin-C6,CTYZ_00003405,Rev,5,250,21,"515,888","515,908",TGGTACAGCATGAGTCACTCC,52.4,59.4,-,1.2,10.9,3,1,207,203,98.1,,4,4,0,,,,,,,,,,,,69,69,100.0,,,,,0,0,,,,,54,49,64.37,T,T,T,T,FALSE,T,FALSE,FALSE
Actin,Actin-C6,CTYZ_00003405,Rev,5,250,22,"516,116","516,137",TGATATGGAAGCTCTCTGGACC,50,59.0,-,-,10.9,3,1,207,203,98.1,,4,4,0,,,,,,,,,,,,69,69,100.0,,,,,0,0,,,,,55,50,63.91,T,T,T,T,FALSE,FALSE,T,T
Actin,Actin-C7,CTYZ_00003405,Rev,5,250,22,"516,072","516,093",ACTGGATGATCCTCCGATGAAG,50,59.4,39.9,5.2,8.1,3,1,206,205,99.5,,1,1,0,,,,,,,,,,,,70,70,100.0,,,,,0,0,,,,,55,50,64.51,T,T,T,T,FALSE,T,FALSE,T
Actin,Actin-C7,CTYZ_00003405,Rev,5,250,22,"516,300","516,321",GTGGATTTGCAGGAGAAGAAGC,50,59.8,-,-,8.1,3,1,206,205,99.5,,1,1,0,,,,,,,,,,,,70,70,100.0,,,,,0,0,,,,,55,50,64.30,T,T,T,T,FALSE,T,T,T
Actin,Actin-D1,CTYZ_00000116,Fwd,8,"1,136",20,"268,319","268,338",AAAGTAGTTGGCGCCGTTTG,50,59.7,-,13.3,-,3,1,1097,1084,98.8,,13,9,4,,,,,,,,,,,,308,304,98.7,,,,,4,4,,,,,52,47,64.23,T,T,T,T,FALSE,T,T,T
Actin,Actin-D1,CTYZ_00000116,Fwd,8,"1,136",19,"269,436","269,454",ACCTGGTACGGATGCAAGC,57.9,60.1,36.3,-,-,3,1,1097,1084,98.8,,13,9,4,,,,,,,,,,,,308,304,98.7,,,,,4,4,,,,,53,48,64.87,T,T,T,T,FALSE,T,T,T
Actin,Actin-D2,CTYZ_00000116,Fwd,8,268,22,"269,437","269,458",CTTGCATCCGTACCAGGTTTTG,50,60.1,-,-,-,3,1,226,223,98.7,,3,1,2,,,,,,,,,,,,74,72,97.3,,,,,2,2,,,,,55,50,64.82,T,T,T,T,FALSE,T,T,T
Actin,Actin-D2,CTYZ_00000116,Fwd,8,268,20,"269,685","269,704",GCATGCACCACGTAATTGGC,55,60.8,40.8,14.2,-,3,1,226,223,98.7,,3,1,2,,,,,,,,,,,,74,72,97.3,,,,,2,2,,,,,54,49,65.05,T,T,T,T,FALSE,T,FALSE,T
Actin,Actin-E1,CTYZ_00000239,Fwd,8,286,20,"566,484","566,503",GGCGCCAAAATCTCGGTATG,55,59.7,-,24.8,-,3,1,245,239,97.6,1,4,2,2,,1,,,,1,,,,1,,61,59,96.7,,,,,2,2,,,,,54,49,64.27,T,T,T,T,FALSE,T,FALSE,T
Actin,Actin-E1,CTYZ_00000239,Fwd,8,286,21,"566,749","566,769",GGCTCCACCGATACATCTTCC,57.1,60.3,-,-,-,3,1,245,239,97.6,1,4,2,2,,1,,,,1,,,,1,,61,59,96.7,,,,,2,2,,,,,56,51,65.15,T,T,T,T,FALSE,T,T,T
Actin,Actin-E2,CTYZ_00000239,Fwd,8,251,22,"566,663","566,684",GATTGCCCAAGACAAGTTTGGC,50,60.9,37.8,5.7,-,3,1,207,200,96.6,,7,5,2,,,,,,,,,,,,70,68,97.1,,,,,2,2,,,,,55,50,65.33,T,T,T,T,FALSE,T,T,T
Actin,Actin-E2,CTYZ_00000239,Fwd,8,251,22,"566,892","566,913",CTATTATGCTTGGACGGTTCCG,50,59.2,46.4,9.8,-,3,1,207,200,96.6,,7,5,2,,,,,,,,,,,,70,68,97.1,,,,,2,2,,,,,55,50,63.91,T,T,T,T,FALSE,T,T,T
Actin,Actin-E3,CTYZ_00000239,Fwd,8,258,22,"566,892","566,913",CGGAACCGTCCAAGCATAATAG,50,59.2,45.3,5.0,-,3,1,216,215,99.5,,1,1,0,,,,,,,,,,,,73,73,100.0,,,,,0,0,,,,,55,50,63.91,T,T,T,T,FALSE,T,T,T
Actin,Actin-E3,CTYZ_00000239,Fwd,8,258,20,"567,130","567,149",GCCTGGCAATTTGGTCATCC,55,59.8,-,15.2,-,3,1,216,215,99.5,,1,1,0,,,,,,,,,,,,73,73,100.0,,,,,0,0,,,,,54,49,64.50,T,T,T,T,FALSE,T,T,T
Actin,Actin-E4,CTYZ_00000239,Fwd,8,218,21,"567,128","567,148",CTGGATGACCAAATTGCCAGG,52.4,59.5,46.3,8.2,0.1,3,1,177,175,98.9,,2,2,0,,,,,,,,,,,,59,59,100.0,,,,,0,0,,,,,54,49,64.42,T,T,T,T,FALSE,FALSE,T,T
Actin,Actin-E4,CTYZ_00000239,Fwd,8,218,20,"567,326","567,345",GCAATCTCTTCGTGCTCAGC,55,59.6,35.4,-,0.1,3,1,177,175,98.9,,2,2,0,,,,,,,,,,,,59,59,100.0,,,,,0,0,,,,,54,49,63.87,T,T,T,T,FALSE,T,T,T
Actin,Actin-E5,CTYZ_00000239,Fwd,8,195,20,"567,325","567,344",CGCTGAGCACGAAGAGATTG,55,59.4,-,4.9,-,3,1,152,150,98.7,,2,2,0,,,,,,,,,,,,51,51,100.0,,,,,0,0,,,,,54,49,63.87,T,T,T,T,FALSE,T,T,T
Actin,Actin-E5,CTYZ_00000239,Fwd,8,195,23,"567,497","567,519",GCAGAACATAGTCCTGGGAATCC,52.2,60.7,-,-,-,3,1,152,150,98.7,,2,2,0,,,,,,,,,,,,51,51,100.0,,,,,0,0,,,,,57,52,65.48,T,T,T,T,FALSE,T,T,T
Actin,Actin-E6,CTYZ_00000239,Fwd,8,279,23,"567,497","567,519",GGATTCCCAGGACTATGTTCTGC,52.2,60.7,37.8,-,3.8,3,1,235,232,98.7,,3,3,0,,,,,,,,,,,,79,79,100.0,,,,,0,0,,,,,57,52,65.48,T,T,T,T,FALSE,T,T,T
Actin,Actin-E6,CTYZ_00000239,Fwd,8,279,21,"567,755","567,775",CCACATTTGCTGGAAGGAACC,52.4,59.7,-,-,3.8,3,1,235,232,98.7,,3,3,0,,,,,,,,,,,,79,79,100.0,,,,,0,0,,,,,54,49,64.62,T,T,T,T,FALSE,T,T,T
Actin,Actin-E7,CTYZ_00000239,Fwd,8,211,20,"567,605","567,624",ATTCCAGGTTTGGCTGACCG,55,60.6,44.6,1.2,-,3,1,170,166,97.6,,4,4,0,,,,,,,,,,,,58,58,100.0,,,,,0,0,,,,,54,49,65.65,T,T,T,T,FALSE,FALSE,T,T
Actin,Actin-E7,CTYZ_00000239,Fwd,8,211,21,"567,795","567,815",CCAATTTGGCTCCATGTTCGG,52.4,60.1,-,1.7,-,3,1,170,166,97.6,,4,4,0,,,,,,,,,,,,58,58,100.0,,,,,0,0,,,,,54,49,64.99,T,T,T,T,FALSE,T,FALSE,FALSE